"study","n","strength","method","p_value"
"size",300,0,"ordpp linear",0.225
"size",300,0,"PCA, equal scores",0.1
"size",300,0,"Polychoric PCA",0.13
"size",300,0,"ordpp item",0.62
"size",300,0,"Gifi princals",0.855
"size",300,0,"ordpp linear",0.46
"size",300,0,"PCA, equal scores",0.725
"size",300,0,"Polychoric PCA",0.695
"size",300,0,"ordpp item",0.695
"size",300,0,"Gifi princals",0.735
"size",300,0,"ordpp linear",0.805
"size",300,0,"PCA, equal scores",0.705
"size",300,0,"Polychoric PCA",0.725
"size",300,0,"ordpp item",0.925
"size",300,0,"Gifi princals",0.145
"size",300,0,"ordpp linear",0.26
"size",300,0,"PCA, equal scores",0.02
"size",300,0,"Polychoric PCA",0.035
"size",300,0,"ordpp item",0.79
"size",300,0,"Gifi princals",0.085
"size",300,0,"ordpp linear",0.17
"size",300,0,"PCA, equal scores",0.485
"size",300,0,"Polychoric PCA",0.365
"size",300,0,"ordpp item",0.71
"size",300,0,"Gifi princals",0.2
"size",300,0,"ordpp linear",0.97
"size",300,0,"PCA, equal scores",0.895
"size",300,0,"Polychoric PCA",0.87
"size",300,0,"ordpp item",0.305
"size",300,0,"Gifi princals",0.415
"size",300,0,"ordpp linear",0.71
"size",300,0,"PCA, equal scores",0.4
"size",300,0,"Polychoric PCA",0.635
"size",300,0,"ordpp item",0.21
"size",300,0,"Gifi princals",0.505
"size",300,0,"ordpp linear",1
"size",300,0,"PCA, equal scores",0.4
"size",300,0,"Polychoric PCA",0.48
"size",300,0,"ordpp item",0.895
"size",300,0,"Gifi princals",0.81
"size",300,0,"ordpp linear",0.21
"size",300,0,"PCA, equal scores",0.6
"size",300,0,"Polychoric PCA",0.8
"size",300,0,"ordpp item",0.225
"size",300,0,"Gifi princals",0.54
"size",300,0,"ordpp linear",0.77
"size",300,0,"PCA, equal scores",0.43
"size",300,0,"Polychoric PCA",0.415
"size",300,0,"ordpp item",0.495
"size",300,0,"Gifi princals",0.14
"size",300,0,"ordpp linear",0.81
"size",300,0,"PCA, equal scores",0.205
"size",300,0,"Polychoric PCA",0.31
"size",300,0,"ordpp item",0.695
"size",300,0,"Gifi princals",0.155
"size",300,0,"ordpp linear",0.81
"size",300,0,"PCA, equal scores",0.97
"size",300,0,"Polychoric PCA",0.965
"size",300,0,"ordpp item",0.66
"size",300,0,"Gifi princals",0.985
"size",300,0,"ordpp linear",0.55
"size",300,0,"PCA, equal scores",0.235
"size",300,0,"Polychoric PCA",0.29
"size",300,0,"ordpp item",0.655
"size",300,0,"Gifi princals",0.66
"size",300,0,"ordpp linear",0.515
"size",300,0,"PCA, equal scores",0.735
"size",300,0,"Polychoric PCA",0.61
"size",300,0,"ordpp item",0.405
"size",300,0,"Gifi princals",0.53
"size",300,0,"ordpp linear",0.745
"size",300,0,"PCA, equal scores",0.685
"size",300,0,"Polychoric PCA",0.92
"size",300,0,"ordpp item",0.74
"size",300,0,"Gifi princals",0.17
"size",300,0,"ordpp linear",0.335
"size",300,0,"PCA, equal scores",0.34
"size",300,0,"Polychoric PCA",0.305
"size",300,0,"ordpp item",0.335
"size",300,0,"Gifi princals",0.97
"size",300,0,"ordpp linear",0.635
"size",300,0,"PCA, equal scores",0.565
"size",300,0,"Polychoric PCA",0.465
"size",300,0,"ordpp item",0.615
"size",300,0,"Gifi princals",0.435
"size",300,0,"ordpp linear",0.96
"size",300,0,"PCA, equal scores",0.42
"size",300,0,"Polychoric PCA",0.22
"size",300,0,"ordpp item",0.38
"size",300,0,"Gifi princals",0.895
"size",300,0,"ordpp linear",0.225
"size",300,0,"PCA, equal scores",0.395
"size",300,0,"Polychoric PCA",0.295
"size",300,0,"ordpp item",0.38
"size",300,0,"Gifi princals",0.735
"size",300,0,"ordpp linear",0.2
"size",300,0,"PCA, equal scores",0.71
"size",300,0,"Polychoric PCA",0.505
"size",300,0,"ordpp item",0.23
"size",300,0,"Gifi princals",0.66
"size",300,0,"ordpp linear",0.145
"size",300,0,"PCA, equal scores",0.505
"size",300,0,"Polychoric PCA",0.54
"size",300,0,"ordpp item",0.82
"size",300,0,"Gifi princals",0.88
"size",300,0,"ordpp linear",0.425
"size",300,0,"PCA, equal scores",0.63
"size",300,0,"Polychoric PCA",0.935
"size",300,0,"ordpp item",0.255
"size",300,0,"Gifi princals",0.285
"size",300,0,"ordpp linear",0.23
"size",300,0,"PCA, equal scores",0.31
"size",300,0,"Polychoric PCA",0.835
"size",300,0,"ordpp item",0.67
"size",300,0,"Gifi princals",0.385
"size",300,0,"ordpp linear",0.54
"size",300,0,"PCA, equal scores",0.07
"size",300,0,"Polychoric PCA",0.1
"size",300,0,"ordpp item",0.22
"size",300,0,"Gifi princals",0.115
"size",300,0,"ordpp linear",0.13
"size",300,0,"PCA, equal scores",0.335
"size",300,0,"Polychoric PCA",0.21
"size",300,0,"ordpp item",0.45
"size",300,0,"Gifi princals",0.365
"size",300,0,"ordpp linear",0.765
"size",300,0,"PCA, equal scores",0.03
"size",300,0,"Polychoric PCA",0.02
"size",300,0,"ordpp item",0.24
"size",300,0,"Gifi princals",0.08
"size",300,0,"ordpp linear",0.19
"size",300,0,"PCA, equal scores",0.09
"size",300,0,"Polychoric PCA",0.055
"size",300,0,"ordpp item",0.075
"size",300,0,"Gifi princals",0.24
"size",300,0,"ordpp linear",0.695
"size",300,0,"PCA, equal scores",0.845
"size",300,0,"Polychoric PCA",0.71
"size",300,0,"ordpp item",0.72
"size",300,0,"Gifi princals",0.035
"size",300,0,"ordpp linear",0.545
"size",300,0,"PCA, equal scores",0.72
"size",300,0,"Polychoric PCA",0.945
"size",300,0,"ordpp item",0.935
"size",300,0,"Gifi princals",0.925
"size",300,0,"ordpp linear",0.61
"size",300,0,"PCA, equal scores",0.825
"size",300,0,"Polychoric PCA",0.895
"size",300,0,"ordpp item",0.95
"size",300,0,"Gifi princals",0.15
"size",300,0,"ordpp linear",0.825
"size",300,0,"PCA, equal scores",0.85
"size",300,0,"Polychoric PCA",0.895
"size",300,0,"ordpp item",0.845
"size",300,0,"Gifi princals",0.635
"size",300,0,"ordpp linear",0.04
"size",300,0,"PCA, equal scores",0.29
"size",300,0,"Polychoric PCA",0.25
"size",300,0,"ordpp item",0.11
"size",300,0,"Gifi princals",0.545
"size",300,0,"ordpp linear",0.6
"size",300,0,"PCA, equal scores",0.155
"size",300,0,"Polychoric PCA",0.33
"size",300,0,"ordpp item",0.5
"size",300,0,"Gifi princals",0.29
"size",300,0,"ordpp linear",0.215
"size",300,0,"PCA, equal scores",0.265
"size",300,0,"Polychoric PCA",0.03
"size",300,0,"ordpp item",0.25
"size",300,0,"Gifi princals",0.635
"size",300,0,"ordpp linear",0.785
"size",300,0,"PCA, equal scores",0.82
"size",300,0,"Polychoric PCA",0.955
"size",300,0,"ordpp item",0.41
"size",300,0,"Gifi princals",0.485
"size",300,0,"ordpp linear",0.24
"size",300,0,"PCA, equal scores",0.495
"size",300,0,"Polychoric PCA",0.495
"size",300,0,"ordpp item",0.265
"size",300,0,"Gifi princals",0.285
"size",300,0,"ordpp linear",0.11
"size",300,0,"PCA, equal scores",0.04
"size",300,0,"Polychoric PCA",0.02
"size",300,0,"ordpp item",0.095
"size",300,0,"Gifi princals",0.97
"size",300,0,"ordpp linear",0.195
"size",300,0,"PCA, equal scores",0.895
"size",300,0,"Polychoric PCA",0.835
"size",300,0,"ordpp item",0.15
"size",300,0,"Gifi princals",0.89
"size",300,0,"ordpp linear",0.955
"size",300,0,"PCA, equal scores",0.58
"size",300,0,"Polychoric PCA",0.57
"size",300,0,"ordpp item",0.6
"size",300,0,"Gifi princals",0.62
"size",300,0,"ordpp linear",0.565
"size",300,0,"PCA, equal scores",0.275
"size",300,0,"Polychoric PCA",0.23
"size",300,0,"ordpp item",0.93
"size",300,0,"Gifi princals",0.46
"size",300,0,"ordpp linear",0.12
"size",300,0,"PCA, equal scores",0.12
"size",300,0,"Polychoric PCA",0.135
"size",300,0,"ordpp item",0.15
"size",300,0,"Gifi princals",0.01
"size",300,0,"ordpp linear",0.87
"size",300,0,"PCA, equal scores",0.74
"size",300,0,"Polychoric PCA",0.605
"size",300,0,"ordpp item",0.395
"size",300,0,"Gifi princals",0.47
"size",300,0,"ordpp linear",0.985
"size",300,0,"PCA, equal scores",0.615
"size",300,0,"Polychoric PCA",0.97
"size",300,0,"ordpp item",0.87
"size",300,0,"Gifi princals",0.32
"size",300,0,"ordpp linear",0.32
"size",300,0,"PCA, equal scores",0.82
"size",300,0,"Polychoric PCA",0.805
"size",300,0,"ordpp item",0.77
"size",300,0,"Gifi princals",0.59
"size",300,0,"ordpp linear",0.045
"size",300,0,"PCA, equal scores",0.04
"size",300,0,"Polychoric PCA",0.025
"size",300,0,"ordpp item",0.05
"size",300,0,"Gifi princals",0.16
"size",300,0,"ordpp linear",0.4
"size",300,0,"PCA, equal scores",0.855
"size",300,0,"Polychoric PCA",0.67
"size",300,0,"ordpp item",0.475
"size",300,0,"Gifi princals",0.1
"size",300,0,"ordpp linear",0.08
"size",300,0,"PCA, equal scores",0.365
"size",300,0,"Polychoric PCA",0.41
"size",300,0,"ordpp item",0.24
"size",300,0,"Gifi princals",0.38
"size",300,0,"ordpp linear",0.77
"size",300,0,"PCA, equal scores",0.56
"size",300,0,"Polychoric PCA",0.66
"size",300,0,"ordpp item",0.71
"size",300,0,"Gifi princals",0.44
"size",300,0,"ordpp linear",0.64
"size",300,0,"PCA, equal scores",0.25
"size",300,0,"Polychoric PCA",0.32
"size",300,0,"ordpp item",0.575
"size",300,0,"Gifi princals",0.575
"size",300,0,"ordpp linear",0.675
"size",300,0,"PCA, equal scores",0.51
"size",300,0,"Polychoric PCA",0.67
"size",300,0,"ordpp item",0.945
"size",300,0,"Gifi princals",0.705
"size",300,0,"ordpp linear",0.85
"size",300,0,"PCA, equal scores",0.88
"size",300,0,"Polychoric PCA",0.945
"size",300,0,"ordpp item",0.46
"size",300,0,"Gifi princals",0.225
"size",300,0,"ordpp linear",0.655
"size",300,0,"PCA, equal scores",0.34
"size",300,0,"Polychoric PCA",0.41
"size",300,0,"ordpp item",1
"size",300,0,"Gifi princals",0.915
"size",300,0,"ordpp linear",0.955
"size",300,0,"PCA, equal scores",0.92
"size",300,0,"Polychoric PCA",0.88
"size",300,0,"ordpp item",0.215
"size",300,0,"Gifi princals",0.845
"size",300,0,"ordpp linear",0.715
"size",300,0,"PCA, equal scores",0.51
"size",300,0,"Polychoric PCA",0.635
"size",300,0,"ordpp item",0.71
"size",300,0,"Gifi princals",0.885
"size",300,0,"ordpp linear",0.515
"size",300,0,"PCA, equal scores",0.33
"size",300,0,"Polychoric PCA",0.23
"size",300,0,"ordpp item",0.835
"size",300,0,"Gifi princals",0.945
"size",300,0,"ordpp linear",0.16
"size",300,0,"PCA, equal scores",0.55
"size",300,0,"Polychoric PCA",0.545
"size",300,0,"ordpp item",0.16
"size",300,0,"Gifi princals",0.315
"size",300,0,"ordpp linear",0.605
"size",300,0,"PCA, equal scores",0.88
"size",300,0,"Polychoric PCA",0.635
"size",300,0,"ordpp item",1
"size",300,0,"Gifi princals",0.73
"size",300,0,"ordpp linear",0.37
"size",300,0,"PCA, equal scores",0.27
"size",300,0,"Polychoric PCA",0.255
"size",300,0,"ordpp item",0.885
"size",300,0,"Gifi princals",0.625
"size",300,0,"ordpp linear",0.235
"size",300,0,"PCA, equal scores",0.33
"size",300,0,"Polychoric PCA",0.35
"size",300,0,"ordpp item",0.345
"size",300,0,"Gifi princals",0.25
"size",300,0,"ordpp linear",0.31
"size",300,0,"PCA, equal scores",0.62
"size",300,0,"Polychoric PCA",0.465
"size",300,0,"ordpp item",0.825
"size",300,0,"Gifi princals",0.57
"size",300,0,"ordpp linear",0.315
"size",300,0,"PCA, equal scores",0.94
"size",300,0,"Polychoric PCA",0.14
"size",300,0,"ordpp item",0.8
"size",300,0,"Gifi princals",0.575
"size",300,0,"ordpp linear",0.475
"size",300,0,"PCA, equal scores",0.325
"size",300,0,"Polychoric PCA",0.35
"size",300,0,"ordpp item",0.675
"size",300,0,"Gifi princals",0.02
"size",300,0,"ordpp linear",0.12
"size",300,0,"PCA, equal scores",0.81
"size",300,0,"Polychoric PCA",0.825
"size",300,0,"ordpp item",0.395
"size",300,0,"Gifi princals",0.16
"size",300,0,"ordpp linear",0.245
"size",300,0,"PCA, equal scores",0.155
"size",300,0,"Polychoric PCA",0.1
"size",300,0,"ordpp item",0.745
"size",300,0,"Gifi princals",0.415
"size",300,0,"ordpp linear",0.33
"size",300,0,"PCA, equal scores",0.37
"size",300,0,"Polychoric PCA",0.455
"size",300,0,"ordpp item",0.835
"size",300,0,"Gifi princals",0.335
"size",300,0,"ordpp linear",0.21
"size",300,0,"PCA, equal scores",0.505
"size",300,0,"Polychoric PCA",0.53
"size",300,0,"ordpp item",0.8
"size",300,0,"Gifi princals",0.045
"size",300,0,"ordpp linear",0.25
"size",300,0,"PCA, equal scores",0.345
"size",300,0,"Polychoric PCA",0.37
"size",300,0,"ordpp item",0.235
"size",300,0,"Gifi princals",0.64
"size",300,0,"ordpp linear",0.385
"size",300,0,"PCA, equal scores",0.045
"size",300,0,"Polychoric PCA",0.04
"size",300,0,"ordpp item",0.35
"size",300,0,"Gifi princals",0.195
"size",300,0,"ordpp linear",0.71
"size",300,0,"PCA, equal scores",0.45
"size",300,0,"Polychoric PCA",0.63
"size",300,0,"ordpp item",0.645
"size",300,0,"Gifi princals",0.625
"size",300,0,"ordpp linear",0.645
"size",300,0,"PCA, equal scores",0.285
"size",300,0,"Polychoric PCA",0.21
"size",300,0,"ordpp item",0.14
"size",300,0,"Gifi princals",0.63
"size",300,0,"ordpp linear",0.225
"size",300,0,"PCA, equal scores",0.86
"size",300,0,"Polychoric PCA",0.785
"size",300,0,"ordpp item",0.52
"size",300,0,"Gifi princals",0.885
"size",300,0,"ordpp linear",0.17
"size",300,0,"PCA, equal scores",0.705
"size",300,0,"Polychoric PCA",0.77
"size",300,0,"ordpp item",0.155
"size",300,0,"Gifi princals",0.555
"size",300,0,"ordpp linear",0.54
"size",300,0,"PCA, equal scores",0.365
"size",300,0,"Polychoric PCA",0.405
"size",300,0,"ordpp item",0.455
"size",300,0,"Gifi princals",0.975
"size",300,0,"ordpp linear",0.08
"size",300,0,"PCA, equal scores",0.675
"size",300,0,"Polychoric PCA",0.42
"size",300,0,"ordpp item",0.81
"size",300,0,"Gifi princals",0.71
"size",300,0,"ordpp linear",0.96
"size",300,0,"PCA, equal scores",0.045
"size",300,0,"Polychoric PCA",0.05
"size",300,0,"ordpp item",0.225
"size",300,0,"Gifi princals",0.44
"size",300,0,"ordpp linear",0.705
"size",300,0,"PCA, equal scores",1
"size",300,0,"Polychoric PCA",0.865
"size",300,0,"ordpp item",0.73
"size",300,0,"Gifi princals",0.95
"size",300,0,"ordpp linear",0.99
"size",300,0,"PCA, equal scores",0.125
"size",300,0,"Polychoric PCA",0.04
"size",300,0,"ordpp item",0.505
"size",300,0,"Gifi princals",0.355
"size",300,0,"ordpp linear",0.815
"size",300,0,"PCA, equal scores",0.75
"size",300,0,"Polychoric PCA",0.785
"size",300,0,"ordpp item",0.91
"size",300,0,"Gifi princals",0.405
"size",300,0,"ordpp linear",0.475
"size",300,0,"PCA, equal scores",0.285
"size",300,0,"Polychoric PCA",0.285
"size",300,0,"ordpp item",0.255
"size",300,0,"Gifi princals",0.21
"size",300,0,"ordpp linear",0.16
"size",300,0,"PCA, equal scores",0.325
"size",300,0,"Polychoric PCA",0.5
"size",300,0,"ordpp item",0.305
"size",300,0,"Gifi princals",0.145
"size",300,0,"ordpp linear",0.96
"size",300,0,"PCA, equal scores",0.65
"size",300,0,"Polychoric PCA",0.87
"size",300,0,"ordpp item",0.665
"size",300,0,"Gifi princals",0.59
"size",300,0,"ordpp linear",0.575
"size",300,0,"PCA, equal scores",0.62
"size",300,0,"Polychoric PCA",0.705
"size",300,0,"ordpp item",0.635
"size",300,0,"Gifi princals",0.535
"size",300,0,"ordpp linear",0.96
"size",300,0,"PCA, equal scores",0.775
"size",300,0,"Polychoric PCA",0.835
"size",300,0,"ordpp item",0.595
"size",300,0,"Gifi princals",0.045
"size",300,0,"ordpp linear",0.82
"size",300,0,"PCA, equal scores",0.76
"size",300,0,"Polychoric PCA",0.81
"size",300,0,"ordpp item",0.59
"size",300,0,"Gifi princals",0.04
"size",300,0,"ordpp linear",1
"size",300,0,"PCA, equal scores",0.535
"size",300,0,"Polychoric PCA",0.555
"size",300,0,"ordpp item",0.825
"size",300,0,"Gifi princals",0.16
"size",300,0,"ordpp linear",0.22
"size",300,0,"PCA, equal scores",0.745
"size",300,0,"Polychoric PCA",0.65
"size",300,0,"ordpp item",0.76
"size",300,0,"Gifi princals",0.12
"size",300,0,"ordpp linear",0.365
"size",300,0,"PCA, equal scores",0.58
"size",300,0,"Polychoric PCA",0.455
"size",300,0,"ordpp item",0.535
"size",300,0,"Gifi princals",0.99
"size",300,0,"ordpp linear",0.67
"size",300,0,"PCA, equal scores",0.565
"size",300,0,"Polychoric PCA",0.245
"size",300,0,"ordpp item",0.23
"size",300,0,"Gifi princals",0.33
"size",300,0,"ordpp linear",0.555
"size",300,0,"PCA, equal scores",0.6
"size",300,0,"Polychoric PCA",0.43
"size",300,0,"ordpp item",0.91
"size",300,0,"Gifi princals",0.195
"size",300,0,"ordpp linear",0.93
"size",300,0,"PCA, equal scores",0.69
"size",300,0,"Polychoric PCA",0.24
"size",300,0,"ordpp item",0.925
"size",300,0,"Gifi princals",0.605
"size",300,0,"ordpp linear",0.695
"size",300,0,"PCA, equal scores",0.83
"size",300,0,"Polychoric PCA",0.915
"size",300,0,"ordpp item",0.75
"size",300,0,"Gifi princals",0.77
"size",300,0,"ordpp linear",0.9
"size",300,0,"PCA, equal scores",0.555
"size",300,0,"Polychoric PCA",0.42
"size",300,0,"ordpp item",0.81
"size",300,0,"Gifi princals",0.855
"size",300,0,"ordpp linear",0.72
"size",300,0,"PCA, equal scores",0.18
"size",300,0,"Polychoric PCA",0.21
"size",300,0,"ordpp item",0.48
"size",300,0,"Gifi princals",0.675
"size",300,0,"ordpp linear",0.87
"size",300,0,"PCA, equal scores",0.725
"size",300,0,"Polychoric PCA",0.655
"size",300,0,"ordpp item",0.86
"size",300,0,"Gifi princals",0.85
"size",300,0,"ordpp linear",0.995
"size",300,0,"PCA, equal scores",1
"size",300,0,"Polychoric PCA",0.835
"size",300,0,"ordpp item",0.27
"size",300,0,"Gifi princals",0.275
"size",300,0,"ordpp linear",0.71
"size",300,0,"PCA, equal scores",0.725
"size",300,0,"Polychoric PCA",0.6
"size",300,0,"ordpp item",0.075
"size",300,0,"Gifi princals",0.355
"size",300,0,"ordpp linear",0.945
"size",300,0,"PCA, equal scores",0.785
"size",300,0,"Polychoric PCA",0.815
"size",300,0,"ordpp item",0.765
"size",300,0,"Gifi princals",0.08
"size",300,0,"ordpp linear",0.02
"size",300,0,"PCA, equal scores",0.28
"size",300,0,"Polychoric PCA",0.45
"size",300,0,"ordpp item",0.49
"size",300,0,"Gifi princals",0.725
"size",300,0,"ordpp linear",0.385
"size",300,0,"PCA, equal scores",0.49
"size",300,0,"Polychoric PCA",0.89
"size",300,0,"ordpp item",0.07
"size",300,0,"Gifi princals",0.86
"size",300,0,"ordpp linear",0.965
"size",300,0,"PCA, equal scores",0.795
"size",300,0,"Polychoric PCA",0.895
"size",300,0,"ordpp item",0.775
"size",300,0,"Gifi princals",0.835
"size",300,0,"ordpp linear",0.315
"size",300,0,"PCA, equal scores",0.405
"size",300,0,"Polychoric PCA",0.61
"size",300,0,"ordpp item",0.45
"size",300,0,"Gifi princals",0.38
"size",300,0,"ordpp linear",0.16
"size",300,0,"PCA, equal scores",0.125
"size",300,0,"Polychoric PCA",0.115
"size",300,0,"ordpp item",0.2
"size",300,0,"Gifi princals",0.22
"size",300,0,"ordpp linear",0.715
"size",300,0,"PCA, equal scores",0.03
"size",300,0,"Polychoric PCA",0.085
"size",300,0,"ordpp item",0.04
"size",300,0,"Gifi princals",0.415
"size",300,0,"ordpp linear",0.285
"size",300,0,"PCA, equal scores",0.35
"size",300,0,"Polychoric PCA",0.355
"size",300,0,"ordpp item",0.635
"size",300,0,"Gifi princals",0.24
"size",300,0,"ordpp linear",0.99
"size",300,0,"PCA, equal scores",0.645
"size",300,0,"Polychoric PCA",0.71
"size",300,0,"ordpp item",0.32
"size",300,0,"Gifi princals",0.615
"size",300,0,"ordpp linear",0.85
"size",300,0,"PCA, equal scores",0.26
"size",300,0,"Polychoric PCA",0.22
"size",300,0,"ordpp item",0.7
"size",300,0,"Gifi princals",0.395
"size",300,0,"ordpp linear",0.58
"size",300,0,"PCA, equal scores",0.865
"size",300,0,"Polychoric PCA",0.725
"size",300,0,"ordpp item",0.65
"size",300,0,"Gifi princals",0.155
"size",300,0,"ordpp linear",0.75
"size",300,0,"PCA, equal scores",0.86
"size",300,0,"Polychoric PCA",0.49
"size",300,0,"ordpp item",0.135
"size",300,0,"Gifi princals",0.82
"size",300,0,"ordpp linear",0.51
"size",300,0,"PCA, equal scores",0.615
"size",300,0,"Polychoric PCA",0.625
"size",300,0,"ordpp item",0.94
"size",300,0,"Gifi princals",0.77
"size",300,0,"ordpp linear",0.81
"size",300,0,"PCA, equal scores",0.785
"size",300,0,"Polychoric PCA",0.89
"size",300,0,"ordpp item",0.89
"size",300,0,"Gifi princals",0.635
"size",300,0,"ordpp linear",0.43
"size",300,0,"PCA, equal scores",0.305
"size",300,0,"Polychoric PCA",0.295
"size",300,0,"ordpp item",0.9
"size",300,0,"Gifi princals",0.055
"size",300,0,"ordpp linear",0.25
"size",300,0,"PCA, equal scores",0.235
"size",300,0,"Polychoric PCA",0.305
"size",300,0,"ordpp item",0.545
"size",300,0,"Gifi princals",0.42
"size",300,0,"ordpp linear",0.8
"size",300,0,"PCA, equal scores",0.19
"size",300,0,"Polychoric PCA",0.275
"size",300,0,"ordpp item",0.83
"size",300,0,"Gifi princals",0.94
"size",300,0,"ordpp linear",0.655
"size",300,0,"PCA, equal scores",0.2
"size",300,0,"Polychoric PCA",0.255
"size",300,0,"ordpp item",0.51
"size",300,0,"Gifi princals",0.46
"size",300,0,"ordpp linear",0.79
"size",300,0,"PCA, equal scores",0.415
"size",300,0,"Polychoric PCA",0.53
"size",300,0,"ordpp item",0.97
"size",300,0,"Gifi princals",0.415
"size",300,0,"ordpp linear",0.93
"size",300,0,"PCA, equal scores",0.825
"size",300,0,"Polychoric PCA",0.5
"size",300,0,"ordpp item",0.115
"size",300,0,"Gifi princals",0.715
"size",300,0,"ordpp linear",0.455
"size",300,0,"PCA, equal scores",0.42
"size",300,0,"Polychoric PCA",0.675
"size",300,0,"ordpp item",0.785
"size",300,0,"Gifi princals",0.6
"size",300,0,"ordpp linear",0.73
"size",300,0,"PCA, equal scores",0.835
"size",300,0,"Polychoric PCA",0.97
"size",300,0,"ordpp item",0.235
"size",300,0,"Gifi princals",0.74
"size",300,0,"ordpp linear",0.16
"size",300,0,"PCA, equal scores",0.445
"size",300,0,"Polychoric PCA",0.63
"size",300,0,"ordpp item",0.845
"size",300,0,"Gifi princals",0.105
"size",300,0,"ordpp linear",0.825
"size",300,0,"PCA, equal scores",0.23
"size",300,0,"Polychoric PCA",0.225
"size",300,0,"ordpp item",0.495
"size",300,0,"Gifi princals",0.16
"size",300,0,"ordpp linear",0.23
"size",300,0,"PCA, equal scores",0.235
"size",300,0,"Polychoric PCA",0.095
"size",300,0,"ordpp item",0.04
"size",300,0,"Gifi princals",0.565
"size",300,0,"ordpp linear",0.4
"size",300,0,"PCA, equal scores",0.3
"size",300,0,"Polychoric PCA",0.37
"size",300,0,"ordpp item",0.89
"size",300,0,"Gifi princals",0.515
"size",300,0,"ordpp linear",0.305
"size",300,0,"PCA, equal scores",0.93
"size",300,0,"Polychoric PCA",0.79
"size",300,0,"ordpp item",0.19
"size",300,0,"Gifi princals",0.765
"size",300,0,"ordpp linear",0.745
"size",300,0,"PCA, equal scores",0.705
"size",300,0,"Polychoric PCA",0.64
"size",300,0,"ordpp item",0.67
"size",300,0,"Gifi princals",0.175
"size",300,0,"ordpp linear",0.96
"size",300,0,"PCA, equal scores",0.79
"size",300,0,"Polychoric PCA",0.815
"size",300,0,"ordpp item",1
"size",300,0,"Gifi princals",0.725
"size",300,0,"ordpp linear",0.155
"size",300,0,"PCA, equal scores",0.185
"size",300,0,"Polychoric PCA",0.215
"size",300,0,"ordpp item",0.345
"size",300,0,"Gifi princals",0.095
"size",300,0,"ordpp linear",0.65
"size",300,0,"PCA, equal scores",0.745
"size",300,0,"Polychoric PCA",0.935
"size",300,0,"ordpp item",1
"size",300,0,"Gifi princals",0.935
"size",300,0,"ordpp linear",0.99
"size",300,0,"PCA, equal scores",0.525
"size",300,0,"Polychoric PCA",0.335
"size",300,0,"ordpp item",0.495
"size",300,0,"Gifi princals",0.11
"size",300,0,"ordpp linear",0.16
"size",300,0,"PCA, equal scores",0.705
"size",300,0,"Polychoric PCA",0.725
"size",300,0,"ordpp item",0.495
"size",300,0,"Gifi princals",0.1
"size",300,0,"ordpp linear",0.01
"size",300,0,"PCA, equal scores",0.02
"size",300,0,"Polychoric PCA",0.025
"size",300,0,"ordpp item",0.165
"size",300,0,"Gifi princals",0.695
"size",300,0,"ordpp linear",0.125
"size",300,0,"PCA, equal scores",0.07
"size",300,0,"Polychoric PCA",0.055
"size",300,0,"ordpp item",0.05
"size",300,0,"Gifi princals",0.175
"size",300,0,"ordpp linear",0.47
"size",300,0,"PCA, equal scores",0.86
"size",300,0,"Polychoric PCA",0.995
"size",300,0,"ordpp item",0.385
"size",300,0,"Gifi princals",0.365
"size",300,0,"ordpp linear",0.03
"size",300,0,"PCA, equal scores",0.6
"size",300,0,"Polychoric PCA",0.465
"size",300,0,"ordpp item",0.51
"size",300,0,"Gifi princals",0.405
"size",300,0,"ordpp linear",0.34
"size",300,0,"PCA, equal scores",0.08
"size",300,0,"Polychoric PCA",0.02
"size",300,0,"ordpp item",0.06
"size",300,0,"Gifi princals",0.67
"size",300,0,"ordpp linear",0.135
"size",300,0,"PCA, equal scores",0.605
"size",300,0,"Polychoric PCA",0.53
"size",300,0,"ordpp item",0.575
"size",300,0,"Gifi princals",0.705
"size",300,0,"ordpp linear",0.52
"size",300,0,"PCA, equal scores",0.88
"size",300,0,"Polychoric PCA",0.48
"size",300,0,"ordpp item",0.36
"size",300,0,"Gifi princals",0.15
"size",300,0,"ordpp linear",0.175
"size",300,0,"PCA, equal scores",0.14
"size",300,0,"Polychoric PCA",0.535
"size",300,0,"ordpp item",0.305
"size",300,0,"Gifi princals",0.155
"size",300,0,"ordpp linear",0.695
"size",300,0,"PCA, equal scores",0.28
"size",300,0,"Polychoric PCA",0.195
"size",300,0,"ordpp item",0.41
"size",300,0,"Gifi princals",0.585
"size",300,0,"ordpp linear",0.8
"size",300,0,"PCA, equal scores",0.96
"size",300,0,"Polychoric PCA",0.865
"size",300,0,"ordpp item",0.62
"size",300,0,"Gifi princals",0.065
"size",300,0,"ordpp linear",0.22
"size",300,0,"PCA, equal scores",0.75
"size",300,0,"Polychoric PCA",0.815
"size",300,0,"ordpp item",0.01
"size",300,0,"Gifi princals",0.39
"size",300,0,"ordpp linear",0.08
"size",300,0,"PCA, equal scores",0.105
"size",300,0,"Polychoric PCA",0.115
"size",300,0,"ordpp item",0.08
"size",300,0,"Gifi princals",0.28
"size",300,0,"ordpp linear",0.22
"size",300,0,"PCA, equal scores",0.08
"size",300,0,"Polychoric PCA",0.1
"size",300,0,"ordpp item",0.015
"size",300,0,"Gifi princals",0.98
"size",300,0,"ordpp linear",0.19
"size",300,0,"PCA, equal scores",0.08
"size",300,0,"Polychoric PCA",0.085
"size",300,0,"ordpp item",0.105
"size",300,0,"Gifi princals",0.025
"size",300,0,"ordpp linear",0.325
"size",300,0,"PCA, equal scores",0.385
"size",300,0,"Polychoric PCA",0.365
"size",300,0,"ordpp item",0.94
"size",300,0,"Gifi princals",0.67
"size",300,0,"ordpp linear",0.02
"size",300,0,"PCA, equal scores",0.015
"size",300,0,"Polychoric PCA",0.01
"size",300,0,"ordpp item",0.03
"size",300,0,"Gifi princals",0.095
"size",300,0,"ordpp linear",0.815
"size",300,0,"PCA, equal scores",0.935
"size",300,0,"Polychoric PCA",0.775
"size",300,0,"ordpp item",0.27
"size",300,0,"Gifi princals",0.625
"size",300,0,"ordpp linear",0.92
"size",300,0,"PCA, equal scores",0.19
"size",300,0,"Polychoric PCA",0.33
"size",300,0,"ordpp item",0.73
"size",300,0,"Gifi princals",0.415
"size",300,0,"ordpp linear",0.01
"size",300,0,"PCA, equal scores",0.06
"size",300,0,"Polychoric PCA",0.435
"size",300,0,"ordpp item",0.005
"size",300,0,"Gifi princals",0.14
"size",300,0,"ordpp linear",0.735
"size",300,0,"PCA, equal scores",0.65
"size",300,0,"Polychoric PCA",0.59
"size",300,0,"ordpp item",0.25
"size",300,0,"Gifi princals",0.92
"size",300,0,"ordpp linear",0.275
"size",300,0,"PCA, equal scores",0.35
"size",300,0,"Polychoric PCA",0.335
"size",300,0,"ordpp item",0.235
"size",300,0,"Gifi princals",0.67
"size",300,0,"ordpp linear",0.935
"size",300,0,"PCA, equal scores",0.665
"size",300,0,"Polychoric PCA",0.59
"size",300,0,"ordpp item",0.725
"size",300,0,"Gifi princals",0.495
"size",300,0,"ordpp linear",0.085
"size",300,0,"PCA, equal scores",0.985
"size",300,0,"Polychoric PCA",0.89
"size",300,0,"ordpp item",0.995
"size",300,0,"Gifi princals",0.78
"size",300,0,"ordpp linear",0.01
"size",300,0,"PCA, equal scores",0.1
"size",300,0,"Polychoric PCA",0.055
"size",300,0,"ordpp item",0.015
"size",300,0,"Gifi princals",0.715
"size",300,0,"ordpp linear",0.465
"size",300,0,"PCA, equal scores",0.46
"size",300,0,"Polychoric PCA",0.59
"size",300,0,"ordpp item",0.39
"size",300,0,"Gifi princals",0.72
"size",300,0,"ordpp linear",0.74
"size",300,0,"PCA, equal scores",0.48
"size",300,0,"Polychoric PCA",0.645
"size",300,0,"ordpp item",0.315
"size",300,0,"Gifi princals",0.51
"size",300,0,"ordpp linear",0.525
"size",300,0,"PCA, equal scores",0.93
"size",300,0,"Polychoric PCA",0.8
"size",300,0,"ordpp item",0.555
"size",300,0,"Gifi princals",0.735
"size",300,0,"ordpp linear",0.125
"size",300,0,"PCA, equal scores",0.39
"size",300,0,"Polychoric PCA",0.545
"size",300,0,"ordpp item",0.235
"size",300,0,"Gifi princals",0.685
"size",300,0,"ordpp linear",0.71
"size",300,0,"PCA, equal scores",0.875
"size",300,0,"Polychoric PCA",0.81
"size",300,0,"ordpp item",0.915
"size",300,0,"Gifi princals",0.925
"size",300,0,"ordpp linear",0.57
"size",300,0,"PCA, equal scores",0.515
"size",300,0,"Polychoric PCA",0.495
"size",300,0,"ordpp item",0.625
"size",300,0,"Gifi princals",0.44
"size",300,0,"ordpp linear",0.115
"size",300,0,"PCA, equal scores",0.21
"size",300,0,"Polychoric PCA",0.2
"size",300,0,"ordpp item",0.265
"size",300,0,"Gifi princals",0.145
"size",300,0,"ordpp linear",0.835
"size",300,0,"PCA, equal scores",0.605
"size",300,0,"Polychoric PCA",0.535
"size",300,0,"ordpp item",0.6
"size",300,0,"Gifi princals",0.94
"size",300,0,"ordpp linear",0.785
"size",300,0,"PCA, equal scores",0.485
"size",300,0,"Polychoric PCA",0.445
"size",300,0,"ordpp item",0.77
"size",300,0,"Gifi princals",0.34
"size",300,0,"ordpp linear",0.955
"size",300,0,"PCA, equal scores",0.04
"size",300,0,"Polychoric PCA",0.075
"size",300,0,"ordpp item",0.835
"size",300,0,"Gifi princals",0.785
"size",300,0,"ordpp linear",0.94
"size",300,0,"PCA, equal scores",0.55
"size",300,0,"Polychoric PCA",0.96
"size",300,0,"ordpp item",0.13
"size",300,0,"Gifi princals",0.125
"size",300,0,"ordpp linear",0.32
"size",300,0,"PCA, equal scores",0.24
"size",300,0,"Polychoric PCA",0.345
"size",300,0,"ordpp item",0.185
"size",300,0,"Gifi princals",1
"size",300,0,"ordpp linear",0.22
"size",300,0,"PCA, equal scores",0.39
"size",300,0,"Polychoric PCA",0.465
"size",300,0,"ordpp item",0.095
"size",300,0,"Gifi princals",0.525
"size",300,0,"ordpp linear",0.55
"size",300,0,"PCA, equal scores",0.14
"size",300,0,"Polychoric PCA",0.125
"size",300,0,"ordpp item",0.375
"size",300,0,"Gifi princals",0.45
"size",300,0,"ordpp linear",0.295
"size",300,0,"PCA, equal scores",0.38
"size",300,0,"Polychoric PCA",0.615
"size",300,0,"ordpp item",0.71
"size",300,0,"Gifi princals",0.215
"size",300,0,"ordpp linear",0.705
"size",300,0,"PCA, equal scores",0.585
"size",300,0,"Polychoric PCA",0.575
"size",300,0,"ordpp item",0.94
"size",300,0,"Gifi princals",0.61
"size",300,0,"ordpp linear",0.195
"size",300,0,"PCA, equal scores",0.935
"size",300,0,"Polychoric PCA",0.97
"size",300,0,"ordpp item",0.405
"size",300,0,"Gifi princals",0.695
"size",300,0,"ordpp linear",0.18
"size",300,0,"PCA, equal scores",0.215
"size",300,0,"Polychoric PCA",0.22
"size",300,0,"ordpp item",0.25
"size",300,0,"Gifi princals",0.455
"size",300,0,"ordpp linear",0.665
"size",300,0,"PCA, equal scores",0.18
"size",300,0,"Polychoric PCA",0.17
"size",300,0,"ordpp item",0.925
"size",300,0,"Gifi princals",0.255
"size",300,0,"ordpp linear",0.455
"size",300,0,"PCA, equal scores",0.5
"size",300,0,"Polychoric PCA",0.54
"size",300,0,"ordpp item",0.69
"size",300,0,"Gifi princals",0.31
"size",300,0,"ordpp linear",0.665
"size",300,0,"PCA, equal scores",0.89
"size",300,0,"Polychoric PCA",0.82
"size",300,0,"ordpp item",0.42
"size",300,0,"Gifi princals",0.16
"size",300,0,"ordpp linear",0.26
"size",300,0,"PCA, equal scores",0.765
"size",300,0,"Polychoric PCA",0.93
"size",300,0,"ordpp item",0.58
"size",300,0,"Gifi princals",0.395
"size",300,0,"ordpp linear",0.39
"size",300,0,"PCA, equal scores",0.155
"size",300,0,"Polychoric PCA",0.055
"size",300,0,"ordpp item",0.035
"size",300,0,"Gifi princals",0.2
"size",300,0,"ordpp linear",0.985
"size",300,0,"PCA, equal scores",0.85
"size",300,0,"Polychoric PCA",0.75
"size",300,0,"ordpp item",0.815
"size",300,0,"Gifi princals",0.905
"size",300,0,"ordpp linear",0.685
"size",300,0,"PCA, equal scores",0.695
"size",300,0,"Polychoric PCA",0.69
"size",300,0,"ordpp item",0.66
"size",300,0,"Gifi princals",0.75
"size",300,0,"ordpp linear",0.69
"size",300,0,"PCA, equal scores",0.65
"size",300,0,"Polychoric PCA",0.505
"size",300,0,"ordpp item",0.4
"size",300,0,"Gifi princals",0.61
"size",300,0,"ordpp linear",0.625
"size",300,0,"PCA, equal scores",0.815
"size",300,0,"Polychoric PCA",0.815
"size",300,0,"ordpp item",0.18
"size",300,0,"Gifi princals",0.835
"size",300,0,"ordpp linear",0.19
"size",300,0,"PCA, equal scores",0.76
"size",300,0,"Polychoric PCA",0.725
"size",300,0,"ordpp item",0.15
"size",300,0,"Gifi princals",0.36
"size",300,0,"ordpp linear",0.995
"size",300,0,"PCA, equal scores",0.425
"size",300,0,"Polychoric PCA",0.39
"size",300,0,"ordpp item",0.57
"size",300,0,"Gifi princals",0.69
"size",300,0,"ordpp linear",0.06
"size",300,0,"PCA, equal scores",0.845
"size",300,0,"Polychoric PCA",0.855
"size",300,0,"ordpp item",0.065
"size",300,0,"Gifi princals",0.725
"size",300,0,"ordpp linear",0.12
"size",300,0,"PCA, equal scores",0.84
"size",300,0,"Polychoric PCA",0.76
"size",300,0,"ordpp item",0.59
"size",300,0,"Gifi princals",0.905
"size",300,0,"ordpp linear",0.11
"size",300,0,"PCA, equal scores",0.84
"size",300,0,"Polychoric PCA",0.92
"size",300,0,"ordpp item",0.05
"size",300,0,"Gifi princals",0.37
"size",300,0,"ordpp linear",0.38
"size",300,0,"PCA, equal scores",0.08
"size",300,0,"Polychoric PCA",0.11
"size",300,0,"ordpp item",0.105
"size",300,0,"Gifi princals",0.5
"size",300,0,"ordpp linear",0.365
"size",300,0,"PCA, equal scores",0.33
"size",300,0,"Polychoric PCA",0.385
"size",300,0,"ordpp item",0.945
"size",300,0,"Gifi princals",0.19
"size",300,0,"ordpp linear",0.555
"size",300,0,"PCA, equal scores",0.315
"size",300,0,"Polychoric PCA",0.335
"size",300,0,"ordpp item",0.315
"size",300,0,"Gifi princals",0.12
"size",300,0,"ordpp linear",0.82
"size",300,0,"PCA, equal scores",0.51
"size",300,0,"Polychoric PCA",0.23
"size",300,0,"ordpp item",0.525
"size",300,0,"Gifi princals",0.3
"size",300,0,"ordpp linear",0.08
"size",300,0,"PCA, equal scores",0.725
"size",300,0,"Polychoric PCA",0.69
"size",300,0,"ordpp item",0.21
"size",300,0,"Gifi princals",0.97
"size",300,0,"ordpp linear",0.565
"size",300,0,"PCA, equal scores",0.86
"size",300,0,"Polychoric PCA",0.77
"size",300,0,"ordpp linear",0.605
"size",300,0,"PCA, equal scores",0.93
"size",300,0,"Polychoric PCA",0.79
"size",300,0,"ordpp linear",0.855
"size",300,0,"PCA, equal scores",0.73
"size",300,0,"Polychoric PCA",0.69
"size",300,0,"ordpp linear",0.3
"size",300,0,"PCA, equal scores",0.885
"size",300,0,"Polychoric PCA",0.895
"size",300,0,"ordpp linear",0.45
"size",300,0,"PCA, equal scores",0.505
"size",300,0,"Polychoric PCA",0.54
"size",300,0,"ordpp linear",0.7
"size",300,0,"PCA, equal scores",0.705
"size",300,0,"Polychoric PCA",0.54
"size",300,0,"ordpp linear",0.82
"size",300,0,"PCA, equal scores",0.705
"size",300,0,"Polychoric PCA",0.58
"size",300,0,"ordpp linear",0.2
"size",300,0,"PCA, equal scores",0.585
"size",300,0,"Polychoric PCA",0.84
"size",300,0,"ordpp linear",0.19
"size",300,0,"PCA, equal scores",0.485
"size",300,0,"Polychoric PCA",0.51
"size",300,0,"ordpp linear",0.895
"size",300,0,"PCA, equal scores",0.4
"size",300,0,"Polychoric PCA",0.475
"size",300,0,"ordpp linear",0.24
"size",300,0,"PCA, equal scores",0.915
"size",300,0,"Polychoric PCA",0.74
"size",300,0,"ordpp linear",0.72
"size",300,0,"PCA, equal scores",0.185
"size",300,0,"Polychoric PCA",0.165
"size",300,0,"ordpp linear",0.185
"size",300,0,"PCA, equal scores",0.095
"size",300,0,"Polychoric PCA",0.09
"size",300,0,"ordpp linear",0.395
"size",300,0,"PCA, equal scores",0.955
"size",300,0,"Polychoric PCA",0.96
"size",300,0,"ordpp linear",0.345
"size",300,0,"PCA, equal scores",0.79
"size",300,0,"Polychoric PCA",0.965
"size",300,0,"ordpp linear",0.22
"size",300,0,"PCA, equal scores",0.08
"size",300,0,"Polychoric PCA",0.11
"size",300,0,"ordpp linear",0.455
"size",300,0,"PCA, equal scores",0.505
"size",300,0,"Polychoric PCA",0.94
"size",300,0,"ordpp linear",0.775
"size",300,0,"PCA, equal scores",0.945
"size",300,0,"Polychoric PCA",0.905
"size",300,0,"ordpp linear",0.985
"size",300,0,"PCA, equal scores",0.21
"size",300,0,"Polychoric PCA",0.2
"size",300,0,"ordpp linear",0.305
"size",300,0,"PCA, equal scores",0.28
"size",300,0,"Polychoric PCA",0.16
"size",300,0,"ordpp linear",0.665
"size",300,0,"PCA, equal scores",0.445
"size",300,0,"Polychoric PCA",0.325
"size",300,0,"ordpp linear",0.32
"size",300,0,"PCA, equal scores",0.54
"size",300,0,"Polychoric PCA",0.53
"size",300,0,"ordpp linear",0.01
"size",300,0,"PCA, equal scores",0.835
"size",300,0,"Polychoric PCA",0.94
"size",300,0,"ordpp linear",0.055
"size",300,0,"PCA, equal scores",0.08
"size",300,0,"Polychoric PCA",0.115
"size",300,0,"ordpp linear",0.655
"size",300,0,"PCA, equal scores",0.305
"size",300,0,"Polychoric PCA",0.265
"size",300,0,"ordpp linear",0.645
"size",300,0,"PCA, equal scores",0.855
"size",300,0,"Polychoric PCA",0.99
"size",300,0,"ordpp linear",0.965
"size",300,0,"PCA, equal scores",0.915
"size",300,0,"Polychoric PCA",0.735
"size",300,0,"ordpp linear",0.23
"size",300,0,"PCA, equal scores",0.565
"size",300,0,"Polychoric PCA",0.315
"size",300,0,"ordpp linear",0.005
"size",300,0,"PCA, equal scores",0.02
"size",300,0,"Polychoric PCA",0.03
"size",300,0,"ordpp linear",0.37
"size",300,0,"PCA, equal scores",0.965
"size",300,0,"Polychoric PCA",0.905
"size",300,0,"ordpp linear",0.655
"size",300,0,"PCA, equal scores",0.595
"size",300,0,"Polychoric PCA",0.44
"size",300,0,"ordpp linear",0.915
"size",300,0,"PCA, equal scores",0.04
"size",300,0,"Polychoric PCA",0.04
"size",300,0,"ordpp linear",0.395
"size",300,0,"PCA, equal scores",0.4
"size",300,0,"Polychoric PCA",0.21
"size",300,0,"ordpp linear",0.05
"size",300,0,"PCA, equal scores",0.605
"size",300,0,"Polychoric PCA",0.34
"size",300,0,"ordpp linear",0.865
"size",300,0,"PCA, equal scores",0.14
"size",300,0,"Polychoric PCA",0.125
"size",300,0,"ordpp linear",0.36
"size",300,0,"PCA, equal scores",0.655
"size",300,0,"Polychoric PCA",0.92
"size",300,0,"ordpp linear",0.33
"size",300,0,"PCA, equal scores",0.895
"size",300,0,"Polychoric PCA",0.33
"size",300,0,"ordpp linear",0.09
"size",300,0,"PCA, equal scores",0.055
"size",300,0,"Polychoric PCA",0.09
"size",300,0,"ordpp linear",0.175
"size",300,0,"PCA, equal scores",0.075
"size",300,0,"Polychoric PCA",0.085
"size",300,0,"ordpp linear",0.245
"size",300,0,"PCA, equal scores",0.81
"size",300,0,"Polychoric PCA",0.97
"size",300,0,"ordpp linear",0.505
"size",300,0,"PCA, equal scores",0.17
"size",300,0,"Polychoric PCA",0.17
"size",300,0,"ordpp linear",0.955
"size",300,0,"PCA, equal scores",0.81
"size",300,0,"Polychoric PCA",0.875
"size",300,0,"ordpp linear",0.25
"size",300,0,"PCA, equal scores",0.985
"size",300,0,"Polychoric PCA",0.85
"size",300,0,"ordpp linear",0.64
"size",300,0,"PCA, equal scores",0.76
"size",300,0,"Polychoric PCA",0.53
"size",300,0,"ordpp linear",0.925
"size",300,0,"PCA, equal scores",0.68
"size",300,0,"Polychoric PCA",0.63
"size",300,0,"ordpp linear",0.385
"size",300,0,"PCA, equal scores",0.025
"size",300,0,"Polychoric PCA",0.03
"size",300,0,"ordpp linear",0.565
"size",300,0,"PCA, equal scores",0.86
"size",300,0,"Polychoric PCA",0.695
"size",300,0,"ordpp linear",0.51
"size",300,0,"PCA, equal scores",0.77
"size",300,0,"Polychoric PCA",0.755
"size",300,0,"ordpp linear",0.405
"size",300,0,"PCA, equal scores",0.56
"size",300,0,"Polychoric PCA",0.125
"size",300,0,"ordpp linear",0.555
"size",300,0,"PCA, equal scores",0.825
"size",300,0,"Polychoric PCA",0.73
"size",300,0,"ordpp linear",0.5
"size",300,0,"PCA, equal scores",0.745
"size",300,0,"Polychoric PCA",0.715
"size",300,0,"ordpp linear",0.33
"size",300,0,"PCA, equal scores",0.91
"size",300,0,"Polychoric PCA",0.515
"size",300,0,"ordpp linear",0.965
"size",300,0,"PCA, equal scores",0.58
"size",300,0,"Polychoric PCA",0.27
"size",300,0,"ordpp linear",0.46
"size",300,0,"PCA, equal scores",0.49
"size",300,0,"Polychoric PCA",0.545
"size",300,0,"ordpp linear",0.855
"size",300,0,"PCA, equal scores",0.59
"size",300,0,"Polychoric PCA",0.675
"size",300,0,"ordpp linear",0.305
"size",300,0,"PCA, equal scores",0.09
"size",300,0,"Polychoric PCA",0.14
"size",300,0,"ordpp linear",0.53
"size",300,0,"PCA, equal scores",0.805
"size",300,0,"Polychoric PCA",0.735
"size",300,0,"ordpp linear",0.29
"size",300,0,"PCA, equal scores",0.845
"size",300,0,"Polychoric PCA",0.585
"size",300,0,"ordpp linear",0.865
"size",300,0,"PCA, equal scores",0.81
"size",300,0,"Polychoric PCA",0.775
"size",300,0,"ordpp linear",0.865
"size",300,0,"PCA, equal scores",0.155
"size",300,0,"Polychoric PCA",0.2
"size",300,0,"ordpp linear",0.485
"size",300,0,"PCA, equal scores",0.58
"size",300,0,"Polychoric PCA",0.745
"size",300,0,"ordpp linear",0.42
"size",300,0,"PCA, equal scores",0.59
"size",300,0,"Polychoric PCA",0.785
"size",300,0,"ordpp linear",0.62
"size",300,0,"PCA, equal scores",0.39
"size",300,0,"Polychoric PCA",0.52
"size",300,0,"ordpp linear",0.68
"size",300,0,"PCA, equal scores",0.78
"size",300,0,"Polychoric PCA",0.71
"size",300,0,"ordpp linear",0.525
"size",300,0,"PCA, equal scores",0.36
"size",300,0,"Polychoric PCA",0.43
"size",300,0,"ordpp linear",0.375
"size",300,0,"PCA, equal scores",0.84
"size",300,0,"Polychoric PCA",0.85
"size",300,0,"ordpp linear",0.705
"size",300,0,"PCA, equal scores",0.625
"size",300,0,"Polychoric PCA",0.72
"size",300,0,"ordpp linear",0.775
"size",300,0,"PCA, equal scores",0.1
"size",300,0,"Polychoric PCA",0.09
"size",300,0,"ordpp linear",0.92
"size",300,0,"PCA, equal scores",0.035
"size",300,0,"Polychoric PCA",0.09
"size",300,0,"ordpp linear",0.43
"size",300,0,"PCA, equal scores",0.105
"size",300,0,"Polychoric PCA",0.2
"size",300,0,"ordpp linear",0.11
"size",300,0,"PCA, equal scores",0.205
"size",300,0,"Polychoric PCA",0.105
"size",300,0,"ordpp linear",0.685
"size",300,0,"PCA, equal scores",0.93
"size",300,0,"Polychoric PCA",0.98
"size",300,0,"ordpp linear",0.42
"size",300,0,"PCA, equal scores",0.37
"size",300,0,"Polychoric PCA",0.33
"size",300,0,"ordpp linear",0.71
"size",300,0,"PCA, equal scores",0.995
"size",300,0,"Polychoric PCA",0.985
"size",300,0,"ordpp linear",0.62
"size",300,0,"PCA, equal scores",0.365
"size",300,0,"Polychoric PCA",0.595
"size",300,0,"ordpp linear",0.455
"size",300,0,"PCA, equal scores",0.8
"size",300,0,"Polychoric PCA",0.805
"size",300,0,"ordpp linear",0.935
"size",300,0,"PCA, equal scores",0.74
"size",300,0,"Polychoric PCA",0.98
"size",300,0,"ordpp linear",0.71
"size",300,0,"PCA, equal scores",0.99
"size",300,0,"Polychoric PCA",0.98
"size",300,0,"ordpp linear",0.385
"size",300,0,"PCA, equal scores",0.555
"size",300,0,"Polychoric PCA",0.525
"size",300,0,"ordpp linear",0.12
"size",300,0,"PCA, equal scores",0.585
"size",300,0,"Polychoric PCA",0.355
"size",300,0,"ordpp linear",0.265
"size",300,0,"PCA, equal scores",0.145
"size",300,0,"Polychoric PCA",0.64
"size",300,0,"ordpp linear",0.31
"size",300,0,"PCA, equal scores",0.755
"size",300,0,"Polychoric PCA",0.835
"size",300,0,"ordpp linear",0.35
"size",300,0,"PCA, equal scores",0.04
"size",300,0,"Polychoric PCA",0.05
"size",300,0,"ordpp linear",0.51
"size",300,0,"PCA, equal scores",0.73
"size",300,0,"Polychoric PCA",0.455
"size",300,0,"ordpp linear",0.535
"size",300,0,"PCA, equal scores",0.885
"size",300,0,"Polychoric PCA",0.81
"size",300,0,"ordpp linear",0.395
"size",300,0,"PCA, equal scores",0.245
"size",300,0,"Polychoric PCA",0.19
"size",300,0,"ordpp linear",0.51
"size",300,0,"PCA, equal scores",0.345
"size",300,0,"Polychoric PCA",0.36
"size",300,0,"ordpp linear",0.855
"size",300,0,"PCA, equal scores",0.99
"size",300,0,"Polychoric PCA",0.995
"size",300,0,"ordpp linear",0.095
"size",300,0,"PCA, equal scores",0.49
"size",300,0,"Polychoric PCA",0.62
"size",300,0,"ordpp linear",0.585
"size",300,0,"PCA, equal scores",0.59
"size",300,0,"Polychoric PCA",0.765
"size",300,0,"ordpp linear",0.35
"size",300,0,"PCA, equal scores",0.61
"size",300,0,"Polychoric PCA",0.695
"size",300,0,"ordpp linear",0.745
"size",300,0,"PCA, equal scores",0.765
"size",300,0,"Polychoric PCA",0.84
"size",300,0,"ordpp linear",0.9
"size",300,0,"PCA, equal scores",0.465
"size",300,0,"Polychoric PCA",0.375
"size",300,0,"ordpp linear",0.425
"size",300,0,"PCA, equal scores",0.465
"size",300,0,"Polychoric PCA",0.495
"size",300,0,"ordpp linear",0.235
"size",300,0,"PCA, equal scores",0.87
"size",300,0,"Polychoric PCA",0.805
"size",300,0,"ordpp linear",0.475
"size",300,0,"PCA, equal scores",0.285
"size",300,0,"Polychoric PCA",0.31
"size",300,0,"ordpp linear",0.515
"size",300,0,"PCA, equal scores",0.11
"size",300,0,"Polychoric PCA",0.105
"size",300,0,"ordpp linear",0.585
"size",300,0,"PCA, equal scores",0.155
"size",300,0,"Polychoric PCA",0.1
"size",300,0,"ordpp linear",0.735
"size",300,0,"PCA, equal scores",0.31
"size",300,0,"Polychoric PCA",0.41
"size",300,0,"ordpp linear",0.235
"size",300,0,"PCA, equal scores",0.01
"size",300,0,"Polychoric PCA",0.01
"size",300,0,"ordpp linear",0.905
"size",300,0,"PCA, equal scores",0.14
"size",300,0,"Polychoric PCA",0.195
"size",300,0,"ordpp linear",0.485
"size",300,0,"PCA, equal scores",0.905
"size",300,0,"Polychoric PCA",0.81
"size",300,0,"ordpp linear",0.505
"size",300,0,"PCA, equal scores",0.27
"size",300,0,"Polychoric PCA",0.825
"size",300,0,"ordpp linear",0.73
"size",300,0,"PCA, equal scores",0.12
"size",300,0,"Polychoric PCA",0.195
"size",300,0,"ordpp linear",0.025
"size",300,0,"PCA, equal scores",0.765
"size",300,0,"Polychoric PCA",0.77
"size",300,0,"ordpp linear",0.545
"size",300,0,"PCA, equal scores",0.495
"size",300,0,"Polychoric PCA",0.42
"size",300,0,"ordpp linear",0.915
"size",300,0,"PCA, equal scores",0.535
"size",300,0,"Polychoric PCA",0.63
"size",300,0,"ordpp linear",0.745
"size",300,0,"PCA, equal scores",0.165
"size",300,0,"Polychoric PCA",0.175
"size",300,0,"ordpp linear",0.705
"size",300,0,"PCA, equal scores",0.48
"size",300,0,"Polychoric PCA",0.515
"size",300,0,"ordpp linear",0.655
"size",300,0,"PCA, equal scores",0.685
"size",300,0,"Polychoric PCA",0.66
"size",300,0,"ordpp linear",0.14
"size",300,0,"PCA, equal scores",0.485
"size",300,0,"Polychoric PCA",0.38
"size",300,0,"ordpp linear",0.785
"size",300,0,"PCA, equal scores",0.79
"size",300,0,"Polychoric PCA",0.97
"size",300,0,"ordpp linear",0.125
"size",300,0,"PCA, equal scores",0.84
"size",300,0,"Polychoric PCA",0.87
"size",300,0,"ordpp linear",0.805
"size",300,0,"PCA, equal scores",0.91
"size",300,0,"Polychoric PCA",0.995
"size",300,0,"ordpp linear",0.505
"size",300,0,"PCA, equal scores",0.405
"size",300,0,"Polychoric PCA",0.7
"size",300,0,"ordpp linear",0.155
"size",300,0,"PCA, equal scores",0.645
"size",300,0,"Polychoric PCA",0.13
"size",300,0,"ordpp linear",0.405
"size",300,0,"PCA, equal scores",0.515
"size",300,0,"Polychoric PCA",0.48
"size",300,0,"ordpp linear",0.32
"size",300,0,"PCA, equal scores",0.31
"size",300,0,"Polychoric PCA",0.335
"size",300,0,"ordpp linear",0.355
"size",300,0,"PCA, equal scores",0.26
"size",300,0,"Polychoric PCA",0.23
"size",300,0,"ordpp linear",0.845
"size",300,0,"PCA, equal scores",0.085
"size",300,0,"Polychoric PCA",0.14
"size",300,0,"ordpp linear",0.045
"size",300,0,"PCA, equal scores",0.195
"size",300,0,"Polychoric PCA",0.165
"size",300,0,"ordpp linear",0.705
"size",300,0,"PCA, equal scores",0.725
"size",300,0,"Polychoric PCA",0.85
"size",300,0,"ordpp linear",0.145
"size",300,0,"PCA, equal scores",0.08
"size",300,0,"Polychoric PCA",0.085
"size",300,0,"ordpp linear",0.86
"size",300,0,"PCA, equal scores",0.38
"size",300,0,"Polychoric PCA",0.385
"size",300,0,"ordpp linear",0.08
"size",300,0,"PCA, equal scores",0.665
"size",300,0,"Polychoric PCA",0.765
"size",300,0,"ordpp linear",0.865
"size",300,0,"PCA, equal scores",0.955
"size",300,0,"Polychoric PCA",0.955
"size",300,0,"ordpp linear",0.1
"size",300,0,"PCA, equal scores",0.005
"size",300,0,"Polychoric PCA",0.02
"size",300,0,"ordpp linear",0.405
"size",300,0,"PCA, equal scores",0.49
"size",300,0,"Polychoric PCA",0.59
"size",300,0,"ordpp linear",0.695
"size",300,0,"PCA, equal scores",0.59
"size",300,0,"Polychoric PCA",0.645
"size",300,0,"ordpp linear",0.67
"size",300,0,"PCA, equal scores",0.49
"size",300,0,"Polychoric PCA",0.56
"size",300,0,"ordpp linear",0.94
"size",300,0,"PCA, equal scores",0.53
"size",300,0,"Polychoric PCA",0.425
"size",300,0,"ordpp linear",0.285
"size",300,0,"PCA, equal scores",0.915
"size",300,0,"Polychoric PCA",0.94
"size",300,0,"ordpp linear",0.285
"size",300,0,"PCA, equal scores",0.225
"size",300,0,"Polychoric PCA",0.305
"size",300,0,"ordpp linear",0.38
"size",300,0,"PCA, equal scores",0.32
"size",300,0,"Polychoric PCA",0.34
"size",300,0,"ordpp linear",0.94
"size",300,0,"PCA, equal scores",0.47
"size",300,0,"Polychoric PCA",0.46
"size",300,0,"ordpp linear",0.285
"size",300,0,"PCA, equal scores",0.28
"size",300,0,"Polychoric PCA",0.29
"size",300,0,"ordpp linear",0.705
"size",300,0,"PCA, equal scores",0.785
"size",300,0,"Polychoric PCA",0.84
"size",300,0,"ordpp linear",0.575
"size",300,0,"PCA, equal scores",0.15
"size",300,0,"Polychoric PCA",0.23
"size",300,0,"ordpp linear",0.78
"size",300,0,"PCA, equal scores",0.8
"size",300,0,"Polychoric PCA",0.79
"size",300,0,"ordpp linear",0.8
"size",300,0,"PCA, equal scores",0.945
"size",300,0,"Polychoric PCA",0.73
"size",300,0,"ordpp linear",0.59
"size",300,0,"PCA, equal scores",0.785
"size",300,0,"Polychoric PCA",0.765
"size",300,0,"ordpp linear",0.52
"size",300,0,"PCA, equal scores",0.645
"size",300,0,"Polychoric PCA",0.69
"size",300,0,"ordpp linear",0.52
"size",300,0,"PCA, equal scores",0.78
"size",300,0,"Polychoric PCA",0.22
"size",300,0,"ordpp linear",0.855
"size",300,0,"PCA, equal scores",0.115
"size",300,0,"Polychoric PCA",0.22
"size",300,0,"ordpp linear",0.105
"size",300,0,"PCA, equal scores",0.99
"size",300,0,"Polychoric PCA",0.945
"size",300,0,"ordpp linear",0.84
"size",300,0,"PCA, equal scores",0.32
"size",300,0,"Polychoric PCA",0.165
"size",300,0,"ordpp linear",0.185
"size",300,0,"PCA, equal scores",0.45
"size",300,0,"Polychoric PCA",0.545
"size",300,0,"ordpp linear",0.44
"size",300,0,"PCA, equal scores",0.78
"size",300,0,"Polychoric PCA",0.81
"size",300,0,"ordpp linear",0.58
"size",300,0,"PCA, equal scores",0.735
"size",300,0,"Polychoric PCA",0.7
"size",300,0,"ordpp linear",0.92
"size",300,0,"PCA, equal scores",0.95
"size",300,0,"Polychoric PCA",0.975
"size",300,0,"ordpp linear",0.27
"size",300,0,"PCA, equal scores",0.175
"size",300,0,"Polychoric PCA",0.12
"size",300,0,"ordpp linear",0.115
"size",300,0,"PCA, equal scores",0.585
"size",300,0,"Polychoric PCA",0.5
"size",300,0,"ordpp linear",0.67
"size",300,0,"PCA, equal scores",0.37
"size",300,0,"Polychoric PCA",0.445
"size",300,0,"ordpp linear",0.565
"size",300,0,"PCA, equal scores",0.725
"size",300,0,"Polychoric PCA",0.375
"size",300,0,"ordpp linear",0.37
"size",300,0,"PCA, equal scores",0.375
"size",300,0,"Polychoric PCA",0.435
"size",300,0,"ordpp linear",0.835
"size",300,0,"PCA, equal scores",0.47
"size",300,0,"Polychoric PCA",0.745
"size",300,0,"ordpp linear",0.69
"size",300,0,"PCA, equal scores",0.66
"size",300,0,"Polychoric PCA",0.48
"size",300,0,"ordpp linear",0.26
"size",300,0,"PCA, equal scores",0.94
"size",300,0,"Polychoric PCA",0.98
"size",300,0,"ordpp linear",0.475
"size",300,0,"PCA, equal scores",0.335
"size",300,0,"Polychoric PCA",0.285
"size",300,0,"ordpp linear",0.005
"size",300,0,"PCA, equal scores",0.05
"size",300,0,"Polychoric PCA",0.045
"size",300,0,"ordpp linear",0.29
"size",300,0,"PCA, equal scores",0.345
"size",300,0,"Polychoric PCA",0.185
"size",300,0,"ordpp linear",0.91
"size",300,0,"PCA, equal scores",0.495
"size",300,0,"Polychoric PCA",0.63
"size",300,0,"ordpp linear",0.335
"size",300,0,"PCA, equal scores",0.555
"size",300,0,"Polychoric PCA",0.5
"size",300,0,"ordpp linear",0.04
"size",300,0,"PCA, equal scores",0.79
"size",300,0,"Polychoric PCA",0.74
"size",300,0,"ordpp linear",0.645
"size",300,0,"PCA, equal scores",0.225
"size",300,0,"Polychoric PCA",0.685
"size",300,0,"ordpp linear",0.205
"size",300,0,"PCA, equal scores",0.68
"size",300,0,"Polychoric PCA",0.61
"size",300,0,"ordpp linear",0.15
"size",300,0,"PCA, equal scores",0.745
"size",300,0,"Polychoric PCA",0.865
"size",300,0,"ordpp linear",0.62
"size",300,0,"PCA, equal scores",0.57
"size",300,0,"Polychoric PCA",0.495
"size",300,0,"ordpp linear",0.63
"size",300,0,"PCA, equal scores",0.045
"size",300,0,"Polychoric PCA",0.08
"size",300,0,"ordpp linear",0.01
"size",300,0,"PCA, equal scores",0.42
"size",300,0,"Polychoric PCA",0.74
"size",300,0,"ordpp linear",0.575
"size",300,0,"PCA, equal scores",0.64
"size",300,0,"Polychoric PCA",0.695
"size",300,0,"ordpp linear",0.945
"size",300,0,"PCA, equal scores",0.38
"size",300,0,"Polychoric PCA",0.64
"size",300,0,"ordpp linear",0.05
"size",300,0,"PCA, equal scores",0.79
"size",300,0,"Polychoric PCA",0.86
"size",300,0,"ordpp linear",0.705
"size",300,0,"PCA, equal scores",0.255
"size",300,0,"Polychoric PCA",0.275
"size",300,0,"ordpp linear",0.67
"size",300,0,"PCA, equal scores",0.7
"size",300,0,"Polychoric PCA",0.725
"size",300,0,"ordpp linear",0.405
"size",300,0,"PCA, equal scores",0.195
"size",300,0,"Polychoric PCA",0.345
"size",300,0,"ordpp linear",0.285
"size",300,0,"PCA, equal scores",0.405
"size",300,0,"Polychoric PCA",0.255
"size",300,0,"ordpp linear",0.405
"size",300,0,"PCA, equal scores",0.475
"size",300,0,"Polychoric PCA",0.215
"size",300,0,"ordpp linear",0.05
"size",300,0,"PCA, equal scores",0.165
"size",300,0,"Polychoric PCA",0.15
"size",300,0,"ordpp linear",0.945
"size",300,0,"PCA, equal scores",0.74
"size",300,0,"Polychoric PCA",0.21
"size",300,0,"ordpp linear",0.89
"size",300,0,"PCA, equal scores",0.785
"size",300,0,"Polychoric PCA",0.785
"size",300,0,"ordpp linear",0.92
"size",300,0,"PCA, equal scores",0.92
"size",300,0,"Polychoric PCA",0.875
"size",300,0,"ordpp linear",0.935
"size",300,0,"PCA, equal scores",0.835
"size",300,0,"Polychoric PCA",0.95
"size",300,0,"ordpp linear",0.985
"size",300,0,"PCA, equal scores",0.52
"size",300,0,"Polychoric PCA",0.595
"size",300,0,"ordpp linear",0.665
"size",300,0,"PCA, equal scores",0.86
"size",300,0,"Polychoric PCA",0.755
"size",300,0,"ordpp linear",0.305
"size",300,0,"PCA, equal scores",0.655
"size",300,0,"Polychoric PCA",0.915
"size",300,0,"ordpp linear",0.335
"size",300,0,"PCA, equal scores",0.205
"size",300,0,"Polychoric PCA",0.245
"size",300,0,"ordpp linear",0.455
"size",300,0,"PCA, equal scores",0.825
"size",300,0,"Polychoric PCA",0.8
"size",300,0,"ordpp linear",0.02
"size",300,0,"PCA, equal scores",0.45
"size",300,0,"Polychoric PCA",0.565
"size",300,0,"ordpp linear",0.295
"size",300,0,"PCA, equal scores",0.39
"size",300,0,"Polychoric PCA",0.805
"size",300,0,"ordpp linear",0.67
"size",300,0,"PCA, equal scores",0.85
"size",300,0,"Polychoric PCA",0.9
"size",300,0,"ordpp linear",0.885
"size",300,0,"PCA, equal scores",0.79
"size",300,0,"Polychoric PCA",0.805
"size",300,0,"ordpp linear",0.89
"size",300,0,"PCA, equal scores",0.675
"size",300,0,"Polychoric PCA",0.62
"size",300,0,"ordpp linear",0.99
"size",300,0,"PCA, equal scores",0.235
"size",300,0,"Polychoric PCA",0.27
"size",300,0,"ordpp linear",0.38
"size",300,0,"PCA, equal scores",0.5
"size",300,0,"Polychoric PCA",0.31
"size",300,0,"ordpp linear",0.32
"size",300,0,"PCA, equal scores",0.1
"size",300,0,"Polychoric PCA",0.05
"size",300,0,"ordpp linear",0.915
"size",300,0,"PCA, equal scores",0.065
"size",300,0,"Polychoric PCA",0.01
"size",300,0,"ordpp linear",0.965
"size",300,0,"PCA, equal scores",0.74
"size",300,0,"Polychoric PCA",0.695
"size",300,0,"ordpp linear",0.65
"size",300,0,"PCA, equal scores",0.715
"size",300,0,"Polychoric PCA",0.26
"size",300,0,"ordpp linear",0.33
"size",300,0,"PCA, equal scores",0.14
"size",300,0,"Polychoric PCA",0.165
"size",300,0,"ordpp linear",0.565
"size",300,0,"PCA, equal scores",0.415
"size",300,0,"Polychoric PCA",0.495
"size",300,0,"ordpp linear",0.63
"size",300,0,"PCA, equal scores",0.51
"size",300,0,"Polychoric PCA",0.515
"size",300,0,"ordpp linear",0.2
"size",300,0,"PCA, equal scores",0.425
"size",300,0,"Polychoric PCA",0.365
"size",300,0,"ordpp linear",0.855
"size",300,0,"PCA, equal scores",0.055
"size",300,0,"Polychoric PCA",0.08
"size",300,0,"ordpp linear",0.275
"size",300,0,"PCA, equal scores",0.89
"size",300,0,"Polychoric PCA",0.805
"size",300,0,"ordpp linear",0.285
"size",300,0,"PCA, equal scores",0.075
"size",300,0,"Polychoric PCA",0.08
"size",300,0,"ordpp linear",0.95
"size",300,0,"PCA, equal scores",0.1
"size",300,0,"Polychoric PCA",0.075
"size",300,0,"ordpp linear",0.72
"size",300,0,"PCA, equal scores",0.78
"size",300,0,"Polychoric PCA",0.74
"size",300,0,"ordpp linear",0.73
"size",300,0,"PCA, equal scores",0.87
"size",300,0,"Polychoric PCA",0.72
"size",300,0,"ordpp linear",0.35
"size",300,0,"PCA, equal scores",0.49
"size",300,0,"Polychoric PCA",0.43
"size",300,0,"ordpp linear",0.86
"size",300,0,"PCA, equal scores",0.125
"size",300,0,"Polychoric PCA",0.295
"size",300,0,"ordpp linear",0.46
"size",300,0,"PCA, equal scores",0.49
"size",300,0,"Polychoric PCA",0.56
"size",300,0,"ordpp linear",0.78
"size",300,0,"PCA, equal scores",0.24
"size",300,0,"Polychoric PCA",0.305
"size",300,0,"ordpp linear",0.82
"size",300,0,"PCA, equal scores",0.62
"size",300,0,"Polychoric PCA",0.63
"size",300,0,"ordpp linear",0.45
"size",300,0,"PCA, equal scores",0.31
"size",300,0,"Polychoric PCA",0.315
"size",300,0,"ordpp linear",0.18
"size",300,0,"PCA, equal scores",0.65
"size",300,0,"Polychoric PCA",0.54
"size",300,0,"ordpp linear",0.13
"size",300,0,"PCA, equal scores",0.055
"size",300,0,"Polychoric PCA",0.05
"size",300,0,"ordpp linear",0.055
"size",300,0,"PCA, equal scores",0.55
"size",300,0,"Polychoric PCA",0.87
"size",300,0,"ordpp linear",0.72
"size",300,0,"PCA, equal scores",0.99
"size",300,0,"Polychoric PCA",0.98
"size",300,0,"ordpp linear",0.25
"size",300,0,"PCA, equal scores",0.31
"size",300,0,"Polychoric PCA",0.25
"size",300,0,"ordpp linear",0.225
"size",300,0,"PCA, equal scores",0.19
"size",300,0,"Polychoric PCA",0.195
"size",300,0,"ordpp linear",0.045
"size",300,0,"PCA, equal scores",0.91
"size",300,0,"Polychoric PCA",0.87
"size",300,0,"ordpp linear",0.665
"size",300,0,"PCA, equal scores",0.125
"size",300,0,"Polychoric PCA",0.16
"size",300,0,"ordpp linear",0.6
"size",300,0,"PCA, equal scores",0.39
"size",300,0,"Polychoric PCA",0.405
"size",300,0,"ordpp linear",0.665
"size",300,0,"PCA, equal scores",0.685
"size",300,0,"Polychoric PCA",0.755
"size",300,0,"ordpp linear",0.385
"size",300,0,"PCA, equal scores",0.995
"size",300,0,"Polychoric PCA",0.545
"size",300,0,"ordpp linear",0.835
"size",300,0,"PCA, equal scores",0.61
"size",300,0,"Polychoric PCA",0.505
"size",300,0,"ordpp linear",0.8
"size",300,0,"PCA, equal scores",0.955
"size",300,0,"Polychoric PCA",0.7
"size",300,0,"ordpp linear",0.925
"size",300,0,"PCA, equal scores",0.265
"size",300,0,"Polychoric PCA",0.17
"size",300,0,"ordpp linear",0.985
"size",300,0,"PCA, equal scores",0.92
"size",300,0,"Polychoric PCA",0.98
"size",300,0,"ordpp linear",0.865
"size",300,0,"PCA, equal scores",0.07
"size",300,0,"Polychoric PCA",0.06
"size",300,0,"ordpp linear",0.86
"size",300,0,"PCA, equal scores",0.245
"size",300,0,"Polychoric PCA",0.215
"size",300,0,"ordpp linear",0.025
"size",300,0,"PCA, equal scores",0.7
"size",300,0,"Polychoric PCA",0.845
"size",300,0,"ordpp linear",0.715
"size",300,0,"PCA, equal scores",0.62
"size",300,0,"Polychoric PCA",0.1
"size",300,0,"ordpp linear",0.265
"size",300,0,"PCA, equal scores",0.07
"size",300,0,"Polychoric PCA",0.135
"size",300,0,"ordpp linear",0.215
"size",300,0,"PCA, equal scores",0.14
"size",300,0,"Polychoric PCA",0.105
"size",300,0,"ordpp linear",0.305
"size",300,0,"PCA, equal scores",0.075
"size",300,0,"Polychoric PCA",0.09
"size",300,0,"ordpp linear",0.215
"size",300,0,"PCA, equal scores",0.68
"size",300,0,"Polychoric PCA",0.69
"size",300,0,"ordpp linear",0.255
"size",300,0,"PCA, equal scores",0.925
"size",300,0,"Polychoric PCA",0.99
"size",300,0,"ordpp linear",0.315
"size",300,0,"PCA, equal scores",0.66
"size",300,0,"Polychoric PCA",0.62
"size",300,0,"ordpp linear",0.185
"size",300,0,"PCA, equal scores",0.735
"size",300,0,"Polychoric PCA",0.975
"size",300,0,"ordpp linear",0.81
"size",300,0,"PCA, equal scores",0.365
"size",300,0,"Polychoric PCA",0.28
"size",300,0,"ordpp linear",0.315
"size",300,0,"PCA, equal scores",0.075
"size",300,0,"Polychoric PCA",0.085
"size",300,0,"ordpp linear",0.08
"size",300,0,"PCA, equal scores",0.01
"size",300,0,"Polychoric PCA",0.005
"size",300,0,"ordpp linear",0.945
"size",300,0,"PCA, equal scores",0.95
"size",300,0,"Polychoric PCA",0.945
"size",300,0,"ordpp linear",0.165
"size",300,0,"PCA, equal scores",0.18
"size",300,0,"Polychoric PCA",0.235
"size",300,0,"ordpp linear",0.725
"size",300,0,"PCA, equal scores",0.56
"size",300,0,"Polychoric PCA",0.655
"size",300,0,"ordpp linear",0.84
"size",300,0,"PCA, equal scores",0.61
"size",300,0,"Polychoric PCA",0.69
"size",300,0,"ordpp linear",0.455
"size",300,0,"PCA, equal scores",0.195
"size",300,0,"Polychoric PCA",0.375
"size",300,0,"ordpp linear",0.88
"size",300,0,"PCA, equal scores",0.725
"size",300,0,"Polychoric PCA",0.68
"size",300,0,"ordpp linear",0.52
"size",300,0,"PCA, equal scores",0.8
"size",300,0,"Polychoric PCA",0.845
"size",300,0,"ordpp linear",0.04
"size",300,0,"PCA, equal scores",0.51
"size",300,0,"Polychoric PCA",0.575
"size",300,0,"ordpp linear",0.425
"size",300,0,"PCA, equal scores",0.78
"size",300,0,"Polychoric PCA",0.705
"size",300,0,"ordpp linear",0.6
"size",300,0,"PCA, equal scores",0.705
"size",300,0,"Polychoric PCA",0.555
"size",300,0,"ordpp linear",0.16
"size",300,0,"PCA, equal scores",0.56
"size",300,0,"Polychoric PCA",0.465
"size",300,0,"ordpp linear",0.045
"size",300,0,"PCA, equal scores",0.105
"size",300,0,"Polychoric PCA",0.205
"size",300,0,"ordpp linear",0.32
"size",300,0,"PCA, equal scores",0.225
"size",300,0,"Polychoric PCA",0.27
"size",300,0,"ordpp linear",0.35
"size",300,0,"PCA, equal scores",1
"size",300,0,"Polychoric PCA",0.955
"size",300,0,"ordpp linear",0.73
"size",300,0,"PCA, equal scores",0.97
"size",300,0,"Polychoric PCA",0.96
"size",300,0,"ordpp linear",0.68
"size",300,0,"PCA, equal scores",0.165
"size",300,0,"Polychoric PCA",0.175
"size",300,0,"ordpp linear",0.67
"size",300,0,"PCA, equal scores",0.69
"size",300,0,"Polychoric PCA",0.55
"size",300,0,"ordpp linear",0.505
"size",300,0,"PCA, equal scores",0.905
"size",300,0,"Polychoric PCA",0.81
"size",300,0,"ordpp linear",0.99
"size",300,0,"PCA, equal scores",0.385
"size",300,0,"Polychoric PCA",0.555
"size",300,0,"ordpp linear",0.545
"size",300,0,"PCA, equal scores",0.325
"size",300,0,"Polychoric PCA",0.41
"size",300,0,"ordpp linear",0.95
"size",300,0,"PCA, equal scores",0.53
"size",300,0,"Polychoric PCA",0.46
"size",300,0,"ordpp linear",0.625
"size",300,0,"PCA, equal scores",0.34
"size",300,0,"Polychoric PCA",0.255
"size",300,0,"ordpp linear",0.895
"size",300,0,"PCA, equal scores",0.265
"size",300,0,"Polychoric PCA",0.245
"size",300,0,"ordpp linear",0.64
"size",300,0,"PCA, equal scores",0.8
"size",300,0,"Polychoric PCA",0.67
"size",300,0,"ordpp linear",0.825
"size",300,0,"PCA, equal scores",0.885
"size",300,0,"Polychoric PCA",0.4
"size",300,0,"ordpp linear",0.15
"size",300,0,"PCA, equal scores",0.68
"size",300,0,"Polychoric PCA",0.695
"size",300,0,"ordpp linear",0.2
"size",300,0,"PCA, equal scores",0.355
"size",300,0,"Polychoric PCA",0.5
"size",300,0,"ordpp linear",0.895
"size",300,0,"PCA, equal scores",0.69
"size",300,0,"Polychoric PCA",0.46
"size",300,0,"ordpp linear",0.87
"size",300,0,"PCA, equal scores",0.12
"size",300,0,"Polychoric PCA",0.12
"size",300,0,"ordpp linear",0.7
"size",300,0,"PCA, equal scores",0.51
"size",300,0,"Polychoric PCA",0.5
"size",300,0,"ordpp linear",0.105
"size",300,0,"PCA, equal scores",0.17
"size",300,0,"Polychoric PCA",0.12
"size",300,0,"ordpp linear",0.755
"size",300,0,"PCA, equal scores",0.675
"size",300,0,"Polychoric PCA",0.52
"size",300,0,"ordpp linear",0.525
"size",300,0,"PCA, equal scores",0.34
"size",300,0,"Polychoric PCA",0.37
"size",300,0,"ordpp linear",0.785
"size",300,0,"PCA, equal scores",0.52
"size",300,0,"Polychoric PCA",0.655
"size",300,0,"ordpp linear",0.195
"size",300,0,"PCA, equal scores",0.795
"size",300,0,"Polychoric PCA",0.95
"size",300,0,"ordpp linear",0.22
"size",300,0,"PCA, equal scores",0.165
"size",300,0,"Polychoric PCA",0.17
"size",300,0,"ordpp linear",0.68
"size",300,0,"PCA, equal scores",0.265
"size",300,0,"Polychoric PCA",0.24
"size",300,0,"ordpp linear",0.715
"size",300,0,"PCA, equal scores",0.235
"size",300,0,"Polychoric PCA",0.315
"size",300,0,"ordpp linear",0.48
"size",300,0,"PCA, equal scores",0.79
"size",300,0,"Polychoric PCA",0.63
"size",300,0,"ordpp linear",0.535
"size",300,0,"PCA, equal scores",0.925
"size",300,0,"Polychoric PCA",0.85
"size",300,0,"ordpp linear",0.35
"size",300,0,"PCA, equal scores",0.52
"size",300,0,"Polychoric PCA",0.29
"size",300,0,"ordpp linear",0.88
"size",300,0,"PCA, equal scores",0.945
"size",300,0,"Polychoric PCA",0.925
"size",300,0,"ordpp linear",0.365
"size",300,0,"PCA, equal scores",0.665
"size",300,0,"Polychoric PCA",0.775
"size",300,0,"ordpp linear",0.4
"size",300,0,"PCA, equal scores",0.37
"size",300,0,"Polychoric PCA",0.39
"size",300,0,"ordpp linear",0.57
"size",300,0,"PCA, equal scores",0.65
"size",300,0,"Polychoric PCA",0.795
"size",300,0,"ordpp linear",0.45
"size",300,0,"PCA, equal scores",0.46
"size",300,0,"Polychoric PCA",0.475
"size",300,0,"ordpp linear",0.87
"size",300,0,"PCA, equal scores",0.905
"size",300,0,"Polychoric PCA",0.94
"size",300,0,"ordpp linear",0.395
"size",300,0,"PCA, equal scores",0.805
"size",300,0,"Polychoric PCA",0.63
"size",300,0,"ordpp linear",0.475
"size",300,0,"PCA, equal scores",0.45
"size",300,0,"Polychoric PCA",0.83
"size",300,0,"ordpp linear",0.12
"size",300,0,"PCA, equal scores",0.515
"size",300,0,"Polychoric PCA",0.515
"size",300,0,"ordpp linear",0.015
"size",300,0,"PCA, equal scores",0.615
"size",300,0,"Polychoric PCA",0.47
"size",300,0,"ordpp linear",0.76
"size",300,0,"PCA, equal scores",0.995
"size",300,0,"Polychoric PCA",0.96
"size",300,0,"ordpp linear",0.22
"size",300,0,"PCA, equal scores",0.335
"size",300,0,"Polychoric PCA",0.355
"size",300,0,"ordpp linear",0.125
"size",300,0,"PCA, equal scores",0.985
"size",300,0,"Polychoric PCA",0.615
"size",300,0,"ordpp linear",0.99
"size",300,0,"PCA, equal scores",0.955
"size",300,0,"Polychoric PCA",0.955
"size",300,0,"ordpp linear",0.83
"size",300,0,"PCA, equal scores",0.295
"size",300,0,"Polychoric PCA",0.285
"size",300,0,"ordpp linear",0.79
"size",300,0,"PCA, equal scores",0.78
"size",300,0,"Polychoric PCA",0.8
"size",300,0,"ordpp linear",0.85
"size",300,0,"PCA, equal scores",0.425
"size",300,0,"Polychoric PCA",0.355
"size",300,0,"ordpp linear",0.49
"size",300,0,"PCA, equal scores",0.49
"size",300,0,"Polychoric PCA",0.595
"size",300,0,"ordpp linear",0.72
"size",300,0,"PCA, equal scores",0.75
"size",300,0,"Polychoric PCA",0.67
"size",300,0,"ordpp linear",0.285
"size",300,0,"PCA, equal scores",0.33
"size",300,0,"Polychoric PCA",0.565
"size",300,0,"ordpp linear",0.56
"size",300,0,"PCA, equal scores",0.525
"size",300,0,"Polychoric PCA",0.54
"size",300,0,"ordpp linear",0.84
"size",300,0,"PCA, equal scores",0.465
"size",300,0,"Polychoric PCA",0.585
"size",300,0,"ordpp linear",0.93
"size",300,0,"PCA, equal scores",0.07
"size",300,0,"Polychoric PCA",0.065
"size",300,0,"ordpp linear",0.76
"size",300,0,"PCA, equal scores",0.565
"size",300,0,"Polychoric PCA",0.465
"size",300,0,"ordpp linear",0.2
"size",300,0,"PCA, equal scores",0.765
"size",300,0,"Polychoric PCA",0.765
"size",300,0,"ordpp linear",0.39
"size",300,0,"PCA, equal scores",0.15
"size",300,0,"Polychoric PCA",0.31
"size",300,0,"ordpp linear",0.105
"size",300,0,"PCA, equal scores",0.54
"size",300,0,"Polychoric PCA",0.49
"size",300,0,"ordpp linear",0.305
"size",300,0,"PCA, equal scores",0.54
"size",300,0,"Polychoric PCA",0.56
"size",300,0,"ordpp linear",0.25
"size",300,0,"PCA, equal scores",0.67
"size",300,0,"Polychoric PCA",0.655
"size",300,0,"ordpp linear",0.72
"size",300,0,"PCA, equal scores",0.365
"size",300,0,"Polychoric PCA",0.37
"size",300,0,"ordpp linear",0.2
"size",300,0,"PCA, equal scores",0.28
"size",300,0,"Polychoric PCA",0.435
"size",300,0,"ordpp linear",0.865
"size",300,0,"PCA, equal scores",0.25
"size",300,0,"Polychoric PCA",0.42
"size",300,0,"ordpp linear",0.83
"size",300,0,"PCA, equal scores",0.96
"size",300,0,"Polychoric PCA",0.87
"size",300,0,"ordpp linear",0.92
"size",300,0,"PCA, equal scores",0.34
"size",300,0,"Polychoric PCA",0.51
"size",300,0,"ordpp linear",0.915
"size",300,0,"PCA, equal scores",0.875
"size",300,0,"Polychoric PCA",0.96
"size",300,0,"ordpp linear",0.375
"size",300,0,"PCA, equal scores",0.305
"size",300,0,"Polychoric PCA",0.345
"size",300,0,"ordpp linear",0.785
"size",300,0,"PCA, equal scores",0.84
"size",300,0,"Polychoric PCA",0.935
"size",300,0,"ordpp linear",0.5
"size",300,0,"PCA, equal scores",0.91
"size",300,0,"Polychoric PCA",0.96
"size",300,0,"ordpp linear",0.85
"size",300,0,"PCA, equal scores",0.935
"size",300,0,"Polychoric PCA",0.79
"size",300,0,"ordpp linear",0.055
"size",300,0,"PCA, equal scores",0.465
"size",300,0,"Polychoric PCA",0.945
"size",300,0,"ordpp linear",0.365
"size",300,0,"PCA, equal scores",0.295
"size",300,0,"Polychoric PCA",0.565
"size",300,0,"ordpp linear",0.635
"size",300,0,"PCA, equal scores",0.2
"size",300,0,"Polychoric PCA",0.25
"size",300,0,"ordpp linear",0.495
"size",300,0,"PCA, equal scores",0.21
"size",300,0,"Polychoric PCA",0.2
"size",300,0,"ordpp linear",0.3
"size",300,0,"PCA, equal scores",0.405
"size",300,0,"Polychoric PCA",0.385
"size",300,0,"ordpp linear",0.71
"size",300,0,"PCA, equal scores",0.625
"size",300,0,"Polychoric PCA",0.675
"size",300,0,"ordpp linear",0.06
"size",300,0,"PCA, equal scores",0.38
"size",300,0,"Polychoric PCA",0.9
"size",300,0,"ordpp linear",0.22
"size",300,0,"PCA, equal scores",0.615
"size",300,0,"Polychoric PCA",0.805
"size",300,0,"ordpp linear",0.805
"size",300,0,"PCA, equal scores",0.89
"size",300,0,"Polychoric PCA",0.825
"size",300,0,"ordpp linear",0.77
"size",300,0,"PCA, equal scores",0.845
"size",300,0,"Polychoric PCA",0.845
"size",300,0,"ordpp linear",0.465
"size",300,0,"PCA, equal scores",0.04
"size",300,0,"Polychoric PCA",0.045
"size",300,0,"ordpp linear",0.815
"size",300,0,"PCA, equal scores",0.895
"size",300,0,"Polychoric PCA",0.975
"size",300,0,"ordpp linear",0.27
"size",300,0,"PCA, equal scores",0.3
"size",300,0,"Polychoric PCA",0.22
"size",300,0,"ordpp linear",0.825
"size",300,0,"PCA, equal scores",0.395
"size",300,0,"Polychoric PCA",0.44
"size",300,0,"ordpp linear",0.83
"size",300,0,"PCA, equal scores",0.58
"size",300,0,"Polychoric PCA",0.875
"size",300,0,"ordpp linear",0.46
"size",300,0,"PCA, equal scores",0.005
"size",300,0,"Polychoric PCA",0.005
"size",300,0,"ordpp linear",0.31
"size",300,0,"PCA, equal scores",0.155
"size",300,0,"Polychoric PCA",0.07
"size",300,0,"ordpp linear",0.8
"size",300,0,"PCA, equal scores",0.485
"size",300,0,"Polychoric PCA",0.465
"size",300,0,"ordpp linear",0.04
"size",300,0,"PCA, equal scores",0.43
"size",300,0,"Polychoric PCA",0.51
"size",300,0,"ordpp linear",0.44
"size",300,0,"PCA, equal scores",0.92
"size",300,0,"Polychoric PCA",0.655
"size",300,0,"ordpp linear",0.395
"size",300,0,"PCA, equal scores",0.415
"size",300,0,"Polychoric PCA",0.57
"size",300,0,"ordpp linear",0.275
"size",300,0,"PCA, equal scores",0.975
"size",300,0,"Polychoric PCA",0.985
"size",300,0,"ordpp linear",0.97
"size",300,0,"PCA, equal scores",0.22
"size",300,0,"Polychoric PCA",0.255
"size",300,0,"ordpp linear",0.6
"size",300,0,"PCA, equal scores",0.275
"size",300,0,"Polychoric PCA",0.47
"size",300,0,"ordpp linear",0.82
"size",300,0,"PCA, equal scores",0.665
"size",300,0,"Polychoric PCA",0.565
"size",300,0,"ordpp linear",0.71
"size",300,0,"PCA, equal scores",0.285
"size",300,0,"Polychoric PCA",0.415
"size",300,0,"ordpp linear",0.92
"size",300,0,"PCA, equal scores",0.31
"size",300,0,"Polychoric PCA",0.11
"size",300,0,"ordpp linear",0.07
"size",300,0,"PCA, equal scores",0.095
"size",300,0,"Polychoric PCA",0.1
"size",300,0,"ordpp linear",0.65
"size",300,0,"PCA, equal scores",0.995
"size",300,0,"Polychoric PCA",1
"size",300,0,"ordpp linear",0.12
"size",300,0,"PCA, equal scores",0.145
"size",300,0,"Polychoric PCA",0.225
"size",300,0,"ordpp linear",0.285
"size",300,0,"PCA, equal scores",0.34
"size",300,0,"Polychoric PCA",0.455
"size",300,0,"ordpp linear",0.575
"size",300,0,"PCA, equal scores",0.16
"size",300,0,"Polychoric PCA",0.19
"size",300,0,"ordpp linear",0.525
"size",300,0,"PCA, equal scores",0.87
"size",300,0,"Polychoric PCA",0.95
"size",300,0,"ordpp linear",0.705
"size",300,0,"PCA, equal scores",0.765
"size",300,0,"Polychoric PCA",0.965
"size",300,0,"ordpp linear",0.555
"size",300,0,"PCA, equal scores",0.66
"size",300,0,"Polychoric PCA",0.51
"size",300,0,"ordpp linear",0.45
"size",300,0,"PCA, equal scores",0.735
"size",300,0,"Polychoric PCA",0.665
"size",300,0,"ordpp linear",0.175
"size",300,0,"PCA, equal scores",0.68
"size",300,0,"Polychoric PCA",0.745
"size",300,0,"ordpp linear",0.675
"size",300,0,"PCA, equal scores",0.43
"size",300,0,"Polychoric PCA",0.46
"size",300,0,"ordpp linear",0.255
"size",300,0,"PCA, equal scores",0.04
"size",300,0,"Polychoric PCA",0.095
"size",300,0,"ordpp linear",0.93
"size",300,0,"PCA, equal scores",0.52
"size",300,0,"Polychoric PCA",0.72
"size",300,0,"ordpp linear",0.58
"size",300,0,"PCA, equal scores",0.34
"size",300,0,"Polychoric PCA",0.335
"size",300,0,"ordpp linear",0.985
"size",300,0,"PCA, equal scores",0.34
"size",300,0,"Polychoric PCA",0.56
"size",300,0,"ordpp linear",0.685
"size",300,0,"PCA, equal scores",0.505
"size",300,0,"Polychoric PCA",0.305
"size",300,0,"ordpp linear",0.39
"size",300,0,"PCA, equal scores",0.97
"size",300,0,"Polychoric PCA",0.945
"size",300,0,"ordpp linear",0.365
"size",300,0,"PCA, equal scores",0.235
"size",300,0,"Polychoric PCA",0.27
"size",300,0,"ordpp linear",0.18
"size",300,0,"PCA, equal scores",0.51
"size",300,0,"Polychoric PCA",0.66
"size",300,0,"ordpp linear",0.355
"size",300,0,"PCA, equal scores",0.46
"size",300,0,"Polychoric PCA",0.59
"size",300,0,"ordpp linear",0.855
"size",300,0,"PCA, equal scores",0.345
"size",300,0,"Polychoric PCA",0.325
"size",300,0,"ordpp linear",0.365
"size",300,0,"PCA, equal scores",0.82
"size",300,0,"Polychoric PCA",0.875
"size",300,0,"ordpp linear",0.52
"size",300,0,"PCA, equal scores",0.165
"size",300,0,"Polychoric PCA",0.14
"size",300,0,"ordpp linear",0.94
"size",300,0,"PCA, equal scores",0.165
"size",300,0,"Polychoric PCA",0.445
"size",300,0,"ordpp linear",0.605
"size",300,0,"PCA, equal scores",0.34
"size",300,0,"Polychoric PCA",0.07
"size",300,0,"ordpp linear",0.965
"size",300,0,"PCA, equal scores",0.23
"size",300,0,"Polychoric PCA",0.495
"size",300,0,"ordpp linear",0.06
"size",300,0,"PCA, equal scores",0.065
"size",300,0,"Polychoric PCA",0.085
"size",300,0,"ordpp linear",0.8
"size",300,0,"PCA, equal scores",0.985
"size",300,0,"Polychoric PCA",0.99
"size",300,0,"ordpp linear",0.89
"size",300,0,"PCA, equal scores",0.23
"size",300,0,"Polychoric PCA",0.335
"size",300,0,"ordpp linear",0.955
"size",300,0,"PCA, equal scores",0.975
"size",300,0,"Polychoric PCA",0.985
"size",300,0,"ordpp linear",0.085
"size",300,0,"PCA, equal scores",0.18
"size",300,0,"Polychoric PCA",0.22
"size",300,0,"ordpp linear",0.485
"size",300,0,"PCA, equal scores",0.075
"size",300,0,"Polychoric PCA",0.085
"size",300,0,"ordpp linear",0.21
"size",300,0,"PCA, equal scores",0.77
"size",300,0,"Polychoric PCA",0.895
"size",300,0,"ordpp linear",0.56
"size",300,0,"PCA, equal scores",0.82
"size",300,0,"Polychoric PCA",0.79
"size",300,0,"ordpp linear",0.99
"size",300,0,"PCA, equal scores",0.185
"size",300,0,"Polychoric PCA",0.15
"size",300,0,"ordpp linear",0.05
"size",300,0,"PCA, equal scores",0.175
"size",300,0,"Polychoric PCA",0.345
"size",300,0,"ordpp linear",0.56
"size",300,0,"PCA, equal scores",0.725
"size",300,0,"Polychoric PCA",0.805
"size",300,0,"ordpp linear",0.03
"size",300,0,"PCA, equal scores",0.01
"size",300,0,"Polychoric PCA",0.01
"size",300,0,"ordpp linear",0.755
"size",300,0,"PCA, equal scores",0.995
"size",300,0,"Polychoric PCA",0.96
"size",300,0,"ordpp linear",0.04
"size",300,0,"PCA, equal scores",0.15
"size",300,0,"Polychoric PCA",0.155
"size",300,0,"ordpp linear",0.955
"size",300,0,"PCA, equal scores",0.8
"size",300,0,"Polychoric PCA",0.735
"size",300,0,"ordpp linear",0.365
"size",300,0,"PCA, equal scores",0.58
"size",300,0,"Polychoric PCA",0.555
"size",300,0,"ordpp linear",0.34
"size",300,0,"PCA, equal scores",0.365
"size",300,0,"Polychoric PCA",0.255
"size",300,0,"ordpp linear",0.49
"size",300,0,"PCA, equal scores",0.67
"size",300,0,"Polychoric PCA",0.695
"size",300,0,"ordpp linear",0.58
"size",300,0,"PCA, equal scores",0.74
"size",300,0,"Polychoric PCA",0.705
"size",300,0,"ordpp linear",0.895
"size",300,0,"PCA, equal scores",0.925
"size",300,0,"Polychoric PCA",0.995
"size",300,0,"ordpp linear",0.75
"size",300,0,"PCA, equal scores",0.635
"size",300,0,"Polychoric PCA",0.535
"size",300,0,"ordpp linear",0.63
"size",300,0,"PCA, equal scores",0.41
"size",300,0,"Polychoric PCA",0.4
"size",300,0,"ordpp linear",0.97
"size",300,0,"PCA, equal scores",0.88
"size",300,0,"Polychoric PCA",0.925
"size",300,0,"ordpp linear",0.49
"size",300,0,"PCA, equal scores",0.88
"size",300,0,"Polychoric PCA",0.86
"size",300,0,"ordpp linear",0.82
"size",300,0,"PCA, equal scores",0.82
"size",300,0,"Polychoric PCA",0.94
"size",300,0,"ordpp linear",0.625
"size",300,0,"PCA, equal scores",0.36
"size",300,0,"Polychoric PCA",0.435
"size",300,0,"ordpp linear",0.32
"size",300,0,"PCA, equal scores",0.405
"size",300,0,"Polychoric PCA",0.525
"size",300,0,"ordpp linear",0.76
"size",300,0,"PCA, equal scores",0.6
"size",300,0,"Polychoric PCA",0.62
"size",300,0,"ordpp linear",0.1
"size",300,0,"PCA, equal scores",0.55
"size",300,0,"Polychoric PCA",0.385
"size",300,0,"ordpp linear",0.05
"size",300,0,"PCA, equal scores",0.405
"size",300,0,"Polychoric PCA",0.435
"size",300,0,"ordpp linear",0.95
"size",300,0,"PCA, equal scores",0.98
"size",300,0,"Polychoric PCA",0.99
"size",300,0,"ordpp linear",0.535
"size",300,0,"PCA, equal scores",0.12
"size",300,0,"Polychoric PCA",0.025
"size",300,0,"ordpp linear",0.27
"size",300,0,"PCA, equal scores",0.105
"size",300,0,"Polychoric PCA",0.135
"size",300,0,"ordpp linear",0.97
"size",300,0,"PCA, equal scores",0.28
"size",300,0,"Polychoric PCA",0.03
"size",300,0,"ordpp linear",0.445
"size",300,0,"PCA, equal scores",0.345
"size",300,0,"Polychoric PCA",0.295
"size",300,0,"ordpp linear",0.82
"size",300,0,"PCA, equal scores",0.62
"size",300,0,"Polychoric PCA",0.555
"size",300,0,"ordpp linear",0.835
"size",300,0,"PCA, equal scores",0.96
"size",300,0,"Polychoric PCA",0.975
"size",300,0,"ordpp linear",0.285
"size",300,0,"PCA, equal scores",0.24
"size",300,0,"Polychoric PCA",0.43
"size",300,0,"ordpp linear",0.875
"size",300,0,"PCA, equal scores",0.37
"size",300,0,"Polychoric PCA",0.44
"size",300,0,"ordpp linear",0.375
"size",300,0,"PCA, equal scores",0.32
"size",300,0,"Polychoric PCA",0.255
"size",300,0,"ordpp linear",0.895
"size",300,0,"PCA, equal scores",0.98
"size",300,0,"Polychoric PCA",0.96
"size",300,0,"ordpp linear",0.61
"size",300,0,"PCA, equal scores",0.77
"size",300,0,"Polychoric PCA",0.845
"size",300,0,"ordpp linear",0.1
"size",300,0,"PCA, equal scores",0.49
"size",300,0,"Polychoric PCA",0.415
"size",300,0,"ordpp linear",0.22
"size",300,0,"PCA, equal scores",0.815
"size",300,0,"Polychoric PCA",0.245
"size",300,0,"ordpp linear",0.705
"size",300,0,"PCA, equal scores",0.59
"size",300,0,"Polychoric PCA",0.585
"size",300,0,"ordpp linear",0.295
"size",300,0,"PCA, equal scores",0.4
"size",300,0,"Polychoric PCA",0.08
"size",300,0,"ordpp linear",0.055
"size",300,0,"PCA, equal scores",0.21
"size",300,0,"Polychoric PCA",0.15
"size",300,0,"ordpp linear",0.43
"size",300,0,"PCA, equal scores",0.485
"size",300,0,"Polychoric PCA",0.555
"size",300,0,"ordpp linear",0.255
"size",300,0,"PCA, equal scores",0.42
"size",300,0,"Polychoric PCA",0.355
"size",300,0,"ordpp linear",0.69
"size",300,0,"PCA, equal scores",0.26
"size",300,0,"Polychoric PCA",0.275
"size",300,0,"ordpp linear",0.815
"size",300,0,"PCA, equal scores",0.58
"size",300,0,"Polychoric PCA",0.58
"size",300,0,"ordpp linear",0.295
"size",300,0,"PCA, equal scores",0.56
"size",300,0,"Polychoric PCA",0.475
"size",300,0,"ordpp linear",0.075
"size",300,0,"PCA, equal scores",0.345
"size",300,0,"Polychoric PCA",0.26
"size",300,0,"ordpp linear",0.465
"size",300,0,"PCA, equal scores",0.305
"size",300,0,"Polychoric PCA",0.33
"size",300,0,"ordpp linear",0.35
"size",300,0,"PCA, equal scores",0.14
"size",300,0,"Polychoric PCA",0.465
"size",300,0,"ordpp linear",0.915
"size",300,0,"PCA, equal scores",0.275
"size",300,0,"Polychoric PCA",0.33
"size",300,0,"ordpp linear",0.9
"size",300,0,"PCA, equal scores",0.265
"size",300,0,"Polychoric PCA",0.15
"size",300,0,"ordpp linear",0.275
"size",300,0,"PCA, equal scores",0.2
"size",300,0,"Polychoric PCA",0.155
"size",300,0,"ordpp linear",0.29
"size",300,0,"PCA, equal scores",0.675
"size",300,0,"Polychoric PCA",0.425
"size",300,0,"ordpp linear",0.665
"size",300,0,"PCA, equal scores",0.375
"size",300,0,"Polychoric PCA",0.38
"size",300,0,"ordpp linear",0.2
"size",300,0,"PCA, equal scores",0.485
"size",300,0,"Polychoric PCA",0.585
"size",300,0,"ordpp linear",0.295
"size",300,0,"PCA, equal scores",0.525
"size",300,0,"Polychoric PCA",0.4
"size",300,0,"ordpp linear",0.925
"size",300,0,"PCA, equal scores",0.36
"size",300,0,"Polychoric PCA",0.35
"size",300,0,"ordpp linear",0.285
"size",300,0,"PCA, equal scores",0.285
"size",300,0,"Polychoric PCA",0.49
"size",300,0,"ordpp linear",0.63
"size",300,0,"PCA, equal scores",0.445
"size",300,0,"Polychoric PCA",0.58
"size",300,0,"ordpp linear",0.755
"size",300,0,"PCA, equal scores",0.85
"size",300,0,"Polychoric PCA",0.74
"size",300,0,"ordpp linear",0.755
"size",300,0,"PCA, equal scores",0.095
"size",300,0,"Polychoric PCA",0.1
"size",300,0,"ordpp linear",0.325
"size",300,0,"PCA, equal scores",0.805
"size",300,0,"Polychoric PCA",0.27
"size",300,0,"ordpp linear",0.24
"size",300,0,"PCA, equal scores",0.18
"size",300,0,"Polychoric PCA",0.09
"size",300,0,"ordpp linear",0.54
"size",300,0,"PCA, equal scores",0.41
"size",300,0,"Polychoric PCA",0.355
"size",300,0,"ordpp linear",0.27
"size",300,0,"PCA, equal scores",0.77
"size",300,0,"Polychoric PCA",0.88
"size",300,0,"ordpp linear",0.095
"size",300,0,"PCA, equal scores",0.05
"size",300,0,"Polychoric PCA",0.02
"size",300,0,"ordpp linear",0.565
"size",300,0,"PCA, equal scores",0.705
"size",300,0,"Polychoric PCA",0.625
"size",300,0,"ordpp linear",0.29
"size",300,0,"PCA, equal scores",0.455
"size",300,0,"Polychoric PCA",0.315
"size",300,0,"ordpp linear",0.97
"size",300,0,"PCA, equal scores",0.695
"size",300,0,"Polychoric PCA",0.735
"size",300,0,"ordpp linear",0.92
"size",300,0,"PCA, equal scores",0.93
"size",300,0,"Polychoric PCA",0.845
"size",300,0,"ordpp linear",0.5
"size",300,0,"PCA, equal scores",0.505
"size",300,0,"Polychoric PCA",0.37
"size",300,0,"ordpp linear",0.605
"size",300,0,"PCA, equal scores",0.185
"size",300,0,"Polychoric PCA",0.215
"size",300,0,"ordpp linear",0.25
"size",300,0,"PCA, equal scores",0.45
"size",300,0,"Polychoric PCA",0.26
"size",300,0,"ordpp linear",0.82
"size",300,0,"PCA, equal scores",0.53
"size",300,0,"Polychoric PCA",0.49
"size",300,0,"ordpp linear",0.795
"size",300,0,"PCA, equal scores",0.98
"size",300,0,"Polychoric PCA",0.94
"size",300,0,"ordpp linear",0.83
"size",300,0,"PCA, equal scores",0.56
"size",300,0,"Polychoric PCA",0.475
"size",300,0,"ordpp linear",0.275
"size",300,0,"PCA, equal scores",0.11
"size",300,0,"Polychoric PCA",0.135
"size",300,0,"ordpp linear",0.87
"size",300,0,"PCA, equal scores",0.23
"size",300,0,"Polychoric PCA",0.195
"size",300,0,"ordpp linear",0.79
"size",300,0,"PCA, equal scores",0.47
"size",300,0,"Polychoric PCA",0.275
"size",300,0,"ordpp linear",0.005
"size",300,0,"PCA, equal scores",0.69
"size",300,0,"Polychoric PCA",0.17
"size",300,0,"ordpp linear",0.935
"size",300,0,"PCA, equal scores",0.34
"size",300,0,"Polychoric PCA",0.015
"size",300,0,"ordpp linear",0.495
"size",300,0,"PCA, equal scores",0.46
"size",300,0,"Polychoric PCA",0.48
"size",300,0,"ordpp linear",0.35
"size",300,0,"PCA, equal scores",0.475
"size",300,0,"Polychoric PCA",0.32
"size",300,0,"ordpp linear",0.63
"size",300,0,"PCA, equal scores",0.705
"size",300,0,"Polychoric PCA",0.565
"size",300,0,"ordpp linear",0.09
"size",300,0,"PCA, equal scores",0.015
"size",300,0,"Polychoric PCA",0.015
"size",300,0,"ordpp linear",0.28
"size",300,0,"PCA, equal scores",0.12
"size",300,0,"Polychoric PCA",0.19
"size",300,0,"ordpp linear",0.65
"size",300,0,"PCA, equal scores",0.995
"size",300,0,"Polychoric PCA",0.84
"size",300,0,"ordpp linear",0.405
"size",300,0,"PCA, equal scores",0.66
"size",300,0,"Polychoric PCA",0.63
"size",300,0,"ordpp linear",0.85
"size",300,0,"PCA, equal scores",0.31
"size",300,0,"Polychoric PCA",0.375
"size",300,0,"ordpp linear",0.04
"size",300,0,"PCA, equal scores",0.055
"size",300,0,"Polychoric PCA",0.075
"size",300,0,"ordpp linear",0.1
"size",300,0,"PCA, equal scores",0.445
"size",300,0,"Polychoric PCA",0.33
"size",300,0,"ordpp linear",0.3
"size",300,0,"PCA, equal scores",0.155
"size",300,0,"Polychoric PCA",0.1
"size",300,0,"ordpp linear",0.43
"size",300,0,"PCA, equal scores",0.14
"size",300,0,"Polychoric PCA",0.145
"size",300,0,"ordpp linear",0.045
"size",300,0,"PCA, equal scores",0.375
"size",300,0,"Polychoric PCA",0.81
"size",300,0,"ordpp linear",0.11
"size",300,0,"PCA, equal scores",0.055
"size",300,0,"Polychoric PCA",0.15
"size",300,0,"ordpp linear",0.275
"size",300,0,"PCA, equal scores",0.345
"size",300,0,"Polychoric PCA",0.365
"size",300,0,"ordpp linear",0.1
"size",300,0,"PCA, equal scores",0.43
"size",300,0,"Polychoric PCA",0.285
"size",300,0,"ordpp linear",0.23
"size",300,0,"PCA, equal scores",0.765
"size",300,0,"Polychoric PCA",0.625
"size",300,0,"ordpp linear",0.44
"size",300,0,"PCA, equal scores",0.855
"size",300,0,"Polychoric PCA",0.255
"size",300,0,"ordpp linear",0.52
"size",300,0,"PCA, equal scores",0.84
"size",300,0,"Polychoric PCA",0.825
"size",300,0,"ordpp linear",0.17
"size",300,0,"PCA, equal scores",0.43
"size",300,0,"Polychoric PCA",0.415
"size",300,0,"ordpp linear",0.78
"size",300,0,"PCA, equal scores",0.71
"size",300,0,"Polychoric PCA",0.34
"size",300,0,"ordpp linear",0.145
"size",300,0,"PCA, equal scores",0.155
"size",300,0,"Polychoric PCA",0.305
"size",300,0,"ordpp linear",0.445
"size",300,0,"PCA, equal scores",0.79
"size",300,0,"Polychoric PCA",0.87
"size",300,0,"ordpp linear",0.035
"size",300,0,"PCA, equal scores",0.305
"size",300,0,"Polychoric PCA",0.225
"size",300,0,"ordpp linear",0.225
"size",300,0,"PCA, equal scores",0.19
"size",300,0,"Polychoric PCA",0.19
"size",300,0,"ordpp linear",0.06
"size",300,0,"PCA, equal scores",0.37
"size",300,0,"Polychoric PCA",0.575
"size",300,0,"ordpp linear",0.835
"size",300,0,"PCA, equal scores",0.91
"size",300,0,"Polychoric PCA",0.985
"size",300,0,"ordpp linear",0.2
"size",300,0,"PCA, equal scores",0.42
"size",300,0,"Polychoric PCA",0.4
"size",300,0,"ordpp linear",0.22
"size",300,0,"PCA, equal scores",0.245
"size",300,0,"Polychoric PCA",0.255
"size",300,0,"ordpp linear",0.85
"size",300,0,"PCA, equal scores",0.47
"size",300,0,"Polychoric PCA",0.5
"size",300,0,"ordpp linear",0.08
"size",300,0,"PCA, equal scores",0.215
"size",300,0,"Polychoric PCA",0.145
"size",300,0,"ordpp linear",0.28
"size",300,0,"PCA, equal scores",0.385
"size",300,0,"Polychoric PCA",0.18
"size",300,0,"ordpp linear",0.95
"size",300,0,"PCA, equal scores",0.885
"size",300,0,"Polychoric PCA",0.85
"size",300,0,"ordpp linear",0.12
"size",300,0,"PCA, equal scores",0.915
"size",300,0,"Polychoric PCA",0.355
"size",300,0,"ordpp linear",0.655
"size",300,0,"PCA, equal scores",0.785
"size",300,0,"Polychoric PCA",0.72
"size",300,0,"ordpp linear",0.095
"size",300,0,"PCA, equal scores",0.18
"size",300,0,"Polychoric PCA",0.415
"size",300,0,"ordpp linear",0.18
"size",300,0,"PCA, equal scores",0.225
"size",300,0,"Polychoric PCA",0.14
"size",300,0,"ordpp linear",0.58
"size",300,0,"PCA, equal scores",0.125
"size",300,0,"Polychoric PCA",0.04
"size",300,0,"ordpp linear",0.015
"size",300,0,"PCA, equal scores",0.045
"size",300,0,"Polychoric PCA",0.155
"size",300,0,"ordpp linear",0.245
"size",300,0,"PCA, equal scores",0.485
"size",300,0,"Polychoric PCA",0.36
"size",300,0,"ordpp linear",0.49
"size",300,0,"PCA, equal scores",0.5
"size",300,0,"Polychoric PCA",0.71
"size",300,0,"ordpp linear",0.235
"size",300,0,"PCA, equal scores",0.535
"size",300,0,"Polychoric PCA",0.53
"size",300,0,"ordpp linear",0.39
"size",300,0,"PCA, equal scores",0.84
"size",300,0,"Polychoric PCA",0.8
"size",300,0,"ordpp linear",0.27
"size",300,0,"PCA, equal scores",0.97
"size",300,0,"Polychoric PCA",0.95
"size",300,0,"ordpp linear",0.26
"size",300,0,"PCA, equal scores",0.475
"size",300,0,"Polychoric PCA",0.645
"size",300,0,"ordpp linear",0.59
"size",300,0,"PCA, equal scores",0.82
"size",300,0,"Polychoric PCA",0.835
"size",300,0,"ordpp linear",0.37
"size",300,0,"PCA, equal scores",0.945
"size",300,0,"Polychoric PCA",0.93
"size",300,0,"ordpp linear",0.625
"size",300,0,"PCA, equal scores",0.475
"size",300,0,"Polychoric PCA",0.48
"size",300,0,"ordpp linear",0.355
"size",300,0,"PCA, equal scores",0.405
"size",300,0,"Polychoric PCA",0.11
"size",300,0,"ordpp linear",0.55
"size",300,0,"PCA, equal scores",0.585
"size",300,0,"Polychoric PCA",0.795
"size",300,0,"ordpp linear",0.09
"size",300,0,"PCA, equal scores",0.63
"size",300,0,"Polychoric PCA",0.595
"size",300,0,"ordpp linear",0.75
"size",300,0,"PCA, equal scores",0.665
"size",300,0,"Polychoric PCA",0.675
"size",300,0,"ordpp linear",0.66
"size",300,0,"PCA, equal scores",0.865
"size",300,0,"Polychoric PCA",0.885
"size",300,0,"ordpp linear",0.18
"size",300,0,"PCA, equal scores",0.765
"size",300,0,"Polychoric PCA",0.565
"size",300,0,"ordpp linear",0.625
"size",300,0,"PCA, equal scores",0.38
"size",300,0,"Polychoric PCA",0.305
"size",300,0,"ordpp linear",0.105
"size",300,0,"PCA, equal scores",0.545
"size",300,0,"Polychoric PCA",0.505
"size",300,0,"ordpp linear",0.46
"size",300,0,"PCA, equal scores",0.41
"size",300,0,"Polychoric PCA",0.49
"size",300,0,"ordpp linear",0.945
"size",300,0,"PCA, equal scores",0.19
"size",300,0,"Polychoric PCA",0.195
"size",300,0,"ordpp linear",0.36
"size",300,0,"PCA, equal scores",0.155
"size",300,0,"Polychoric PCA",0.17
"size",300,0,"ordpp linear",0.815
"size",300,0,"PCA, equal scores",0.735
"size",300,0,"Polychoric PCA",0.97
"size",300,0,"ordpp linear",0.365
"size",300,0,"PCA, equal scores",0.505
"size",300,0,"Polychoric PCA",0.455
"size",300,0,"ordpp linear",0.06
"size",300,0,"PCA, equal scores",0.22
"size",300,0,"Polychoric PCA",0.145
"size",300,0,"ordpp linear",0.765
"size",300,0,"PCA, equal scores",0.515
"size",300,0,"Polychoric PCA",0.515
"size",300,0,"ordpp linear",0.125
"size",300,0,"PCA, equal scores",0.515
"size",300,0,"Polychoric PCA",0.48
"size",300,0,"ordpp linear",0.37
"size",300,0,"PCA, equal scores",0.695
"size",300,0,"Polychoric PCA",0.7
"size",300,0,"ordpp linear",0.15
"size",300,0,"PCA, equal scores",0.18
"size",300,0,"Polychoric PCA",0.13
"size",300,0,"ordpp linear",0.38
"size",300,0,"PCA, equal scores",0.375
"size",300,0,"Polychoric PCA",0.49
"size",300,0,"ordpp linear",0.885
"size",300,0,"PCA, equal scores",0.03
"size",300,0,"Polychoric PCA",0.365
"size",300,0,"ordpp linear",0.535
"size",300,0,"PCA, equal scores",0.15
"size",300,0,"Polychoric PCA",0.23
"size",300,0,"ordpp linear",0.265
"size",300,0,"PCA, equal scores",0.04
"size",300,0,"Polychoric PCA",0.09
"size",300,0,"ordpp linear",0.37
"size",300,0,"PCA, equal scores",0.195
"size",300,0,"Polychoric PCA",0.54
"size",300,0,"ordpp linear",0.15
"size",300,0,"PCA, equal scores",0.135
"size",300,0,"Polychoric PCA",0.13
"size",300,0,"ordpp linear",0.245
"size",300,0,"PCA, equal scores",0.255
"size",300,0,"Polychoric PCA",0.435
"size",300,0,"ordpp linear",0.45
"size",300,0,"PCA, equal scores",0.82
"size",300,0,"Polychoric PCA",0.905
"size",300,0,"ordpp linear",0.82
"size",300,0,"PCA, equal scores",0.155
"size",300,0,"Polychoric PCA",0.285
"size",300,0,"ordpp linear",0.825
"size",300,0,"PCA, equal scores",0.165
"size",300,0,"Polychoric PCA",0.095
"size",300,0,"ordpp linear",0.985
"size",300,0,"PCA, equal scores",0.76
"size",300,0,"Polychoric PCA",0.83
"size",300,0,"ordpp linear",0.005
"size",300,0,"PCA, equal scores",0.005
"size",300,0,"Polychoric PCA",0.01
"size",300,0,"ordpp linear",0.895
"size",300,0,"PCA, equal scores",0.395
"size",300,0,"Polychoric PCA",0.41
"size",300,0,"ordpp linear",0.31
"size",300,0,"PCA, equal scores",0.975
"size",300,0,"Polychoric PCA",0.89
"size",300,0,"ordpp linear",0.705
"size",300,0,"PCA, equal scores",0.87
"size",300,0,"Polychoric PCA",0.45
"size",300,0,"ordpp linear",0.76
"size",300,0,"PCA, equal scores",0.44
"size",300,0,"Polychoric PCA",0.47
"size",300,0,"ordpp linear",0.33
"size",300,0,"PCA, equal scores",0.315
"size",300,0,"Polychoric PCA",0.625
"size",300,0,"ordpp linear",0.39
"size",300,0,"PCA, equal scores",0.085
"size",300,0,"Polychoric PCA",0.085
"size",300,0,"ordpp linear",0.7
"size",300,0,"PCA, equal scores",0.24
"size",300,0,"Polychoric PCA",0.235
"size",300,0,"ordpp linear",0.265
"size",300,0,"PCA, equal scores",0.52
"size",300,0,"Polychoric PCA",0.625
"size",300,0,"ordpp linear",0.675
"size",300,0,"PCA, equal scores",0.025
"size",300,0,"Polychoric PCA",0.035
"size",300,0,"ordpp linear",0.21
"size",300,0,"PCA, equal scores",0.39
"size",300,0,"Polychoric PCA",0.25
"size",300,0,"ordpp linear",0.28
"size",300,0,"PCA, equal scores",0.185
"size",300,0,"Polychoric PCA",0.64
"size",300,0,"ordpp linear",0.63
"size",300,0,"PCA, equal scores",0.51
"size",300,0,"Polychoric PCA",0.585
"size",300,0,"ordpp linear",0.43
"size",300,0,"PCA, equal scores",0.87
"size",300,0,"Polychoric PCA",0.88
"size",300,0,"ordpp linear",0.96
"size",300,0,"PCA, equal scores",0.035
"size",300,0,"Polychoric PCA",0.02
"size",300,0,"ordpp linear",0.44
"size",300,0,"PCA, equal scores",0.155
"size",300,0,"Polychoric PCA",0.18
"size",300,0,"ordpp linear",0.72
"size",300,0,"PCA, equal scores",0.96
"size",300,0,"Polychoric PCA",0.885
"size",300,0,"ordpp linear",0.57
"size",300,0,"PCA, equal scores",0.185
"size",300,0,"Polychoric PCA",0.3
"size",300,0,"ordpp linear",0.15
"size",300,0,"PCA, equal scores",0.53
"size",300,0,"Polychoric PCA",0.525
"size",300,0,"ordpp linear",0.93
"size",300,0,"PCA, equal scores",0.02
"size",300,0,"Polychoric PCA",0.065
"size",300,0,"ordpp linear",0.525
"size",300,0,"PCA, equal scores",0.85
"size",300,0,"Polychoric PCA",0.885
"size",300,0,"ordpp linear",0.32
"size",300,0,"PCA, equal scores",0.65
"size",300,0,"Polychoric PCA",0.535
"size",300,0,"ordpp linear",0.155
"size",300,0,"PCA, equal scores",0.07
"size",300,0,"Polychoric PCA",0.06
"size",300,0,"ordpp linear",0.62
"size",300,0,"PCA, equal scores",0.54
"size",300,0,"Polychoric PCA",0.4
"size",300,0,"ordpp linear",0.165
"size",300,0,"PCA, equal scores",0.445
"size",300,0,"Polychoric PCA",0.505
"size",300,0,"ordpp linear",0.455
"size",300,0,"PCA, equal scores",0.4
"size",300,0,"Polychoric PCA",0.19
"size",300,0,"ordpp linear",0.26
"size",300,0,"PCA, equal scores",0.595
"size",300,0,"Polychoric PCA",0.6
"size",300,0,"ordpp linear",0.51
"size",300,0,"PCA, equal scores",1
"size",300,0,"Polychoric PCA",1
"size",300,0,"ordpp linear",0.41
"size",300,0,"PCA, equal scores",0.36
"size",300,0,"Polychoric PCA",0.43
"size",300,0,"ordpp linear",0.615
"size",300,0,"PCA, equal scores",0.47
"size",300,0,"Polychoric PCA",0.41
"size",300,0,"ordpp linear",0.87
"size",300,0,"PCA, equal scores",0.985
"size",300,0,"Polychoric PCA",0.625
"size",300,0,"ordpp linear",0.29
"size",300,0,"PCA, equal scores",0.26
"size",300,0,"Polychoric PCA",0.1
"size",300,0,"ordpp linear",0.64
"size",300,0,"PCA, equal scores",0.615
"size",300,0,"Polychoric PCA",0.325
"size",300,0,"ordpp linear",0.66
"size",300,0,"PCA, equal scores",0.755
"size",300,0,"Polychoric PCA",0.94
"size",300,0,"ordpp linear",0.94
"size",300,0,"PCA, equal scores",0.725
"size",300,0,"Polychoric PCA",0.505
"size",300,0,"ordpp linear",0.795
"size",300,0,"PCA, equal scores",0.255
"size",300,0,"Polychoric PCA",0.25
"size",300,0,"ordpp linear",0.19
"size",300,0,"PCA, equal scores",0.705
"size",300,0,"Polychoric PCA",0.62
"size",300,0,"ordpp linear",0.055
"size",300,0,"PCA, equal scores",0.13
"size",300,0,"Polychoric PCA",0.19
"size",300,0,"ordpp linear",0.12
"size",300,0,"PCA, equal scores",0.04
"size",300,0,"Polychoric PCA",0.08
"size",300,0,"ordpp linear",0.8
"size",300,0,"PCA, equal scores",0.76
"size",300,0,"Polychoric PCA",0.525
"size",300,0,"ordpp linear",0.225
"size",300,0,"PCA, equal scores",0.25
"size",300,0,"Polychoric PCA",0.29
"size",300,0,"ordpp linear",0.985
"size",300,0,"PCA, equal scores",0.38
"size",300,0,"Polychoric PCA",0.35
"size",300,0,"ordpp linear",0.115
"size",300,0,"PCA, equal scores",0.09
"size",300,0,"Polychoric PCA",0.06
"size",300,0,"ordpp linear",0.3
"size",300,0,"PCA, equal scores",0.57
"size",300,0,"Polychoric PCA",0.56
"size",300,0,"ordpp linear",0.535
"size",300,0,"PCA, equal scores",0.44
"size",300,0,"Polychoric PCA",0.5
"size",300,0,"ordpp linear",1
"size",300,0,"PCA, equal scores",0.615
"size",300,0,"Polychoric PCA",0.12
"size",300,0,"ordpp linear",0.81
"size",300,0,"PCA, equal scores",0.555
"size",300,0,"Polychoric PCA",0.365
"size",300,0,"ordpp linear",0.66
"size",300,0,"PCA, equal scores",0.42
"size",300,0,"Polychoric PCA",0.39
"size",300,0,"ordpp linear",0.045
"size",300,0,"PCA, equal scores",0.295
"size",300,0,"Polychoric PCA",0.95
"size",300,0,"ordpp linear",0.145
"size",300,0,"PCA, equal scores",0.45
"size",300,0,"Polychoric PCA",0.47
"size",300,0,"ordpp linear",0.975
"size",300,0,"PCA, equal scores",0.18
"size",300,0,"Polychoric PCA",0.12
"size",300,0,"ordpp linear",0.7
"size",300,0,"PCA, equal scores",0.91
"size",300,0,"Polychoric PCA",0.975
"size",300,0,"ordpp linear",0.99
"size",300,0,"PCA, equal scores",0.865
"size",300,0,"Polychoric PCA",0.91
"size",300,0,"ordpp linear",0.565
"size",300,0,"PCA, equal scores",0.86
"size",300,0,"Polychoric PCA",0.935
"size",300,0,"ordpp linear",0.76
"size",300,0,"PCA, equal scores",0.485
"size",300,0,"Polychoric PCA",0.355
"size",300,0,"ordpp linear",0.8
"size",300,0,"PCA, equal scores",0.56
"size",300,0,"Polychoric PCA",0.66
"size",300,0,"ordpp linear",0.34
"size",300,0,"PCA, equal scores",0.885
"size",300,0,"Polychoric PCA",0.69
"size",300,0,"ordpp linear",0.975
"size",300,0,"PCA, equal scores",0.56
"size",300,0,"Polychoric PCA",0.47
"size",300,0,"ordpp linear",0.49
"size",300,0,"PCA, equal scores",0.32
"size",300,0,"Polychoric PCA",0.31
"size",300,0,"ordpp linear",0.96
"size",300,0,"PCA, equal scores",0.07
"size",300,0,"Polychoric PCA",0.065
"size",300,0,"ordpp linear",0.925
"size",300,0,"PCA, equal scores",0.765
"size",300,0,"Polychoric PCA",0.65
"size",300,0,"ordpp linear",0.625
"size",300,0,"PCA, equal scores",0.865
"size",300,0,"Polychoric PCA",0.905
"size",300,0,"ordpp linear",0.29
"size",300,0,"PCA, equal scores",0.84
"size",300,0,"Polychoric PCA",0.975
"size",300,0,"ordpp linear",0.925
"size",300,0,"PCA, equal scores",0.105
"size",300,0,"Polychoric PCA",0.055
"size",300,0,"ordpp linear",0.22
"size",300,0,"PCA, equal scores",0.315
"size",300,0,"Polychoric PCA",0.26
"size",300,0,"ordpp linear",0.175
"size",300,0,"PCA, equal scores",0.22
"size",300,0,"Polychoric PCA",0.335
"size",300,0,"ordpp linear",0.575
"size",300,0,"PCA, equal scores",0.21
"size",300,0,"Polychoric PCA",0.18
"size",300,0,"ordpp linear",0.37
"size",300,0,"PCA, equal scores",0.165
"size",300,0,"Polychoric PCA",0.15
"size",300,0,"ordpp linear",0.145
"size",300,0,"PCA, equal scores",0.205
"size",300,0,"Polychoric PCA",0.21
"size",300,0,"ordpp linear",0.235
"size",300,0,"PCA, equal scores",0.26
"size",300,0,"Polychoric PCA",0.475
"size",300,0,"ordpp linear",0.06
"size",300,0,"PCA, equal scores",0.07
"size",300,0,"Polychoric PCA",0.18
"size",300,0,"ordpp linear",0.92
"size",300,0,"PCA, equal scores",0.275
"size",300,0,"Polychoric PCA",0.515
"size",300,0,"ordpp linear",0.155
"size",300,0,"PCA, equal scores",0.015
"size",300,0,"Polychoric PCA",0.09
"size",300,0,"ordpp linear",0.715
"size",300,0,"PCA, equal scores",0.225
"size",300,0,"Polychoric PCA",0.435
"size",300,0,"ordpp linear",0.07
"size",300,0,"PCA, equal scores",0.84
"size",300,0,"Polychoric PCA",0.4
"size",300,0,"ordpp linear",0.42
"size",300,0,"PCA, equal scores",0.765
"size",300,0,"Polychoric PCA",0.675
"size",300,0,"ordpp linear",0.31
"size",300,0,"PCA, equal scores",0.115
"size",300,0,"Polychoric PCA",0.08
"size",300,0,"ordpp linear",0.46
"size",300,0,"PCA, equal scores",0.16
"size",300,0,"Polychoric PCA",0.12
"size",300,0,"ordpp linear",0.14
"size",300,0,"PCA, equal scores",0.215
"size",300,0,"Polychoric PCA",0.21
"size",300,0,"ordpp linear",0.085
"size",300,0,"PCA, equal scores",0.16
"size",300,0,"Polychoric PCA",0.205
"size",300,0,"ordpp linear",0.93
"size",300,0,"PCA, equal scores",0.43
"size",300,0,"Polychoric PCA",0.425
"size",300,0,"ordpp linear",0.74
"size",300,0,"PCA, equal scores",0.79
"size",300,0,"Polychoric PCA",0.725
"size",300,0,"ordpp linear",0.485
"size",300,0,"PCA, equal scores",0.92
"size",300,0,"Polychoric PCA",0.935
"size",300,0,"ordpp linear",0.92
"size",300,0,"PCA, equal scores",0.435
"size",300,0,"Polychoric PCA",0.565
"size",300,0,"ordpp linear",0.2
"size",300,0,"PCA, equal scores",0.955
"size",300,0,"Polychoric PCA",0.89
"size",300,0,"ordpp linear",0.88
"size",300,0,"PCA, equal scores",0.56
"size",300,0,"Polychoric PCA",0.52
"size",300,0,"ordpp linear",0.165
"size",300,0,"PCA, equal scores",0.92
"size",300,0,"Polychoric PCA",0.79
"size",300,0,"ordpp linear",0.89
"size",300,0,"PCA, equal scores",0.82
"size",300,0,"Polychoric PCA",0.74
"size",300,0,"ordpp linear",0.43
"size",300,0,"PCA, equal scores",0.79
"size",300,0,"Polychoric PCA",0.265
"size",300,0,"ordpp linear",0.73
"size",300,0,"PCA, equal scores",0.29
"size",300,0,"Polychoric PCA",0.315
"size",300,0,"ordpp linear",0.485
"size",300,0,"PCA, equal scores",0.765
"size",300,0,"Polychoric PCA",0.845
"size",300,0,"ordpp linear",0.675
"size",300,0,"PCA, equal scores",0.665
"size",300,0,"Polychoric PCA",0.34
"size",300,0,"ordpp linear",0.985
"size",300,0,"PCA, equal scores",0.7
"size",300,0,"Polychoric PCA",0.74
"size",300,0,"ordpp linear",0.915
"size",300,0,"PCA, equal scores",0.645
"size",300,0,"Polychoric PCA",0.625
"size",300,0,"ordpp linear",0.965
"size",300,0,"PCA, equal scores",0.835
"size",300,0,"Polychoric PCA",0.555
"size",300,0,"ordpp linear",0.475
"size",300,0,"PCA, equal scores",0.79
"size",300,0,"Polychoric PCA",0.76
"size",300,0,"ordpp linear",0.185
"size",300,0,"PCA, equal scores",0.925
"size",300,0,"Polychoric PCA",0.8
"size",300,0,"ordpp linear",0.9
"size",300,0,"PCA, equal scores",0.6
"size",300,0,"Polychoric PCA",0.825
"size",300,0,"ordpp linear",0.145
"size",300,0,"PCA, equal scores",0.14
"size",300,0,"Polychoric PCA",0.125
"size",300,0,"ordpp linear",0.55
"size",300,0,"PCA, equal scores",0.215
"size",300,0,"Polychoric PCA",0.155
"size",300,0,"ordpp linear",0.205
"size",300,0,"PCA, equal scores",0.715
"size",300,0,"Polychoric PCA",0.7
"size",300,0,"ordpp linear",0.745
"size",300,0,"PCA, equal scores",0.66
"size",300,0,"Polychoric PCA",0.77
"size",300,0,"ordpp linear",0.035
"size",300,0,"PCA, equal scores",0.745
"size",300,0,"Polychoric PCA",0.59
"size",300,0,"ordpp linear",0.165
"size",300,0,"PCA, equal scores",0.04
"size",300,0,"Polychoric PCA",0.045
"size",300,0,"ordpp linear",0.915
"size",300,0,"PCA, equal scores",0.945
"size",300,0,"Polychoric PCA",0.945
"size",300,0,"ordpp linear",0.405
"size",300,0,"PCA, equal scores",0.395
"size",300,0,"Polychoric PCA",0.345
"size",300,0,"ordpp linear",0.135
"size",300,0,"PCA, equal scores",0.83
"size",300,0,"Polychoric PCA",0.8
"size",300,0,"ordpp linear",0.845
"size",300,0,"PCA, equal scores",0.35
"size",300,0,"Polychoric PCA",0.495
"size",300,0,"ordpp linear",0.36
"size",300,0,"PCA, equal scores",0.335
"size",300,0,"Polychoric PCA",0.285
"size",300,0,"ordpp linear",0.365
"size",300,0,"PCA, equal scores",0.875
"size",300,0,"Polychoric PCA",0.255
"size",300,0,"ordpp linear",0.265
"size",300,0,"PCA, equal scores",0.5
"size",300,0,"Polychoric PCA",0.845
"size",300,0,"ordpp linear",0.81
"size",300,0,"PCA, equal scores",0.585
"size",300,0,"Polychoric PCA",0.555
"size",300,0,"ordpp linear",0.27
"size",300,0,"PCA, equal scores",0.83
"size",300,0,"Polychoric PCA",0.34
"size",300,0,"ordpp linear",0.24
"size",300,0,"PCA, equal scores",0.14
"size",300,0,"Polychoric PCA",0.15
"size",300,0,"ordpp linear",0.62
"size",300,0,"PCA, equal scores",0.35
"size",300,0,"Polychoric PCA",0.625
"size",300,0,"ordpp linear",0.02
"size",300,0,"PCA, equal scores",0.02
"size",300,0,"Polychoric PCA",0.035
"size",300,0,"ordpp linear",0.06
"size",300,0,"PCA, equal scores",0.01
"size",300,0,"Polychoric PCA",0.02
"size",300,0,"ordpp linear",0.625
"size",300,0,"PCA, equal scores",0.26
"size",300,0,"Polychoric PCA",0.27
"size",300,0,"ordpp linear",0.35
"size",300,0,"PCA, equal scores",0.7
"size",300,0,"Polychoric PCA",0.58
"size",300,0,"ordpp linear",0.065
"size",300,0,"PCA, equal scores",0.815
"size",300,0,"Polychoric PCA",0.79
"size",300,0,"ordpp linear",0.89
"size",300,0,"PCA, equal scores",0.72
"size",300,0,"Polychoric PCA",0.5
"size",300,0,"ordpp linear",0.45
"size",300,0,"PCA, equal scores",0.84
"size",300,0,"Polychoric PCA",0.83
"size",300,0,"ordpp linear",0.34
"size",300,0,"PCA, equal scores",0.43
"size",300,0,"Polychoric PCA",0.455
"size",300,0,"ordpp linear",0.95
"size",300,0,"PCA, equal scores",0.97
"size",300,0,"Polychoric PCA",0.975
"size",300,0,"ordpp linear",0.86
"size",300,0,"PCA, equal scores",0.475
"size",300,0,"Polychoric PCA",0.43
"size",300,0,"ordpp linear",0.525
"size",300,0,"PCA, equal scores",0.415
"size",300,0,"Polychoric PCA",0.49
"size",300,0,"ordpp linear",0.085
"size",300,0,"PCA, equal scores",0.175
"size",300,0,"Polychoric PCA",0.28
"size",300,0,"ordpp linear",0.38
"size",300,0,"PCA, equal scores",0.685
"size",300,0,"Polychoric PCA",0.745
"size",300,0,"ordpp linear",0.715
"size",300,0,"PCA, equal scores",0.495
"size",300,0,"Polychoric PCA",0.525
"size",300,0,"ordpp linear",0.135
"size",300,0,"PCA, equal scores",0.485
"size",300,0,"Polychoric PCA",0.63
"size",300,0,"ordpp linear",0.195
"size",300,0,"PCA, equal scores",0.24
"size",300,0,"Polychoric PCA",0.74
"size",300,0,"ordpp linear",0.41
"size",300,0,"PCA, equal scores",0.63
"size",300,0,"Polychoric PCA",0.595
"size",300,0,"ordpp linear",0.335
"size",300,0,"PCA, equal scores",0.39
"size",300,0,"Polychoric PCA",0.485
"size",300,0,"ordpp linear",0.755
"size",300,0,"PCA, equal scores",0.77
"size",300,0,"Polychoric PCA",0.825
"size",300,0,"ordpp linear",0.17
"size",300,0,"PCA, equal scores",0.195
"size",300,0,"Polychoric PCA",0.425
"size",300,0,"ordpp linear",0.3
"size",300,0,"PCA, equal scores",0.055
"size",300,0,"Polychoric PCA",0.03
"size",300,0,"ordpp linear",0.43
"size",300,0,"PCA, equal scores",0.395
"size",300,0,"Polychoric PCA",0.31
"size",300,0,"ordpp linear",0.76
"size",300,0,"PCA, equal scores",0.03
"size",300,0,"Polychoric PCA",0.035
"size",300,0,"ordpp linear",0.115
"size",300,0,"PCA, equal scores",0.32
"size",300,0,"Polychoric PCA",0.225
"size",300,0,"ordpp linear",0.72
"size",300,0,"PCA, equal scores",0.715
"size",300,0,"Polychoric PCA",0.385
"size",300,0,"ordpp linear",0.135
"size",300,0,"PCA, equal scores",0.105
"size",300,0,"Polychoric PCA",0.185
"size",300,0,"ordpp linear",0.075
"size",300,0,"PCA, equal scores",0.49
"size",300,0,"Polychoric PCA",0.465
"size",300,0,"ordpp linear",0.35
"size",300,0,"PCA, equal scores",0.56
"size",300,0,"Polychoric PCA",0.65
"size",300,0,"ordpp linear",0.17
"size",300,0,"PCA, equal scores",0.225
"size",300,0,"Polychoric PCA",0.26
"size",300,0,"ordpp linear",0.1
"size",300,0,"PCA, equal scores",0.14
"size",300,0,"Polychoric PCA",0.165
"size",300,0,"ordpp linear",0.74
"size",300,0,"PCA, equal scores",0.61
"size",300,0,"Polychoric PCA",0.745
"size",300,0,"ordpp linear",0.7
"size",300,0,"PCA, equal scores",0.72
"size",300,0,"Polychoric PCA",0.755
"size",300,0,"ordpp linear",0.675
"size",300,0,"PCA, equal scores",0.93
"size",300,0,"Polychoric PCA",0.72
"size",300,0,"ordpp linear",0.955
"size",300,0,"PCA, equal scores",0.77
"size",300,0,"Polychoric PCA",0.62
"size",300,0,"ordpp linear",0.985
"size",300,0,"PCA, equal scores",0.87
"size",300,0,"Polychoric PCA",0.93
"size",300,0,"ordpp linear",0.075
"size",300,0,"PCA, equal scores",0.275
"size",300,0,"Polychoric PCA",0.475
"size",300,0,"ordpp linear",0.71
"size",300,0,"PCA, equal scores",0.65
"size",300,0,"Polychoric PCA",0.195
"size",300,0,"ordpp linear",0.705
"size",300,0,"PCA, equal scores",0.82
"size",300,0,"Polychoric PCA",0.675
"size",300,0,"ordpp linear",0.795
"size",300,0,"PCA, equal scores",0.945
"size",300,0,"Polychoric PCA",0.815
"size",300,0,"ordpp linear",0.465
"size",300,0,"PCA, equal scores",0.44
"size",300,0,"Polychoric PCA",0.2
"size",300,0,"ordpp linear",0.065
"size",300,0,"PCA, equal scores",0.64
"size",300,0,"Polychoric PCA",0.78
"size",300,0,"ordpp linear",0.6
"size",300,0,"PCA, equal scores",0.07
"size",300,0,"Polychoric PCA",0.12
"size",300,0,"ordpp linear",0.055
"size",300,0,"PCA, equal scores",0.585
"size",300,0,"Polychoric PCA",0.975
"size",300,0,"ordpp linear",0.76
"size",300,0,"PCA, equal scores",0.74
"size",300,0,"Polychoric PCA",0.75
"size",300,0,"ordpp linear",0.965
"size",300,0,"PCA, equal scores",0.27
"size",300,0,"Polychoric PCA",0.435
"size",300,0,"ordpp linear",0.585
"size",300,0,"PCA, equal scores",0.165
"size",300,0,"Polychoric PCA",0.145
"size",300,0,"ordpp linear",0.31
"size",300,0,"PCA, equal scores",0.46
"size",300,0,"Polychoric PCA",0.625
"size",300,0,"ordpp linear",0.9
"size",300,0,"PCA, equal scores",0.585
"size",300,0,"Polychoric PCA",0.38
"size",300,0,"ordpp linear",0.85
"size",300,0,"PCA, equal scores",0.485
"size",300,0,"Polychoric PCA",0.265
"size",300,0,"ordpp linear",0.42
"size",300,0,"PCA, equal scores",0.185
"size",300,0,"Polychoric PCA",0.105
"size",300,0,"ordpp linear",0.93
"size",300,0,"PCA, equal scores",0.885
"size",300,0,"Polychoric PCA",0.855
"size",300,0,"ordpp linear",0.785
"size",300,0,"PCA, equal scores",0.76
"size",300,0,"Polychoric PCA",0.735
"size",300,0,"ordpp linear",0.03
"size",300,0,"PCA, equal scores",0.05
"size",300,0,"Polychoric PCA",0.02
"size",300,0,"ordpp linear",0.065
"size",300,0,"PCA, equal scores",0.235
"size",300,0,"Polychoric PCA",0.105
"size",300,0,"ordpp linear",0.62
"size",300,0,"PCA, equal scores",0.115
"size",300,0,"Polychoric PCA",0.355
"size",300,0,"ordpp linear",0.31
"size",300,0,"PCA, equal scores",0.205
"size",300,0,"Polychoric PCA",0.255
"size",300,0,"ordpp linear",0.225
"size",300,0,"PCA, equal scores",0.225
"size",300,0,"Polychoric PCA",0.27
"size",300,0,"ordpp linear",0.38
"size",300,0,"PCA, equal scores",0.84
"size",300,0,"Polychoric PCA",0.83
"size",300,0,"ordpp linear",0.48
"size",300,0,"PCA, equal scores",0.72
"size",300,0,"Polychoric PCA",0.885
"size",300,0,"ordpp linear",0.62
"size",300,0,"PCA, equal scores",0.38
"size",300,0,"Polychoric PCA",0.755
"size",300,0,"ordpp linear",0.215
"size",300,0,"PCA, equal scores",0.085
"size",300,0,"Polychoric PCA",0.145
"size",300,0,"ordpp linear",0.14
"size",300,0,"PCA, equal scores",0.115
"size",300,0,"Polychoric PCA",0.075
"size",300,0,"ordpp linear",0.175
"size",300,0,"PCA, equal scores",0.965
"size",300,0,"Polychoric PCA",0.94
"size",300,0,"ordpp linear",0.67
"size",300,0,"PCA, equal scores",0.35
"size",300,0,"Polychoric PCA",0.375
"size",300,0,"ordpp linear",0.34
"size",300,0,"PCA, equal scores",0.52
"size",300,0,"Polychoric PCA",0.46
"size",300,0,"ordpp linear",0.01
"size",300,0,"PCA, equal scores",0.76
"size",300,0,"Polychoric PCA",0.8
"size",300,0,"ordpp linear",0.39
"size",300,0,"PCA, equal scores",0.51
"size",300,0,"Polychoric PCA",0.69
"size",300,0,"ordpp linear",0.06
"size",300,0,"PCA, equal scores",0.29
"size",300,0,"Polychoric PCA",0.57
"size",300,0,"ordpp linear",0.315
"size",300,0,"PCA, equal scores",0.41
"size",300,0,"Polychoric PCA",0.38
"size",300,0,"ordpp linear",1
"size",300,0,"PCA, equal scores",0.915
"size",300,0,"Polychoric PCA",0.84
"size",300,0,"ordpp linear",0.34
"size",300,0,"PCA, equal scores",0.73
"size",300,0,"Polychoric PCA",0.87
"size",300,0,"ordpp linear",0.365
"size",300,0,"PCA, equal scores",0.825
"size",300,0,"Polychoric PCA",0.205
"size",300,0,"ordpp linear",0.01
"size",300,0,"PCA, equal scores",0.495
"size",300,0,"Polychoric PCA",0.595
"size",300,0,"ordpp linear",0.09
"size",300,0,"PCA, equal scores",0.405
"size",300,0,"Polychoric PCA",0.355
"size",300,0,"ordpp linear",0.965
"size",300,0,"PCA, equal scores",0.82
"size",300,0,"Polychoric PCA",0.96
"size",300,0,"ordpp linear",0.375
"size",300,0,"PCA, equal scores",1
"size",300,0,"Polychoric PCA",1
"size",300,0,"ordpp linear",0.84
"size",300,0,"PCA, equal scores",0.38
"size",300,0,"Polychoric PCA",0.34
"size",300,0,"ordpp linear",0.63
"size",300,0,"PCA, equal scores",0.83
"size",300,0,"Polychoric PCA",0.745
"size",300,0,"ordpp linear",0.44
"size",300,0,"PCA, equal scores",0.36
"size",300,0,"Polychoric PCA",0.55
"size",300,0,"ordpp linear",0.495
"size",300,0,"PCA, equal scores",0.655
"size",300,0,"Polychoric PCA",0.89
"size",300,0,"ordpp linear",0.23
"size",300,0,"PCA, equal scores",0.96
"size",300,0,"Polychoric PCA",0.98
"size",300,0,"ordpp linear",0.97
"size",300,0,"PCA, equal scores",0.89
"size",300,0,"Polychoric PCA",0.835
"size",300,0,"ordpp linear",0.115
"size",300,0,"PCA, equal scores",0.025
"size",300,0,"Polychoric PCA",0.03
"size",300,0,"ordpp linear",0.975
"size",300,0,"PCA, equal scores",0.65
"size",300,0,"Polychoric PCA",0.78
"size",300,0,"ordpp linear",0.89
"size",300,0,"PCA, equal scores",0.325
"size",300,0,"Polychoric PCA",0.775
"size",300,0,"ordpp linear",0.54
"size",300,0,"PCA, equal scores",0.94
"size",300,0,"Polychoric PCA",0.94
"size",300,0,"ordpp linear",0.525
"size",300,0,"PCA, equal scores",0.25
"size",300,0,"Polychoric PCA",0.25
"size",300,0,"ordpp linear",0.26
"size",300,0,"PCA, equal scores",0.895
"size",300,0,"Polychoric PCA",0.9
"size",300,0,"ordpp linear",0.565
"size",300,0,"PCA, equal scores",0.56
"size",300,0,"Polychoric PCA",0.54
"size",300,0,"ordpp linear",0.035
"size",300,0,"PCA, equal scores",0.175
"size",300,0,"Polychoric PCA",0.265
"size",300,0,"ordpp linear",0.545
"size",300,0,"PCA, equal scores",0.205
"size",300,0,"Polychoric PCA",0.9
"size",300,0,"ordpp linear",0.75
"size",300,0,"PCA, equal scores",0.415
"size",300,0,"Polychoric PCA",0.275
"size",300,0,"ordpp linear",0.75
"size",300,0,"PCA, equal scores",0.23
"size",300,0,"Polychoric PCA",0.225
"size",300,0,"ordpp linear",0.935
"size",300,0,"PCA, equal scores",0.11
"size",300,0,"Polychoric PCA",0.13
"size",300,0,"ordpp linear",0.735
"size",300,0,"PCA, equal scores",0.945
"size",300,0,"Polychoric PCA",0.835
"size",300,0,"ordpp linear",0.44
"size",300,0,"PCA, equal scores",0.26
"size",300,0,"Polychoric PCA",0.33
"size",300,0,"ordpp linear",0.32
"size",300,0,"PCA, equal scores",0.56
"size",300,0,"Polychoric PCA",0.715
"size",300,0,"ordpp linear",0.755
"size",300,0,"PCA, equal scores",0.855
"size",300,0,"Polychoric PCA",0.9
"size",300,0,"ordpp linear",0.19
"size",300,0,"PCA, equal scores",0.025
"size",300,0,"Polychoric PCA",0.025
"size",300,0,"ordpp linear",0.305
"size",300,0,"PCA, equal scores",0.665
"size",300,0,"Polychoric PCA",0.725
"size",300,0,"ordpp linear",0.03
"size",300,0,"PCA, equal scores",0.125
"size",300,0,"Polychoric PCA",0.15
"size",300,0,"ordpp linear",0.845
"size",300,0,"PCA, equal scores",0.64
"size",300,0,"Polychoric PCA",0.675
"size",300,0,"ordpp linear",0.17
"size",300,0,"PCA, equal scores",0.19
"size",300,0,"Polychoric PCA",0.195
"size",300,0,"ordpp linear",0.92
"size",300,0,"PCA, equal scores",0.735
"size",300,0,"Polychoric PCA",0.795
"size",300,0,"ordpp linear",0.815
"size",300,0,"PCA, equal scores",0.935
"size",300,0,"Polychoric PCA",0.645
"size",800,0,"ordpp linear",0.99
"size",800,0,"PCA, equal scores",0.835
"size",800,0,"Polychoric PCA",0.85
"size",800,0,"ordpp item",0.805
"size",800,0,"Gifi princals",0.725
"size",800,0,"ordpp linear",0.41
"size",800,0,"PCA, equal scores",0.68
"size",800,0,"Polychoric PCA",0.755
"size",800,0,"ordpp item",0.255
"size",800,0,"Gifi princals",0.57
"size",800,0,"ordpp linear",0.47
"size",800,0,"PCA, equal scores",0.425
"size",800,0,"Polychoric PCA",0.445
"size",800,0,"ordpp item",0.98
"size",800,0,"Gifi princals",0.975
"size",800,0,"ordpp linear",0.075
"size",800,0,"PCA, equal scores",0.175
"size",800,0,"Polychoric PCA",0.24
"size",800,0,"ordpp item",0.175
"size",800,0,"Gifi princals",0.59
"size",800,0,"ordpp linear",0.615
"size",800,0,"PCA, equal scores",0.705
"size",800,0,"Polychoric PCA",0.725
"size",800,0,"ordpp item",0.625
"size",800,0,"Gifi princals",0.865
"size",800,0,"ordpp linear",0.375
"size",800,0,"PCA, equal scores",0.625
"size",800,0,"Polychoric PCA",0.58
"size",800,0,"ordpp item",0.05
"size",800,0,"Gifi princals",0.76
"size",800,0,"ordpp linear",0.225
"size",800,0,"PCA, equal scores",0.975
"size",800,0,"Polychoric PCA",0.985
"size",800,0,"ordpp item",0.885
"size",800,0,"Gifi princals",0.115
"size",800,0,"ordpp linear",0.145
"size",800,0,"PCA, equal scores",0.385
"size",800,0,"Polychoric PCA",0.69
"size",800,0,"ordpp item",0.375
"size",800,0,"Gifi princals",0.16
"size",800,0,"ordpp linear",0.82
"size",800,0,"PCA, equal scores",0.66
"size",800,0,"Polychoric PCA",0.585
"size",800,0,"ordpp item",0.54
"size",800,0,"Gifi princals",0.87
"size",800,0,"ordpp linear",0.69
"size",800,0,"PCA, equal scores",0.98
"size",800,0,"Polychoric PCA",0.995
"size",800,0,"ordpp item",0.745
"size",800,0,"Gifi princals",0.32
"size",800,0,"ordpp linear",0.15
"size",800,0,"PCA, equal scores",0.72
"size",800,0,"Polychoric PCA",0.57
"size",800,0,"ordpp item",0.8
"size",800,0,"Gifi princals",0.635
"size",800,0,"ordpp linear",0.155
"size",800,0,"PCA, equal scores",0.335
"size",800,0,"Polychoric PCA",0.32
"size",800,0,"ordpp item",0.48
"size",800,0,"Gifi princals",0.92
"size",800,0,"ordpp linear",0.18
"size",800,0,"PCA, equal scores",0.045
"size",800,0,"Polychoric PCA",0.005
"size",800,0,"ordpp item",0.345
"size",800,0,"Gifi princals",0.445
"size",800,0,"ordpp linear",0.15
"size",800,0,"PCA, equal scores",0.39
"size",800,0,"Polychoric PCA",0.91
"size",800,0,"ordpp item",0.11
"size",800,0,"Gifi princals",0.995
"size",800,0,"ordpp linear",0.905
"size",800,0,"PCA, equal scores",0.115
"size",800,0,"Polychoric PCA",0.22
"size",800,0,"ordpp item",0.53
"size",800,0,"Gifi princals",0.72
"size",800,0,"ordpp linear",0.43
"size",800,0,"PCA, equal scores",0.385
"size",800,0,"Polychoric PCA",0.405
"size",800,0,"ordpp item",0.07
"size",800,0,"Gifi princals",0.125
"size",800,0,"ordpp linear",0.37
"size",800,0,"PCA, equal scores",0.625
"size",800,0,"Polychoric PCA",0.7
"size",800,0,"ordpp item",0.045
"size",800,0,"Gifi princals",0.52
"size",800,0,"ordpp linear",0.325
"size",800,0,"PCA, equal scores",0.765
"size",800,0,"Polychoric PCA",0.685
"size",800,0,"ordpp item",0.61
"size",800,0,"Gifi princals",0.54
"size",800,0,"ordpp linear",0.905
"size",800,0,"PCA, equal scores",0.775
"size",800,0,"Polychoric PCA",0.765
"size",800,0,"ordpp item",0.805
"size",800,0,"Gifi princals",0.98
"size",800,0,"ordpp linear",0.155
"size",800,0,"PCA, equal scores",0.81
"size",800,0,"Polychoric PCA",0.84
"size",800,0,"ordpp item",0.74
"size",800,0,"Gifi princals",0.84
"size",800,0,"ordpp linear",0.605
"size",800,0,"PCA, equal scores",0.26
"size",800,0,"Polychoric PCA",0.565
"size",800,0,"ordpp item",0.945
"size",800,0,"Gifi princals",0.02
"size",800,0,"ordpp linear",0.32
"size",800,0,"PCA, equal scores",0.775
"size",800,0,"Polychoric PCA",0.14
"size",800,0,"ordpp item",0.52
"size",800,0,"Gifi princals",0.445
"size",800,0,"ordpp linear",0.31
"size",800,0,"PCA, equal scores",0.85
"size",800,0,"Polychoric PCA",0.68
"size",800,0,"ordpp item",0.275
"size",800,0,"Gifi princals",0.435
"size",800,0,"ordpp linear",0.64
"size",800,0,"PCA, equal scores",0.585
"size",800,0,"Polychoric PCA",0.445
"size",800,0,"ordpp item",0.865
"size",800,0,"Gifi princals",0.795
"size",800,0,"ordpp linear",0.68
"size",800,0,"PCA, equal scores",0.85
"size",800,0,"Polychoric PCA",0.53
"size",800,0,"ordpp item",0.38
"size",800,0,"Gifi princals",0.55
"size",800,0,"ordpp linear",0.425
"size",800,0,"PCA, equal scores",0.015
"size",800,0,"Polychoric PCA",0.025
"size",800,0,"ordpp item",0.26
"size",800,0,"Gifi princals",0.34
"size",800,0,"ordpp linear",0.07
"size",800,0,"PCA, equal scores",0.045
"size",800,0,"Polychoric PCA",0.095
"size",800,0,"ordpp item",0.125
"size",800,0,"Gifi princals",0.12
"size",800,0,"ordpp linear",0.81
"size",800,0,"PCA, equal scores",0.865
"size",800,0,"Polychoric PCA",0.74
"size",800,0,"ordpp item",0.85
"size",800,0,"Gifi princals",0.525
"size",800,0,"ordpp linear",0.355
"size",800,0,"PCA, equal scores",0.51
"size",800,0,"Polychoric PCA",0.745
"size",800,0,"ordpp item",0.3
"size",800,0,"Gifi princals",0.815
"size",800,0,"ordpp linear",0.57
"size",800,0,"PCA, equal scores",0.5
"size",800,0,"Polychoric PCA",0.49
"size",800,0,"ordpp item",0.02
"size",800,0,"Gifi princals",0.575
"size",800,0,"ordpp linear",0.575
"size",800,0,"PCA, equal scores",0.52
"size",800,0,"Polychoric PCA",0.2
"size",800,0,"ordpp item",0.105
"size",800,0,"Gifi princals",0.475
"size",800,0,"ordpp linear",0.245
"size",800,0,"PCA, equal scores",0.045
"size",800,0,"Polychoric PCA",0.055
"size",800,0,"ordpp item",0.595
"size",800,0,"Gifi princals",0.265
"size",800,0,"ordpp linear",0.81
"size",800,0,"PCA, equal scores",0.91
"size",800,0,"Polychoric PCA",0.865
"size",800,0,"ordpp item",0.81
"size",800,0,"Gifi princals",0.74
"size",800,0,"ordpp linear",0.67
"size",800,0,"PCA, equal scores",0.17
"size",800,0,"Polychoric PCA",0.09
"size",800,0,"ordpp item",0.62
"size",800,0,"Gifi princals",0.515
"size",800,0,"ordpp linear",0.54
"size",800,0,"PCA, equal scores",0.06
"size",800,0,"Polychoric PCA",0.145
"size",800,0,"ordpp item",0.25
"size",800,0,"Gifi princals",0.285
"size",800,0,"ordpp linear",0.1
"size",800,0,"PCA, equal scores",0.07
"size",800,0,"Polychoric PCA",0.16
"size",800,0,"ordpp item",0.415
"size",800,0,"Gifi princals",0.21
"size",800,0,"ordpp linear",0.08
"size",800,0,"PCA, equal scores",0.02
"size",800,0,"Polychoric PCA",0.02
"size",800,0,"ordpp item",0.7
"size",800,0,"Gifi princals",0.745
"size",800,0,"ordpp linear",0.965
"size",800,0,"PCA, equal scores",0.595
"size",800,0,"Polychoric PCA",0.635
"size",800,0,"ordpp item",0.955
"size",800,0,"Gifi princals",1
"size",800,0,"ordpp linear",0.8
"size",800,0,"PCA, equal scores",0.545
"size",800,0,"Polychoric PCA",0.39
"size",800,0,"ordpp item",0.005
"size",800,0,"Gifi princals",0.84
"size",800,0,"ordpp linear",0.055
"size",800,0,"PCA, equal scores",0.09
"size",800,0,"Polychoric PCA",0.05
"size",800,0,"ordpp item",0.825
"size",800,0,"Gifi princals",0.525
"size",800,0,"ordpp linear",0.895
"size",800,0,"PCA, equal scores",0.625
"size",800,0,"Polychoric PCA",0.84
"size",800,0,"ordpp item",0.975
"size",800,0,"Gifi princals",0.42
"size",800,0,"ordpp linear",0.355
"size",800,0,"PCA, equal scores",0.105
"size",800,0,"Polychoric PCA",0.135
"size",800,0,"ordpp item",0.47
"size",800,0,"Gifi princals",0.095
"size",800,0,"ordpp linear",0.31
"size",800,0,"PCA, equal scores",0.445
"size",800,0,"Polychoric PCA",0.495
"size",800,0,"ordpp item",0.385
"size",800,0,"Gifi princals",0.405
"size",800,0,"ordpp linear",0.19
"size",800,0,"PCA, equal scores",0.365
"size",800,0,"Polychoric PCA",0.475
"size",800,0,"ordpp item",0.22
"size",800,0,"Gifi princals",0.83
"size",800,0,"ordpp linear",0.17
"size",800,0,"PCA, equal scores",0.17
"size",800,0,"Polychoric PCA",0.42
"size",800,0,"ordpp item",0.235
"size",800,0,"Gifi princals",0.485
"size",800,0,"ordpp linear",0.745
"size",800,0,"PCA, equal scores",0.925
"size",800,0,"Polychoric PCA",0.97
"size",800,0,"ordpp item",0.985
"size",800,0,"Gifi princals",0.91
"size",800,0,"ordpp linear",0.41
"size",800,0,"PCA, equal scores",0.395
"size",800,0,"Polychoric PCA",0.285
"size",800,0,"ordpp item",0.45
"size",800,0,"Gifi princals",0.03
"size",800,0,"ordpp linear",0.56
"size",800,0,"PCA, equal scores",0.655
"size",800,0,"Polychoric PCA",0.88
"size",800,0,"ordpp item",0.27
"size",800,0,"Gifi princals",0.09
"size",800,0,"ordpp linear",0.38
"size",800,0,"PCA, equal scores",0.37
"size",800,0,"Polychoric PCA",0.535
"size",800,0,"ordpp item",0.435
"size",800,0,"Gifi princals",0.2
"size",800,0,"ordpp linear",0.78
"size",800,0,"PCA, equal scores",0.835
"size",800,0,"Polychoric PCA",0.79
"size",800,0,"ordpp item",0.63
"size",800,0,"Gifi princals",0.705
"size",800,0,"ordpp linear",0.99
"size",800,0,"PCA, equal scores",0.155
"size",800,0,"Polychoric PCA",0.195
"size",800,0,"ordpp item",0.865
"size",800,0,"Gifi princals",0.125
"size",800,0,"ordpp linear",0.275
"size",800,0,"PCA, equal scores",0.02
"size",800,0,"Polychoric PCA",0.03
"size",800,0,"ordpp item",0.885
"size",800,0,"Gifi princals",0.78
"size",800,0,"ordpp linear",0.47
"size",800,0,"PCA, equal scores",0.835
"size",800,0,"Polychoric PCA",0.695
"size",800,0,"ordpp item",0.775
"size",800,0,"Gifi princals",0.23
"size",800,0,"ordpp linear",0.405
"size",800,0,"PCA, equal scores",0.195
"size",800,0,"Polychoric PCA",0.2
"size",800,0,"ordpp item",0.265
"size",800,0,"Gifi princals",0.52
"size",800,0,"ordpp linear",0.96
"size",800,0,"PCA, equal scores",0.91
"size",800,0,"Polychoric PCA",0.795
"size",800,0,"ordpp item",0.695
"size",800,0,"Gifi princals",0.97
"size",800,0,"ordpp linear",0.51
"size",800,0,"PCA, equal scores",0.86
"size",800,0,"Polychoric PCA",0.6
"size",800,0,"ordpp item",0.925
"size",800,0,"Gifi princals",0.23
"size",800,0,"ordpp linear",0.75
"size",800,0,"PCA, equal scores",0.855
"size",800,0,"Polychoric PCA",0.77
"size",800,0,"ordpp item",0.5
"size",800,0,"Gifi princals",0.49
"size",800,0,"ordpp linear",0.145
"size",800,0,"PCA, equal scores",0.845
"size",800,0,"Polychoric PCA",0.88
"size",800,0,"ordpp item",0.42
"size",800,0,"Gifi princals",0.52
"size",800,0,"ordpp linear",0.755
"size",800,0,"PCA, equal scores",0.66
"size",800,0,"Polychoric PCA",0.91
"size",800,0,"ordpp item",0.985
"size",800,0,"Gifi princals",0.84
"size",800,0,"ordpp linear",0.685
"size",800,0,"PCA, equal scores",0.89
"size",800,0,"Polychoric PCA",0.92
"size",800,0,"ordpp item",0.455
"size",800,0,"Gifi princals",0.06
"size",800,0,"ordpp linear",0.185
"size",800,0,"PCA, equal scores",0.86
"size",800,0,"Polychoric PCA",0.86
"size",800,0,"ordpp item",0.605
"size",800,0,"Gifi princals",0.695
"size",800,0,"ordpp linear",0.575
"size",800,0,"PCA, equal scores",0.89
"size",800,0,"Polychoric PCA",0.825
"size",800,0,"ordpp item",0.62
"size",800,0,"Gifi princals",0.54
"size",800,0,"ordpp linear",0.125
"size",800,0,"PCA, equal scores",0.46
"size",800,0,"Polychoric PCA",0.665
"size",800,0,"ordpp item",0.345
"size",800,0,"Gifi princals",0.84
"size",800,0,"ordpp linear",0.825
"size",800,0,"PCA, equal scores",0.895
"size",800,0,"Polychoric PCA",0.9
"size",800,0,"ordpp item",0.63
"size",800,0,"Gifi princals",0.25
"size",800,0,"ordpp linear",0.31
"size",800,0,"PCA, equal scores",0.13
"size",800,0,"Polychoric PCA",0.145
"size",800,0,"ordpp item",0.13
"size",800,0,"Gifi princals",0.21
"size",800,0,"ordpp linear",0.845
"size",800,0,"PCA, equal scores",0.065
"size",800,0,"Polychoric PCA",0.075
"size",800,0,"ordpp item",0.5
"size",800,0,"Gifi princals",0.93
"size",800,0,"ordpp linear",0.925
"size",800,0,"PCA, equal scores",0.015
"size",800,0,"Polychoric PCA",0.025
"size",800,0,"ordpp item",0.525
"size",800,0,"Gifi princals",0.34
"size",800,0,"ordpp linear",0.675
"size",800,0,"PCA, equal scores",0.67
"size",800,0,"Polychoric PCA",0.78
"size",800,0,"ordpp item",0.46
"size",800,0,"Gifi princals",0.185
"size",800,0,"ordpp linear",0.41
"size",800,0,"PCA, equal scores",0.67
"size",800,0,"Polychoric PCA",0.66
"size",800,0,"ordpp item",0.315
"size",800,0,"Gifi princals",0.865
"size",800,0,"ordpp linear",0.735
"size",800,0,"PCA, equal scores",0.225
"size",800,0,"Polychoric PCA",0.19
"size",800,0,"ordpp item",0.825
"size",800,0,"Gifi princals",0.75
"size",800,0,"ordpp linear",0.125
"size",800,0,"PCA, equal scores",0.47
"size",800,0,"Polychoric PCA",0.37
"size",800,0,"ordpp item",0.56
"size",800,0,"Gifi princals",0.235
"size",800,0,"ordpp linear",0.875
"size",800,0,"PCA, equal scores",0.92
"size",800,0,"Polychoric PCA",0.925
"size",800,0,"ordpp item",0.49
"size",800,0,"Gifi princals",0.275
"size",800,0,"ordpp linear",0.685
"size",800,0,"PCA, equal scores",0.005
"size",800,0,"Polychoric PCA",0.01
"size",800,0,"ordpp item",0.87
"size",800,0,"Gifi princals",0.55
"size",800,0,"ordpp linear",0.115
"size",800,0,"PCA, equal scores",0.82
"size",800,0,"Polychoric PCA",0.875
"size",800,0,"ordpp item",0.56
"size",800,0,"Gifi princals",0.7
"size",800,0,"ordpp linear",0.555
"size",800,0,"PCA, equal scores",0.955
"size",800,0,"Polychoric PCA",0.65
"size",800,0,"ordpp item",0.345
"size",800,0,"Gifi princals",0.85
"size",800,0,"ordpp linear",0.4
"size",800,0,"PCA, equal scores",0.485
"size",800,0,"Polychoric PCA",0.35
"size",800,0,"ordpp item",0.415
"size",800,0,"Gifi princals",0.73
"size",800,0,"ordpp linear",0.58
"size",800,0,"PCA, equal scores",0.065
"size",800,0,"Polychoric PCA",0.055
"size",800,0,"ordpp item",0.785
"size",800,0,"Gifi princals",0.64
"size",800,0,"ordpp linear",0.645
"size",800,0,"PCA, equal scores",0.195
"size",800,0,"Polychoric PCA",0.305
"size",800,0,"ordpp item",0.325
"size",800,0,"Gifi princals",0.015
"size",800,0,"ordpp linear",0.555
"size",800,0,"PCA, equal scores",0.435
"size",800,0,"Polychoric PCA",0.28
"size",800,0,"ordpp item",0.875
"size",800,0,"Gifi princals",0.17
"size",800,0,"ordpp linear",0.1
"size",800,0,"PCA, equal scores",0.07
"size",800,0,"Polychoric PCA",0.215
"size",800,0,"ordpp item",0.515
"size",800,0,"Gifi princals",0.465
"size",800,0,"ordpp linear",0.575
"size",800,0,"PCA, equal scores",0.61
"size",800,0,"Polychoric PCA",0.62
"size",800,0,"ordpp item",0.195
"size",800,0,"Gifi princals",0.305
"size",800,0,"ordpp linear",0.11
"size",800,0,"PCA, equal scores",0.13
"size",800,0,"Polychoric PCA",0.23
"size",800,0,"ordpp item",0.065
"size",800,0,"Gifi princals",0.3
"size",800,0,"ordpp linear",0.66
"size",800,0,"PCA, equal scores",0.57
"size",800,0,"Polychoric PCA",0.595
"size",800,0,"ordpp item",0.835
"size",800,0,"Gifi princals",0.15
"size",800,0,"ordpp linear",0.85
"size",800,0,"PCA, equal scores",0.255
"size",800,0,"Polychoric PCA",0.375
"size",800,0,"ordpp item",0.545
"size",800,0,"Gifi princals",0.455
"size",800,0,"ordpp linear",0.13
"size",800,0,"PCA, equal scores",0.49
"size",800,0,"Polychoric PCA",0.505
"size",800,0,"ordpp item",0.635
"size",800,0,"Gifi princals",0.025
"size",800,0,"ordpp linear",0.2
"size",800,0,"PCA, equal scores",0.33
"size",800,0,"Polychoric PCA",0.125
"size",800,0,"ordpp item",0.775
"size",800,0,"Gifi princals",0.03
"size",800,0,"ordpp linear",0.085
"size",800,0,"PCA, equal scores",0.185
"size",800,0,"Polychoric PCA",0.19
"size",800,0,"ordpp item",0.255
"size",800,0,"Gifi princals",0.02
"size",800,0,"ordpp linear",0.125
"size",800,0,"PCA, equal scores",0.04
"size",800,0,"Polychoric PCA",0.065
"size",800,0,"ordpp item",0.295
"size",800,0,"Gifi princals",0.045
"size",800,0,"ordpp linear",0.93
"size",800,0,"PCA, equal scores",0.085
"size",800,0,"Polychoric PCA",0.08
"size",800,0,"ordpp item",0.25
"size",800,0,"Gifi princals",0.255
"size",800,0,"ordpp linear",0.89
"size",800,0,"PCA, equal scores",0.355
"size",800,0,"Polychoric PCA",0.35
"size",800,0,"ordpp item",0.655
"size",800,0,"Gifi princals",0.825
"size",800,0,"ordpp linear",0.32
"size",800,0,"PCA, equal scores",0.69
"size",800,0,"Polychoric PCA",0.85
"size",800,0,"ordpp item",0.69
"size",800,0,"Gifi princals",0.64
"size",800,0,"ordpp linear",0.055
"size",800,0,"PCA, equal scores",0.965
"size",800,0,"Polychoric PCA",0.87
"size",800,0,"ordpp item",0.035
"size",800,0,"Gifi princals",0.575
"size",800,0,"ordpp linear",0.64
"size",800,0,"PCA, equal scores",0.575
"size",800,0,"Polychoric PCA",0.54
"size",800,0,"ordpp item",0.185
"size",800,0,"Gifi princals",0.66
"size",800,0,"ordpp linear",0.59
"size",800,0,"PCA, equal scores",0.92
"size",800,0,"Polychoric PCA",0.63
"size",800,0,"ordpp item",0.77
"size",800,0,"Gifi princals",0.6
"size",800,0,"ordpp linear",0.765
"size",800,0,"PCA, equal scores",0.96
"size",800,0,"Polychoric PCA",0.91
"size",800,0,"ordpp item",0.55
"size",800,0,"Gifi princals",0.405
"size",800,0,"ordpp linear",0.995
"size",800,0,"PCA, equal scores",0.62
"size",800,0,"Polychoric PCA",0.445
"size",800,0,"ordpp item",0.935
"size",800,0,"Gifi princals",0.465
"size",800,0,"ordpp linear",0.03
"size",800,0,"PCA, equal scores",0.01
"size",800,0,"Polychoric PCA",0.01
"size",800,0,"ordpp item",0.395
"size",800,0,"Gifi princals",0.585
"size",800,0,"ordpp linear",0.485
"size",800,0,"PCA, equal scores",0.725
"size",800,0,"Polychoric PCA",0.715
"size",800,0,"ordpp item",0.245
"size",800,0,"Gifi princals",0.475
"size",800,0,"ordpp linear",0.95
"size",800,0,"PCA, equal scores",0.03
"size",800,0,"Polychoric PCA",0.065
"size",800,0,"ordpp item",0.785
"size",800,0,"Gifi princals",0.1
"size",800,0,"ordpp linear",0.14
"size",800,0,"PCA, equal scores",0.81
"size",800,0,"Polychoric PCA",0.805
"size",800,0,"ordpp item",0.175
"size",800,0,"Gifi princals",0.885
"size",800,0,"ordpp linear",0.75
"size",800,0,"PCA, equal scores",0.545
"size",800,0,"Polychoric PCA",0.65
"size",800,0,"ordpp item",0.37
"size",800,0,"Gifi princals",0.53
"size",800,0,"ordpp linear",0.74
"size",800,0,"PCA, equal scores",0.1
"size",800,0,"Polychoric PCA",0.035
"size",800,0,"ordpp item",0.855
"size",800,0,"Gifi princals",0.17
"size",800,0,"ordpp linear",0.635
"size",800,0,"PCA, equal scores",0.61
"size",800,0,"Polychoric PCA",0.575
"size",800,0,"ordpp item",0.695
"size",800,0,"Gifi princals",0.555
"size",800,0,"ordpp linear",0.74
"size",800,0,"PCA, equal scores",0.575
"size",800,0,"Polychoric PCA",0.4
"size",800,0,"ordpp item",0.75
"size",800,0,"Gifi princals",0.28
"size",800,0,"ordpp linear",0.89
"size",800,0,"PCA, equal scores",0.685
"size",800,0,"Polychoric PCA",0.78
"size",800,0,"ordpp item",0.555
"size",800,0,"Gifi princals",0.695
"size",800,0,"ordpp linear",0.255
"size",800,0,"PCA, equal scores",0.11
"size",800,0,"Polychoric PCA",0.155
"size",800,0,"ordpp item",0.76
"size",800,0,"Gifi princals",0.705
"size",800,0,"ordpp linear",0.14
"size",800,0,"PCA, equal scores",0.14
"size",800,0,"Polychoric PCA",0.125
"size",800,0,"ordpp item",0.28
"size",800,0,"Gifi princals",0.15
"size",800,0,"ordpp linear",0.775
"size",800,0,"PCA, equal scores",0.17
"size",800,0,"Polychoric PCA",0.28
"size",800,0,"ordpp item",0.695
"size",800,0,"Gifi princals",0.435
"size",800,0,"ordpp linear",0.195
"size",800,0,"PCA, equal scores",0.13
"size",800,0,"Polychoric PCA",0.16
"size",800,0,"ordpp item",0.22
"size",800,0,"Gifi princals",0.265
"size",800,0,"ordpp linear",0.105
"size",800,0,"PCA, equal scores",0.575
"size",800,0,"Polychoric PCA",0.565
"size",800,0,"ordpp item",0.7
"size",800,0,"Gifi princals",0.61
"size",800,0,"ordpp linear",0.975
"size",800,0,"PCA, equal scores",0.37
"size",800,0,"Polychoric PCA",0.085
"size",800,0,"ordpp item",0.94
"size",800,0,"Gifi princals",0.285
"size",800,0,"ordpp linear",0.545
"size",800,0,"PCA, equal scores",0.79
"size",800,0,"Polychoric PCA",0.745
"size",800,0,"ordpp item",0.785
"size",800,0,"Gifi princals",0.095
"size",800,0,"ordpp linear",0.62
"size",800,0,"PCA, equal scores",0.445
"size",800,0,"Polychoric PCA",0.5
"size",800,0,"ordpp item",0.79
"size",800,0,"Gifi princals",0.075
"size",800,0,"ordpp linear",0.82
"size",800,0,"PCA, equal scores",0.095
"size",800,0,"Polychoric PCA",0.175
"size",800,0,"ordpp item",0.995
"size",800,0,"Gifi princals",0.495
"size",800,0,"ordpp linear",0.65
"size",800,0,"PCA, equal scores",0.3
"size",800,0,"Polychoric PCA",0.345
"size",800,0,"ordpp item",0.735
"size",800,0,"Gifi princals",0.2
"size",800,0,"ordpp linear",0.1
"size",800,0,"PCA, equal scores",0.68
"size",800,0,"Polychoric PCA",0.47
"size",800,0,"ordpp item",0.37
"size",800,0,"Gifi princals",0.54
"size",800,0,"ordpp linear",0.81
"size",800,0,"PCA, equal scores",0.815
"size",800,0,"Polychoric PCA",0.65
"size",800,0,"ordpp item",0.45
"size",800,0,"Gifi princals",0.915
"size",800,0,"ordpp linear",0.015
"size",800,0,"PCA, equal scores",0.565
"size",800,0,"Polychoric PCA",0.545
"size",800,0,"ordpp item",0.02
"size",800,0,"Gifi princals",0.385
"size",800,0,"ordpp linear",0.38
"size",800,0,"PCA, equal scores",0.745
"size",800,0,"Polychoric PCA",0.725
"size",800,0,"ordpp item",0.285
"size",800,0,"Gifi princals",0.715
"size",800,0,"ordpp linear",0.39
"size",800,0,"PCA, equal scores",0.235
"size",800,0,"Polychoric PCA",0.145
"size",800,0,"ordpp item",0.22
"size",800,0,"Gifi princals",0.855
"size",800,0,"ordpp linear",0.525
"size",800,0,"PCA, equal scores",0.795
"size",800,0,"Polychoric PCA",0.855
"size",800,0,"ordpp item",0.63
"size",800,0,"Gifi princals",0.48
"size",800,0,"ordpp linear",0.08
"size",800,0,"PCA, equal scores",0.2
"size",800,0,"Polychoric PCA",0.205
"size",800,0,"ordpp item",0.335
"size",800,0,"Gifi princals",0.7
"size",800,0,"ordpp linear",0.69
"size",800,0,"PCA, equal scores",0.375
"size",800,0,"Polychoric PCA",0.37
"size",800,0,"ordpp item",0.96
"size",800,0,"Gifi princals",0.295
"size",800,0,"ordpp linear",0.295
"size",800,0,"PCA, equal scores",0.41
"size",800,0,"Polychoric PCA",0.45
"size",800,0,"ordpp item",0.285
"size",800,0,"Gifi princals",0.4
"size",800,0,"ordpp linear",0.5
"size",800,0,"PCA, equal scores",0.115
"size",800,0,"Polychoric PCA",0.215
"size",800,0,"ordpp item",0.11
"size",800,0,"Gifi princals",0.715
"size",800,0,"ordpp linear",0.68
"size",800,0,"PCA, equal scores",0.405
"size",800,0,"Polychoric PCA",0.39
"size",800,0,"ordpp item",0.87
"size",800,0,"Gifi princals",0.95
"size",800,0,"ordpp linear",0.145
"size",800,0,"PCA, equal scores",0.175
"size",800,0,"Polychoric PCA",0.225
"size",800,0,"ordpp item",0.235
"size",800,0,"Gifi princals",0.29
"size",800,0,"ordpp linear",0.49
"size",800,0,"PCA, equal scores",0.9
"size",800,0,"Polychoric PCA",0.66
"size",800,0,"ordpp item",0.96
"size",800,0,"Gifi princals",1
"size",800,0,"ordpp linear",0.47
"size",800,0,"PCA, equal scores",0.685
"size",800,0,"Polychoric PCA",0.62
"size",800,0,"ordpp item",0.975
"size",800,0,"Gifi princals",0.525
"size",800,0,"ordpp linear",0.59
"size",800,0,"PCA, equal scores",0.485
"size",800,0,"Polychoric PCA",0.655
"size",800,0,"ordpp item",0.86
"size",800,0,"Gifi princals",0.245
"size",800,0,"ordpp linear",0.86
"size",800,0,"PCA, equal scores",0.95
"size",800,0,"Polychoric PCA",0.88
"size",800,0,"ordpp item",0.74
"size",800,0,"Gifi princals",0.32
"size",800,0,"ordpp linear",0.38
"size",800,0,"PCA, equal scores",0.83
"size",800,0,"Polychoric PCA",0.37
"size",800,0,"ordpp item",0.585
"size",800,0,"Gifi princals",0.27
"size",800,0,"ordpp linear",0.24
"size",800,0,"PCA, equal scores",0.44
"size",800,0,"Polychoric PCA",0.815
"size",800,0,"ordpp item",0.4
"size",800,0,"Gifi princals",0.635
"size",800,0,"ordpp linear",0.54
"size",800,0,"PCA, equal scores",0.39
"size",800,0,"Polychoric PCA",0.455
"size",800,0,"ordpp item",0.695
"size",800,0,"Gifi princals",0.605
"size",800,0,"ordpp linear",0.33
"size",800,0,"PCA, equal scores",0.265
"size",800,0,"Polychoric PCA",0.58
"size",800,0,"ordpp item",0.37
"size",800,0,"Gifi princals",0.88
"size",800,0,"ordpp linear",0.55
"size",800,0,"PCA, equal scores",0.645
"size",800,0,"Polychoric PCA",0.595
"size",800,0,"ordpp item",0.31
"size",800,0,"Gifi princals",0.165
"size",800,0,"ordpp linear",0.385
"size",800,0,"PCA, equal scores",0.44
"size",800,0,"Polychoric PCA",0.335
"size",800,0,"ordpp item",0.2
"size",800,0,"Gifi princals",0.89
"size",800,0,"ordpp linear",0.72
"size",800,0,"PCA, equal scores",0.735
"size",800,0,"Polychoric PCA",0.585
"size",800,0,"ordpp item",0.865
"size",800,0,"Gifi princals",0.715
"size",800,0,"ordpp linear",0.755
"size",800,0,"PCA, equal scores",0.94
"size",800,0,"Polychoric PCA",0.915
"size",800,0,"ordpp item",0.87
"size",800,0,"Gifi princals",0.24
"size",800,0,"ordpp linear",0.525
"size",800,0,"PCA, equal scores",0.34
"size",800,0,"Polychoric PCA",0.325
"size",800,0,"ordpp item",0.765
"size",800,0,"Gifi princals",0.645
"size",800,0,"ordpp linear",0.185
"size",800,0,"PCA, equal scores",0.5
"size",800,0,"Polychoric PCA",0.915
"size",800,0,"ordpp item",0.23
"size",800,0,"Gifi princals",0.65
"size",800,0,"ordpp linear",0.625
"size",800,0,"PCA, equal scores",0.52
"size",800,0,"Polychoric PCA",0.28
"size",800,0,"ordpp item",0.335
"size",800,0,"Gifi princals",0.03
"size",800,0,"ordpp linear",0.625
"size",800,0,"PCA, equal scores",0.23
"size",800,0,"Polychoric PCA",0.28
"size",800,0,"ordpp item",0.525
"size",800,0,"Gifi princals",0.845
"size",800,0,"ordpp linear",0.965
"size",800,0,"PCA, equal scores",0.99
"size",800,0,"Polychoric PCA",0.965
"size",800,0,"ordpp item",0.855
"size",800,0,"Gifi princals",0.27
"size",800,0,"ordpp linear",0.335
"size",800,0,"PCA, equal scores",0.63
"size",800,0,"Polychoric PCA",0.57
"size",800,0,"ordpp item",0.285
"size",800,0,"Gifi princals",0.745
"size",800,0,"ordpp linear",0.86
"size",800,0,"PCA, equal scores",0.72
"size",800,0,"Polychoric PCA",0.715
"size",800,0,"ordpp item",0.37
"size",800,0,"Gifi princals",0.02
"size",800,0,"ordpp linear",0.015
"size",800,0,"PCA, equal scores",0.365
"size",800,0,"Polychoric PCA",0.21
"size",800,0,"ordpp item",0.105
"size",800,0,"Gifi princals",0.815
"size",800,0,"ordpp linear",0.36
"size",800,0,"PCA, equal scores",0.7
"size",800,0,"Polychoric PCA",0.705
"size",800,0,"ordpp item",0.14
"size",800,0,"Gifi princals",0.92
"size",800,0,"ordpp linear",0.81
"size",800,0,"PCA, equal scores",0.62
"size",800,0,"Polychoric PCA",0.565
"size",800,0,"ordpp item",0.455
"size",800,0,"Gifi princals",0.185
"size",800,0,"ordpp linear",0.295
"size",800,0,"PCA, equal scores",0.1
"size",800,0,"Polychoric PCA",0.1
"size",800,0,"ordpp item",0.79
"size",800,0,"Gifi princals",0.175
"size",800,0,"ordpp linear",0.915
"size",800,0,"PCA, equal scores",0.24
"size",800,0,"Polychoric PCA",0.06
"size",800,0,"ordpp item",0.765
"size",800,0,"Gifi princals",0.84
"size",800,0,"ordpp linear",0.82
"size",800,0,"PCA, equal scores",0.445
"size",800,0,"Polychoric PCA",0.465
"size",800,0,"ordpp item",0.475
"size",800,0,"Gifi princals",0.89
"size",800,0,"ordpp linear",0.52
"size",800,0,"PCA, equal scores",0.315
"size",800,0,"Polychoric PCA",0.255
"size",800,0,"ordpp item",0.43
"size",800,0,"Gifi princals",0.695
"size",800,0,"ordpp linear",0.225
"size",800,0,"PCA, equal scores",0.52
"size",800,0,"Polychoric PCA",0.555
"size",800,0,"ordpp item",0.215
"size",800,0,"Gifi princals",0.595
"size",800,0,"ordpp linear",0.235
"size",800,0,"PCA, equal scores",0.825
"size",800,0,"Polychoric PCA",0.39
"size",800,0,"ordpp item",0.37
"size",800,0,"Gifi princals",0.48
"size",800,0,"ordpp linear",0.32
"size",800,0,"PCA, equal scores",0.55
"size",800,0,"Polychoric PCA",0.665
"size",800,0,"ordpp item",0.22
"size",800,0,"Gifi princals",0.83
"size",800,0,"ordpp linear",0.78
"size",800,0,"PCA, equal scores",0.615
"size",800,0,"Polychoric PCA",0.56
"size",800,0,"ordpp item",0.46
"size",800,0,"Gifi princals",0.535
"size",800,0,"ordpp linear",0.64
"size",800,0,"PCA, equal scores",0.21
"size",800,0,"Polychoric PCA",0.145
"size",800,0,"ordpp item",0.51
"size",800,0,"Gifi princals",0.425
"size",800,0,"ordpp linear",0.445
"size",800,0,"PCA, equal scores",0.46
"size",800,0,"Polychoric PCA",0.34
"size",800,0,"ordpp item",0.26
"size",800,0,"Gifi princals",0.975
"size",800,0,"ordpp linear",0.585
"size",800,0,"PCA, equal scores",0.86
"size",800,0,"Polychoric PCA",0.685
"size",800,0,"ordpp item",0.805
"size",800,0,"Gifi princals",0.945
"size",800,0,"ordpp linear",0.08
"size",800,0,"PCA, equal scores",0.475
"size",800,0,"Polychoric PCA",0.535
"size",800,0,"ordpp item",0.125
"size",800,0,"Gifi princals",0.805
"size",800,0,"ordpp linear",0.345
"size",800,0,"PCA, equal scores",0.53
"size",800,0,"Polychoric PCA",0.665
"size",800,0,"ordpp item",0.055
"size",800,0,"Gifi princals",0.075
"size",800,0,"ordpp linear",0.385
"size",800,0,"PCA, equal scores",0.25
"size",800,0,"Polychoric PCA",0.225
"size",800,0,"ordpp item",0.335
"size",800,0,"Gifi princals",0.9
"size",800,0,"ordpp linear",0.775
"size",800,0,"PCA, equal scores",0.655
"size",800,0,"Polychoric PCA",0.385
"size",800,0,"ordpp item",0.67
"size",800,0,"Gifi princals",0.675
"size",800,0,"ordpp linear",0.24
"size",800,0,"PCA, equal scores",0.87
"size",800,0,"Polychoric PCA",0.785
"size",800,0,"ordpp item",0.815
"size",800,0,"Gifi princals",0.255
"size",800,0,"ordpp linear",0.67
"size",800,0,"PCA, equal scores",0.885
"size",800,0,"Polychoric PCA",0.595
"size",800,0,"ordpp item",0.065
"size",800,0,"Gifi princals",0.195
"size",800,0,"ordpp linear",0.78
"size",800,0,"PCA, equal scores",0.765
"size",800,0,"Polychoric PCA",0.81
"size",800,0,"ordpp item",0.82
"size",800,0,"Gifi princals",0.96
"size",800,0,"ordpp linear",0.71
"size",800,0,"PCA, equal scores",1
"size",800,0,"Polychoric PCA",1
"size",800,0,"ordpp item",0.59
"size",800,0,"Gifi princals",0.395
"size",800,0,"ordpp linear",0.445
"size",800,0,"PCA, equal scores",0.415
"size",800,0,"Polychoric PCA",0.175
"size",800,0,"ordpp item",0.555
"size",800,0,"Gifi princals",0.04
"size",800,0,"ordpp linear",0.15
"size",800,0,"PCA, equal scores",0.72
"size",800,0,"Polychoric PCA",0.665
"size",800,0,"ordpp item",0.375
"size",800,0,"Gifi princals",0.6
"size",800,0,"ordpp linear",0.195
"size",800,0,"PCA, equal scores",0.135
"size",800,0,"Polychoric PCA",0.13
"size",800,0,"ordpp item",0.45
"size",800,0,"Gifi princals",0.69
"size",800,0,"ordpp linear",0.805
"size",800,0,"PCA, equal scores",0.54
"size",800,0,"Polychoric PCA",0.645
"size",800,0,"ordpp item",0.505
"size",800,0,"Gifi princals",0.27
"size",800,0,"ordpp linear",0.17
"size",800,0,"PCA, equal scores",0.61
"size",800,0,"Polychoric PCA",0.68
"size",800,0,"ordpp item",0.145
"size",800,0,"Gifi princals",0.11
"size",800,0,"ordpp linear",0.395
"size",800,0,"PCA, equal scores",0.085
"size",800,0,"Polychoric PCA",0.11
"size",800,0,"ordpp item",0.27
"size",800,0,"Gifi princals",0.985
"size",800,0,"ordpp linear",0.97
"size",800,0,"PCA, equal scores",0.86
"size",800,0,"Polychoric PCA",0.88
"size",800,0,"ordpp item",0.905
"size",800,0,"Gifi princals",0.805
"size",800,0,"ordpp linear",0.48
"size",800,0,"PCA, equal scores",0.43
"size",800,0,"Polychoric PCA",0.505
"size",800,0,"ordpp item",0.735
"size",800,0,"Gifi princals",0.575
"size",800,0,"ordpp linear",0.03
"size",800,0,"PCA, equal scores",0.035
"size",800,0,"Polychoric PCA",0.04
"size",800,0,"ordpp item",0.02
"size",800,0,"Gifi princals",0.015
"size",800,0,"ordpp linear",0.965
"size",800,0,"PCA, equal scores",0.41
"size",800,0,"Polychoric PCA",0.455
"size",800,0,"ordpp item",0.845
"size",800,0,"Gifi princals",0.13
"size",800,0,"ordpp linear",0.11
"size",800,0,"PCA, equal scores",0.945
"size",800,0,"Polychoric PCA",0.65
"size",800,0,"ordpp item",0.185
"size",800,0,"Gifi princals",0.715
"size",800,0,"ordpp linear",0.12
"size",800,0,"PCA, equal scores",0.905
"size",800,0,"Polychoric PCA",0.7
"size",800,0,"ordpp item",0.655
"size",800,0,"Gifi princals",0.705
"size",800,0,"ordpp linear",0.195
"size",800,0,"PCA, equal scores",0.235
"size",800,0,"Polychoric PCA",0.24
"size",800,0,"ordpp item",0.66
"size",800,0,"Gifi princals",0.155
"size",800,0,"ordpp linear",0.065
"size",800,0,"PCA, equal scores",0.525
"size",800,0,"Polychoric PCA",0.455
"size",800,0,"ordpp item",0.87
"size",800,0,"Gifi princals",0.935
"size",800,0,"ordpp linear",0.265
"size",800,0,"PCA, equal scores",0.705
"size",800,0,"Polychoric PCA",0.855
"size",800,0,"ordpp item",0.645
"size",800,0,"Gifi princals",0.525
"size",800,0,"ordpp linear",0.92
"size",800,0,"PCA, equal scores",0.415
"size",800,0,"Polychoric PCA",0.25
"size",800,0,"ordpp item",0.97
"size",800,0,"Gifi princals",0.245
"size",800,0,"ordpp linear",0.52
"size",800,0,"PCA, equal scores",0.505
"size",800,0,"Polychoric PCA",0.48
"size",800,0,"ordpp item",0.765
"size",800,0,"Gifi princals",0.705
"size",800,0,"ordpp linear",0.93
"size",800,0,"PCA, equal scores",0.34
"size",800,0,"Polychoric PCA",0.44
"size",800,0,"ordpp item",0.765
"size",800,0,"Gifi princals",0.175
"size",800,0,"ordpp linear",0.35
"size",800,0,"PCA, equal scores",0.235
"size",800,0,"Polychoric PCA",0.245
"size",800,0,"ordpp item",0.22
"size",800,0,"Gifi princals",0.255
"size",800,0,"ordpp linear",0.17
"size",800,0,"PCA, equal scores",0.075
"size",800,0,"Polychoric PCA",0.07
"size",800,0,"ordpp item",0.105
"size",800,0,"Gifi princals",0.21
"size",800,0,"ordpp linear",0.295
"size",800,0,"PCA, equal scores",0.3
"size",800,0,"Polychoric PCA",0.535
"size",800,0,"ordpp item",0.265
"size",800,0,"Gifi princals",0.92
"size",800,0,"ordpp linear",0.78
"size",800,0,"PCA, equal scores",0.715
"size",800,0,"Polychoric PCA",0.58
"size",800,0,"ordpp item",0.575
"size",800,0,"Gifi princals",0.57
"size",800,0,"ordpp linear",0.945
"size",800,0,"PCA, equal scores",0.325
"size",800,0,"Polychoric PCA",0.295
"size",800,0,"ordpp item",0.655
"size",800,0,"Gifi princals",0.05
"size",800,0,"ordpp linear",0.63
"size",800,0,"PCA, equal scores",0.54
"size",800,0,"Polychoric PCA",0.68
"size",800,0,"ordpp item",0.16
"size",800,0,"Gifi princals",0.045
"size",800,0,"ordpp linear",0.86
"size",800,0,"PCA, equal scores",0.275
"size",800,0,"Polychoric PCA",0.265
"size",800,0,"ordpp item",0.98
"size",800,0,"Gifi princals",0.125
"size",800,0,"ordpp linear",0.715
"size",800,0,"PCA, equal scores",0.55
"size",800,0,"Polychoric PCA",0.545
"size",800,0,"ordpp item",0.435
"size",800,0,"Gifi princals",0.97
"size",800,0,"ordpp linear",0.875
"size",800,0,"PCA, equal scores",0.525
"size",800,0,"Polychoric PCA",0.835
"size",800,0,"ordpp item",0.1
"size",800,0,"Gifi princals",0.56
"size",800,0,"ordpp linear",0.82
"size",800,0,"PCA, equal scores",0.495
"size",800,0,"Polychoric PCA",0.255
"size",800,0,"ordpp item",0.83
"size",800,0,"Gifi princals",0.34
"size",800,0,"ordpp linear",0.405
"size",800,0,"PCA, equal scores",0.535
"size",800,0,"Polychoric PCA",0.6
"size",800,0,"ordpp item",0.21
"size",800,0,"Gifi princals",0.235
"size",800,0,"ordpp linear",0.925
"size",800,0,"PCA, equal scores",0.21
"size",800,0,"Polychoric PCA",0.285
"size",800,0,"ordpp item",0.84
"size",800,0,"Gifi princals",0.01
"size",800,0,"ordpp linear",0.165
"size",800,0,"PCA, equal scores",0.965
"size",800,0,"Polychoric PCA",0.85
"size",800,0,"ordpp item",0.085
"size",800,0,"Gifi princals",0.765
"size",800,0,"ordpp linear",0.03
"size",800,0,"PCA, equal scores",0.885
"size",800,0,"Polychoric PCA",0.98
"size",800,0,"ordpp item",0.29
"size",800,0,"Gifi princals",0.97
"size",800,0,"ordpp linear",0.535
"size",800,0,"PCA, equal scores",0.575
"size",800,0,"Polychoric PCA",0.555
"size",800,0,"ordpp linear",0.445
"size",800,0,"PCA, equal scores",0.72
"size",800,0,"Polychoric PCA",0.91
"size",800,0,"ordpp linear",0.305
"size",800,0,"PCA, equal scores",0.22
"size",800,0,"Polychoric PCA",0.24
"size",800,0,"ordpp linear",0.18
"size",800,0,"PCA, equal scores",0.705
"size",800,0,"Polychoric PCA",0.83
"size",800,0,"ordpp linear",0.045
"size",800,0,"PCA, equal scores",0.66
"size",800,0,"Polychoric PCA",0.43
"size",800,0,"ordpp linear",0.35
"size",800,0,"PCA, equal scores",0.23
"size",800,0,"Polychoric PCA",0.63
"size",800,0,"ordpp linear",0.565
"size",800,0,"PCA, equal scores",0.37
"size",800,0,"Polychoric PCA",0.19
"size",800,0,"ordpp linear",0.18
"size",800,0,"PCA, equal scores",0.21
"size",800,0,"Polychoric PCA",0.17
"size",800,0,"ordpp linear",0.785
"size",800,0,"PCA, equal scores",0.985
"size",800,0,"Polychoric PCA",1
"size",800,0,"ordpp linear",0.945
"size",800,0,"PCA, equal scores",0.23
"size",800,0,"Polychoric PCA",0.13
"size",800,0,"ordpp linear",0.435
"size",800,0,"PCA, equal scores",0.12
"size",800,0,"Polychoric PCA",0.135
"size",800,0,"ordpp linear",0.59
"size",800,0,"PCA, equal scores",0.9
"size",800,0,"Polychoric PCA",0.91
"size",800,0,"ordpp linear",0.615
"size",800,0,"PCA, equal scores",0.765
"size",800,0,"Polychoric PCA",0.375
"size",800,0,"ordpp linear",0.95
"size",800,0,"PCA, equal scores",0.335
"size",800,0,"Polychoric PCA",0.23
"size",800,0,"ordpp linear",0.57
"size",800,0,"PCA, equal scores",0.1
"size",800,0,"Polychoric PCA",0.245
"size",800,0,"ordpp linear",0.625
"size",800,0,"PCA, equal scores",0.915
"size",800,0,"Polychoric PCA",0.985
"size",800,0,"ordpp linear",0.305
"size",800,0,"PCA, equal scores",0.67
"size",800,0,"Polychoric PCA",0.605
"size",800,0,"ordpp linear",0.57
"size",800,0,"PCA, equal scores",0.365
"size",800,0,"Polychoric PCA",0.265
"size",800,0,"ordpp linear",0.345
"size",800,0,"PCA, equal scores",0.375
"size",800,0,"Polychoric PCA",0.38
"size",800,0,"ordpp linear",0.19
"size",800,0,"PCA, equal scores",0.46
"size",800,0,"Polychoric PCA",0.305
"size",800,0,"ordpp linear",0.335
"size",800,0,"PCA, equal scores",0.93
"size",800,0,"Polychoric PCA",0.945
"size",800,0,"ordpp linear",0.2
"size",800,0,"PCA, equal scores",0.235
"size",800,0,"Polychoric PCA",0.85
"size",800,0,"ordpp linear",0.165
"size",800,0,"PCA, equal scores",0.5
"size",800,0,"Polychoric PCA",0.475
"size",800,0,"ordpp linear",0.99
"size",800,0,"PCA, equal scores",0.75
"size",800,0,"Polychoric PCA",0.57
"size",800,0,"ordpp linear",0.62
"size",800,0,"PCA, equal scores",0.56
"size",800,0,"Polychoric PCA",0.54
"size",800,0,"ordpp linear",0.385
"size",800,0,"PCA, equal scores",0.135
"size",800,0,"Polychoric PCA",0.22
"size",800,0,"ordpp linear",0.27
"size",800,0,"PCA, equal scores",0.08
"size",800,0,"Polychoric PCA",0.055
"size",800,0,"ordpp linear",0.42
"size",800,0,"PCA, equal scores",0.89
"size",800,0,"Polychoric PCA",0.705
"size",800,0,"ordpp linear",0.815
"size",800,0,"PCA, equal scores",0.28
"size",800,0,"Polychoric PCA",0.31
"size",800,0,"ordpp linear",0.205
"size",800,0,"PCA, equal scores",0.115
"size",800,0,"Polychoric PCA",0.2
"size",800,0,"ordpp linear",0.745
"size",800,0,"PCA, equal scores",0.95
"size",800,0,"Polychoric PCA",0.83
"size",800,0,"ordpp linear",0.18
"size",800,0,"PCA, equal scores",0.06
"size",800,0,"Polychoric PCA",0.595
"size",800,0,"ordpp linear",0.74
"size",800,0,"PCA, equal scores",0.345
"size",800,0,"Polychoric PCA",0.32
"size",800,0,"ordpp linear",0.885
"size",800,0,"PCA, equal scores",0.96
"size",800,0,"Polychoric PCA",0.985
"size",800,0,"ordpp linear",0.675
"size",800,0,"PCA, equal scores",0.795
"size",800,0,"Polychoric PCA",0.985
"size",800,0,"ordpp linear",0.875
"size",800,0,"PCA, equal scores",0.3
"size",800,0,"Polychoric PCA",0.345
"size",800,0,"ordpp linear",0.455
"size",800,0,"PCA, equal scores",0.935
"size",800,0,"Polychoric PCA",0.905
"size",800,0,"ordpp linear",0.28
"size",800,0,"PCA, equal scores",0.515
"size",800,0,"Polychoric PCA",0.495
"size",800,0,"ordpp linear",0.36
"size",800,0,"PCA, equal scores",0.07
"size",800,0,"Polychoric PCA",0.065
"size",800,0,"ordpp linear",0.28
"size",800,0,"PCA, equal scores",0.335
"size",800,0,"Polychoric PCA",0.71
"size",800,0,"ordpp linear",0.71
"size",800,0,"PCA, equal scores",0.495
"size",800,0,"Polychoric PCA",0.735
"size",800,0,"ordpp linear",0.795
"size",800,0,"PCA, equal scores",0.15
"size",800,0,"Polychoric PCA",0.215
"size",800,0,"ordpp linear",0.345
"size",800,0,"PCA, equal scores",0.075
"size",800,0,"Polychoric PCA",0.07
"size",800,0,"ordpp linear",0.64
"size",800,0,"PCA, equal scores",0.61
"size",800,0,"Polychoric PCA",0.8
"size",800,0,"ordpp linear",0.155
"size",800,0,"PCA, equal scores",0.325
"size",800,0,"Polychoric PCA",0.21
"size",800,0,"ordpp linear",0.25
"size",800,0,"PCA, equal scores",0.8
"size",800,0,"Polychoric PCA",0.69
"size",800,0,"ordpp linear",0.315
"size",800,0,"PCA, equal scores",0.575
"size",800,0,"Polychoric PCA",0.645
"size",800,0,"ordpp linear",0.17
"size",800,0,"PCA, equal scores",0.905
"size",800,0,"Polychoric PCA",0.65
"size",800,0,"ordpp linear",0.025
"size",800,0,"PCA, equal scores",0.015
"size",800,0,"Polychoric PCA",0.015
"size",800,0,"ordpp linear",0.72
"size",800,0,"PCA, equal scores",0.74
"size",800,0,"Polychoric PCA",0.81
"size",800,0,"ordpp linear",0.935
"size",800,0,"PCA, equal scores",0.66
"size",800,0,"Polychoric PCA",0.695
"size",800,0,"ordpp linear",0.525
"size",800,0,"PCA, equal scores",0.795
"size",800,0,"Polychoric PCA",0.845
"size",800,0,"ordpp linear",0.985
"size",800,0,"PCA, equal scores",0.7
"size",800,0,"Polychoric PCA",0.255
"size",800,0,"ordpp linear",0.62
"size",800,0,"PCA, equal scores",0.355
"size",800,0,"Polychoric PCA",0.515
"size",800,0,"ordpp linear",0.53
"size",800,0,"PCA, equal scores",0.77
"size",800,0,"Polychoric PCA",0.925
"size",800,0,"ordpp linear",0.44
"size",800,0,"PCA, equal scores",0.67
"size",800,0,"Polychoric PCA",0.48
"size",800,0,"ordpp linear",0.045
"size",800,0,"PCA, equal scores",0.265
"size",800,0,"Polychoric PCA",0.235
"size",800,0,"ordpp linear",0.655
"size",800,0,"PCA, equal scores",0.805
"size",800,0,"Polychoric PCA",0.655
"size",800,0,"ordpp linear",0.945
"size",800,0,"PCA, equal scores",0.65
"size",800,0,"Polychoric PCA",0.62
"size",800,0,"ordpp linear",0.58
"size",800,0,"PCA, equal scores",0.385
"size",800,0,"Polychoric PCA",0.54
"size",800,0,"ordpp linear",0.25
"size",800,0,"PCA, equal scores",0.76
"size",800,0,"Polychoric PCA",0.89
"size",800,0,"ordpp linear",0.6
"size",800,0,"PCA, equal scores",0.165
"size",800,0,"Polychoric PCA",0.595
"size",800,0,"ordpp linear",0.87
"size",800,0,"PCA, equal scores",0.24
"size",800,0,"Polychoric PCA",0.29
"size",800,0,"ordpp linear",0.29
"size",800,0,"PCA, equal scores",0.86
"size",800,0,"Polychoric PCA",0.86
"size",800,0,"ordpp linear",0.87
"size",800,0,"PCA, equal scores",0.22
"size",800,0,"Polychoric PCA",0.51
"size",800,0,"ordpp linear",0.155
"size",800,0,"PCA, equal scores",0.475
"size",800,0,"Polychoric PCA",0.485
"size",800,0,"ordpp linear",0.745
"size",800,0,"PCA, equal scores",0.95
"size",800,0,"Polychoric PCA",0.97
"size",800,0,"ordpp linear",0.51
"size",800,0,"PCA, equal scores",0.475
"size",800,0,"Polychoric PCA",0.35
"size",800,0,"ordpp linear",0.175
"size",800,0,"PCA, equal scores",0.125
"size",800,0,"Polychoric PCA",0.135
"size",800,0,"ordpp linear",0.285
"size",800,0,"PCA, equal scores",0.3
"size",800,0,"Polychoric PCA",0.26
"size",800,0,"ordpp linear",0.235
"size",800,0,"PCA, equal scores",0.55
"size",800,0,"Polychoric PCA",0.525
"size",800,0,"ordpp linear",0.125
"size",800,0,"PCA, equal scores",0.05
"size",800,0,"Polychoric PCA",0.035
"size",800,0,"ordpp linear",0.235
"size",800,0,"PCA, equal scores",0.335
"size",800,0,"Polychoric PCA",0.25
"size",800,0,"ordpp linear",0.25
"size",800,0,"PCA, equal scores",0.945
"size",800,0,"Polychoric PCA",0.99
"size",800,0,"ordpp linear",0.86
"size",800,0,"PCA, equal scores",0.545
"size",800,0,"Polychoric PCA",0.48
"size",800,0,"ordpp linear",0.29
"size",800,0,"PCA, equal scores",0.415
"size",800,0,"Polychoric PCA",0.395
"size",800,0,"ordpp linear",0.15
"size",800,0,"PCA, equal scores",0.39
"size",800,0,"Polychoric PCA",0.475
"size",800,0,"ordpp linear",0.64
"size",800,0,"PCA, equal scores",0.27
"size",800,0,"Polychoric PCA",0.43
"size",800,0,"ordpp linear",0.225
"size",800,0,"PCA, equal scores",0.775
"size",800,0,"Polychoric PCA",0.77
"size",800,0,"ordpp linear",0.675
"size",800,0,"PCA, equal scores",0.145
"size",800,0,"Polychoric PCA",0.135
"size",800,0,"ordpp linear",0.245
"size",800,0,"PCA, equal scores",0.82
"size",800,0,"Polychoric PCA",0.76
"size",800,0,"ordpp linear",0.38
"size",800,0,"PCA, equal scores",0.155
"size",800,0,"Polychoric PCA",0.16
"size",800,0,"ordpp linear",0.935
"size",800,0,"PCA, equal scores",0.35
"size",800,0,"Polychoric PCA",0.515
"size",800,0,"ordpp linear",0.83
"size",800,0,"PCA, equal scores",0.5
"size",800,0,"Polychoric PCA",0.62
"size",800,0,"ordpp linear",0.98
"size",800,0,"PCA, equal scores",0.525
"size",800,0,"Polychoric PCA",0.425
"size",800,0,"ordpp linear",0.945
"size",800,0,"PCA, equal scores",0.81
"size",800,0,"Polychoric PCA",0.795
"size",800,0,"ordpp linear",0.88
"size",800,0,"PCA, equal scores",0.32
"size",800,0,"Polychoric PCA",0.515
"size",800,0,"ordpp linear",0.375
"size",800,0,"PCA, equal scores",0.95
"size",800,0,"Polychoric PCA",0.495
"size",800,0,"ordpp linear",0.32
"size",800,0,"PCA, equal scores",0.11
"size",800,0,"Polychoric PCA",0.24
"size",800,0,"ordpp linear",0.26
"size",800,0,"PCA, equal scores",0.28
"size",800,0,"Polychoric PCA",0.295
"size",800,0,"ordpp linear",0.75
"size",800,0,"PCA, equal scores",0.96
"size",800,0,"Polychoric PCA",0.76
"size",800,0,"ordpp linear",0.315
"size",800,0,"PCA, equal scores",0.47
"size",800,0,"Polychoric PCA",0.495
"size",800,0,"ordpp linear",0.67
"size",800,0,"PCA, equal scores",0.36
"size",800,0,"Polychoric PCA",0.26
"size",800,0,"ordpp linear",0.815
"size",800,0,"PCA, equal scores",0.875
"size",800,0,"Polychoric PCA",0.6
"size",800,0,"ordpp linear",0.78
"size",800,0,"PCA, equal scores",0.685
"size",800,0,"Polychoric PCA",0.765
"size",800,0,"ordpp linear",0.055
"size",800,0,"PCA, equal scores",0.125
"size",800,0,"Polychoric PCA",0.305
"size",800,0,"ordpp linear",0.02
"size",800,0,"PCA, equal scores",0.985
"size",800,0,"Polychoric PCA",0.955
"size",800,0,"ordpp linear",0.85
"size",800,0,"PCA, equal scores",0.71
"size",800,0,"Polychoric PCA",0.36
"size",800,0,"ordpp linear",0.62
"size",800,0,"PCA, equal scores",0.42
"size",800,0,"Polychoric PCA",0.465
"size",800,0,"ordpp linear",0.92
"size",800,0,"PCA, equal scores",0.83
"size",800,0,"Polychoric PCA",0.795
"size",800,0,"ordpp linear",0.74
"size",800,0,"PCA, equal scores",0.505
"size",800,0,"Polychoric PCA",0.545
"size",800,0,"ordpp linear",0.085
"size",800,0,"PCA, equal scores",0.555
"size",800,0,"Polychoric PCA",0.51
"size",800,0,"ordpp linear",0.21
"size",800,0,"PCA, equal scores",0.155
"size",800,0,"Polychoric PCA",0.15
"size",800,0,"ordpp linear",0.225
"size",800,0,"PCA, equal scores",0.075
"size",800,0,"Polychoric PCA",0.13
"size",800,0,"ordpp linear",0.015
"size",800,0,"PCA, equal scores",0.755
"size",800,0,"Polychoric PCA",0.825
"size",800,0,"ordpp linear",0.385
"size",800,0,"PCA, equal scores",0.27
"size",800,0,"Polychoric PCA",0.27
"size",800,0,"ordpp linear",0.745
"size",800,0,"PCA, equal scores",0.585
"size",800,0,"Polychoric PCA",0.575
"size",800,0,"ordpp linear",0.75
"size",800,0,"PCA, equal scores",0.01
"size",800,0,"Polychoric PCA",0.065
"size",800,0,"ordpp linear",0.205
"size",800,0,"PCA, equal scores",0.565
"size",800,0,"Polychoric PCA",0.45
"size",800,0,"ordpp linear",0.12
"size",800,0,"PCA, equal scores",0.795
"size",800,0,"Polychoric PCA",0.505
"size",800,0,"ordpp linear",0.405
"size",800,0,"PCA, equal scores",0.435
"size",800,0,"Polychoric PCA",0.63
"size",800,0,"ordpp linear",0.15
"size",800,0,"PCA, equal scores",0.23
"size",800,0,"Polychoric PCA",0.325
"size",800,0,"ordpp linear",0.455
"size",800,0,"PCA, equal scores",0.3
"size",800,0,"Polychoric PCA",0.23
"size",800,0,"ordpp linear",0.965
"size",800,0,"PCA, equal scores",0.78
"size",800,0,"Polychoric PCA",0.94
"size",800,0,"ordpp linear",0.575
"size",800,0,"PCA, equal scores",0.025
"size",800,0,"Polychoric PCA",0.45
"size",800,0,"ordpp linear",0.37
"size",800,0,"PCA, equal scores",0.875
"size",800,0,"Polychoric PCA",0.81
"size",800,0,"ordpp linear",0.53
"size",800,0,"PCA, equal scores",0.505
"size",800,0,"Polychoric PCA",0.47
"size",800,0,"ordpp linear",0.34
"size",800,0,"PCA, equal scores",0.51
"size",800,0,"Polychoric PCA",0.165
"size",800,0,"ordpp linear",0.74
"size",800,0,"PCA, equal scores",0.9
"size",800,0,"Polychoric PCA",0.93
"size",800,0,"ordpp linear",0.805
"size",800,0,"PCA, equal scores",0.63
"size",800,0,"Polychoric PCA",0.405
"size",800,0,"ordpp linear",0.87
"size",800,0,"PCA, equal scores",0.965
"size",800,0,"Polychoric PCA",0.975
"size",800,0,"ordpp linear",0.13
"size",800,0,"PCA, equal scores",0.095
"size",800,0,"Polychoric PCA",0.25
"size",800,0,"ordpp linear",0.635
"size",800,0,"PCA, equal scores",0.005
"size",800,0,"Polychoric PCA",0.005
"size",800,0,"ordpp linear",0.255
"size",800,0,"PCA, equal scores",0.725
"size",800,0,"Polychoric PCA",0.77
"size",800,0,"ordpp linear",0.61
"size",800,0,"PCA, equal scores",0.895
"size",800,0,"Polychoric PCA",0.82
"size",800,0,"ordpp linear",0.525
"size",800,0,"PCA, equal scores",0.85
"size",800,0,"Polychoric PCA",0.94
"size",800,0,"ordpp linear",0.17
"size",800,0,"PCA, equal scores",0.315
"size",800,0,"Polychoric PCA",0.435
"size",800,0,"ordpp linear",0.16
"size",800,0,"PCA, equal scores",0.17
"size",800,0,"Polychoric PCA",0.165
"size",800,0,"ordpp linear",0.895
"size",800,0,"PCA, equal scores",0.815
"size",800,0,"Polychoric PCA",0.825
"size",800,0,"ordpp linear",0.095
"size",800,0,"PCA, equal scores",0.985
"size",800,0,"Polychoric PCA",0.98
"size",800,0,"ordpp linear",0.33
"size",800,0,"PCA, equal scores",0.545
"size",800,0,"Polychoric PCA",0.56
"size",800,0,"ordpp linear",0.405
"size",800,0,"PCA, equal scores",0.265
"size",800,0,"Polychoric PCA",0.355
"size",800,0,"ordpp linear",0.1
"size",800,0,"PCA, equal scores",0.085
"size",800,0,"Polychoric PCA",0.17
"size",800,0,"ordpp linear",0.77
"size",800,0,"PCA, equal scores",0.38
"size",800,0,"Polychoric PCA",0.42
"size",800,0,"ordpp linear",0.42
"size",800,0,"PCA, equal scores",0.81
"size",800,0,"Polychoric PCA",0.925
"size",800,0,"ordpp linear",0.805
"size",800,0,"PCA, equal scores",0.075
"size",800,0,"Polychoric PCA",0.085
"size",800,0,"ordpp linear",0.05
"size",800,0,"PCA, equal scores",0.8
"size",800,0,"Polychoric PCA",0.715
"size",800,0,"ordpp linear",0.7
"size",800,0,"PCA, equal scores",0.305
"size",800,0,"Polychoric PCA",0.29
"size",800,0,"ordpp linear",0.455
"size",800,0,"PCA, equal scores",0.01
"size",800,0,"Polychoric PCA",0.01
"size",800,0,"ordpp linear",0.36
"size",800,0,"PCA, equal scores",0.23
"size",800,0,"Polychoric PCA",0.22
"size",800,0,"ordpp linear",0.24
"size",800,0,"PCA, equal scores",0.185
"size",800,0,"Polychoric PCA",0.155
"size",800,0,"ordpp linear",0.88
"size",800,0,"PCA, equal scores",0.335
"size",800,0,"Polychoric PCA",0.425
"size",800,0,"ordpp linear",0.16
"size",800,0,"PCA, equal scores",0.18
"size",800,0,"Polychoric PCA",0.325
"size",800,0,"ordpp linear",0.11
"size",800,0,"PCA, equal scores",0.785
"size",800,0,"Polychoric PCA",0.83
"size",800,0,"ordpp linear",0.045
"size",800,0,"PCA, equal scores",0.85
"size",800,0,"Polychoric PCA",0.92
"size",800,0,"ordpp linear",0.905
"size",800,0,"PCA, equal scores",0.37
"size",800,0,"Polychoric PCA",0.605
"size",800,0,"ordpp linear",0.43
"size",800,0,"PCA, equal scores",0.29
"size",800,0,"Polychoric PCA",0.255
"size",800,0,"ordpp linear",0.905
"size",800,0,"PCA, equal scores",0.68
"size",800,0,"Polychoric PCA",0.65
"size",800,0,"ordpp linear",0.86
"size",800,0,"PCA, equal scores",0.48
"size",800,0,"Polychoric PCA",0.39
"size",800,0,"ordpp linear",0.19
"size",800,0,"PCA, equal scores",0.805
"size",800,0,"Polychoric PCA",0.9
"size",800,0,"ordpp linear",0.43
"size",800,0,"PCA, equal scores",0.605
"size",800,0,"Polychoric PCA",0.6
"size",800,0,"ordpp linear",0.905
"size",800,0,"PCA, equal scores",0.575
"size",800,0,"Polychoric PCA",0.585
"size",800,0,"ordpp linear",0.73
"size",800,0,"PCA, equal scores",0.915
"size",800,0,"Polychoric PCA",0.765
"size",800,0,"ordpp linear",0.02
"size",800,0,"PCA, equal scores",0.365
"size",800,0,"Polychoric PCA",0.215
"size",800,0,"ordpp linear",0.97
"size",800,0,"PCA, equal scores",0.68
"size",800,0,"Polychoric PCA",0.69
"size",800,0,"ordpp linear",0.69
"size",800,0,"PCA, equal scores",0.845
"size",800,0,"Polychoric PCA",0.885
"size",800,0,"ordpp linear",0.895
"size",800,0,"PCA, equal scores",0.535
"size",800,0,"Polychoric PCA",0.52
"size",800,0,"ordpp linear",0.705
"size",800,0,"PCA, equal scores",0.55
"size",800,0,"Polychoric PCA",0.445
"size",800,0,"ordpp linear",0.59
"size",800,0,"PCA, equal scores",0.53
"size",800,0,"Polychoric PCA",0.42
"size",800,0,"ordpp linear",0.505
"size",800,0,"PCA, equal scores",0.37
"size",800,0,"Polychoric PCA",0.5
"size",800,0,"ordpp linear",0.055
"size",800,0,"PCA, equal scores",0.215
"size",800,0,"Polychoric PCA",0.225
"size",800,0,"ordpp linear",0.355
"size",800,0,"PCA, equal scores",0.57
"size",800,0,"Polychoric PCA",0.63
"size",800,0,"ordpp linear",0.62
"size",800,0,"PCA, equal scores",0.035
"size",800,0,"Polychoric PCA",0.045
"size",800,0,"ordpp linear",0.74
"size",800,0,"PCA, equal scores",0.275
"size",800,0,"Polychoric PCA",0.27
"size",800,0,"ordpp linear",0.905
"size",800,0,"PCA, equal scores",0.1
"size",800,0,"Polychoric PCA",0.03
"size",800,0,"ordpp linear",0.855
"size",800,0,"PCA, equal scores",0.505
"size",800,0,"Polychoric PCA",0.635
"size",800,0,"ordpp linear",0.175
"size",800,0,"PCA, equal scores",0.095
"size",800,0,"Polychoric PCA",0.12
"size",800,0,"ordpp linear",0.495
"size",800,0,"PCA, equal scores",0.565
"size",800,0,"Polychoric PCA",0.655
"size",800,0,"ordpp linear",0.065
"size",800,0,"PCA, equal scores",0.035
"size",800,0,"Polychoric PCA",0.015
"size",800,0,"ordpp linear",0.995
"size",800,0,"PCA, equal scores",0.085
"size",800,0,"Polychoric PCA",0.105
"size",800,0,"ordpp linear",0.55
"size",800,0,"PCA, equal scores",0.185
"size",800,0,"Polychoric PCA",0.05
"size",800,0,"ordpp linear",0.32
"size",800,0,"PCA, equal scores",0.935
"size",800,0,"Polychoric PCA",0.72
"size",800,0,"ordpp linear",0.925
"size",800,0,"PCA, equal scores",0.12
"size",800,0,"Polychoric PCA",0.03
"size",800,0,"ordpp linear",0.835
"size",800,0,"PCA, equal scores",0.78
"size",800,0,"Polychoric PCA",0.755
"size",800,0,"ordpp linear",0.05
"size",800,0,"PCA, equal scores",0.265
"size",800,0,"Polychoric PCA",0.46
"size",800,0,"ordpp linear",0.57
"size",800,0,"PCA, equal scores",0.105
"size",800,0,"Polychoric PCA",0.19
"size",800,0,"ordpp linear",0.11
"size",800,0,"PCA, equal scores",0.095
"size",800,0,"Polychoric PCA",0.065
"size",800,0,"ordpp linear",0.445
"size",800,0,"PCA, equal scores",0.385
"size",800,0,"Polychoric PCA",0.38
"size",800,0,"ordpp linear",0.025
"size",800,0,"PCA, equal scores",0.225
"size",800,0,"Polychoric PCA",0.1
"size",800,0,"ordpp linear",0.68
"size",800,0,"PCA, equal scores",0.835
"size",800,0,"Polychoric PCA",0.645
"size",800,0,"ordpp linear",0.92
"size",800,0,"PCA, equal scores",0.275
"size",800,0,"Polychoric PCA",0.15
"size",800,0,"ordpp linear",0.805
"size",800,0,"PCA, equal scores",1
"size",800,0,"Polychoric PCA",0.985
"size",800,0,"ordpp linear",0.625
"size",800,0,"PCA, equal scores",0.97
"size",800,0,"Polychoric PCA",0.95
"size",800,0,"ordpp linear",0.205
"size",800,0,"PCA, equal scores",0.055
"size",800,0,"Polychoric PCA",0.07
"size",800,0,"ordpp linear",0.795
"size",800,0,"PCA, equal scores",0.41
"size",800,0,"Polychoric PCA",0.915
"size",800,0,"ordpp linear",0.695
"size",800,0,"PCA, equal scores",0.57
"size",800,0,"Polychoric PCA",0.48
"size",800,0,"ordpp linear",0.97
"size",800,0,"PCA, equal scores",0.36
"size",800,0,"Polychoric PCA",0.585
"size",800,0,"ordpp linear",0.14
"size",800,0,"PCA, equal scores",0.22
"size",800,0,"Polychoric PCA",0.145
"size",800,0,"ordpp linear",0.495
"size",800,0,"PCA, equal scores",0.53
"size",800,0,"Polychoric PCA",0.63
"size",800,0,"ordpp linear",0.605
"size",800,0,"PCA, equal scores",0.615
"size",800,0,"Polychoric PCA",0.415
"size",800,0,"ordpp linear",0.7
"size",800,0,"PCA, equal scores",0.855
"size",800,0,"Polychoric PCA",0.81
"size",800,0,"ordpp linear",0.345
"size",800,0,"PCA, equal scores",0.665
"size",800,0,"Polychoric PCA",0.69
"size",800,0,"ordpp linear",0.945
"size",800,0,"PCA, equal scores",0.43
"size",800,0,"Polychoric PCA",0.28
"size",800,0,"ordpp linear",0.305
"size",800,0,"PCA, equal scores",0.14
"size",800,0,"Polychoric PCA",0.145
"size",800,0,"ordpp linear",0.02
"size",800,0,"PCA, equal scores",0.045
"size",800,0,"Polychoric PCA",0.08
"size",800,0,"ordpp linear",0.14
"size",800,0,"PCA, equal scores",0.09
"size",800,0,"Polychoric PCA",0.1
"size",800,0,"ordpp linear",0.5
"size",800,0,"PCA, equal scores",0.58
"size",800,0,"Polychoric PCA",0.675
"size",800,0,"ordpp linear",0.22
"size",800,0,"PCA, equal scores",0.21
"size",800,0,"Polychoric PCA",0.15
"size",800,0,"ordpp linear",0.795
"size",800,0,"PCA, equal scores",0.605
"size",800,0,"Polychoric PCA",0.535
"size",800,0,"ordpp linear",0.275
"size",800,0,"PCA, equal scores",0.135
"size",800,0,"Polychoric PCA",0.1
"size",800,0,"ordpp linear",0.92
"size",800,0,"PCA, equal scores",0.945
"size",800,0,"Polychoric PCA",0.77
"size",800,0,"ordpp linear",0.68
"size",800,0,"PCA, equal scores",0.14
"size",800,0,"Polychoric PCA",0.16
"size",800,0,"ordpp linear",0.105
"size",800,0,"PCA, equal scores",0.09
"size",800,0,"Polychoric PCA",0.15
"size",800,0,"ordpp linear",0.48
"size",800,0,"PCA, equal scores",0.26
"size",800,0,"Polychoric PCA",0.73
"size",800,0,"ordpp linear",0.91
"size",800,0,"PCA, equal scores",0.075
"size",800,0,"Polychoric PCA",0.15
"size",800,0,"ordpp linear",0.77
"size",800,0,"PCA, equal scores",0.655
"size",800,0,"Polychoric PCA",0.62
"size",800,0,"ordpp linear",1
"size",800,0,"PCA, equal scores",0.14
"size",800,0,"Polychoric PCA",0.16
"size",800,0,"ordpp linear",0.095
"size",800,0,"PCA, equal scores",0.28
"size",800,0,"Polychoric PCA",0.225
"size",800,0,"ordpp linear",0.465
"size",800,0,"PCA, equal scores",0.865
"size",800,0,"Polychoric PCA",0.88
"size",800,0,"ordpp linear",0.985
"size",800,0,"PCA, equal scores",0.805
"size",800,0,"Polychoric PCA",0.805
"size",800,0,"ordpp linear",0.24
"size",800,0,"PCA, equal scores",0.31
"size",800,0,"Polychoric PCA",0.28
"size",800,0,"ordpp linear",0.535
"size",800,0,"PCA, equal scores",0.44
"size",800,0,"Polychoric PCA",0.4
"size",800,0,"ordpp linear",0.03
"size",800,0,"PCA, equal scores",0.21
"size",800,0,"Polychoric PCA",0.195
"size",800,0,"ordpp linear",0.915
"size",800,0,"PCA, equal scores",0.83
"size",800,0,"Polychoric PCA",0.59
"size",800,0,"ordpp linear",0.02
"size",800,0,"PCA, equal scores",0.695
"size",800,0,"Polychoric PCA",0.765
"size",800,0,"ordpp linear",0.46
"size",800,0,"PCA, equal scores",0.32
"size",800,0,"Polychoric PCA",0.095
"size",800,0,"ordpp linear",0.905
"size",800,0,"PCA, equal scores",0.505
"size",800,0,"Polychoric PCA",0.42
"size",800,0,"ordpp linear",0.87
"size",800,0,"PCA, equal scores",0.845
"size",800,0,"Polychoric PCA",0.845
"size",800,0,"ordpp linear",0.975
"size",800,0,"PCA, equal scores",0.495
"size",800,0,"Polychoric PCA",0.245
"size",800,0,"ordpp linear",0.105
"size",800,0,"PCA, equal scores",0.32
"size",800,0,"Polychoric PCA",0.425
"size",800,0,"ordpp linear",0.4
"size",800,0,"PCA, equal scores",0.155
"size",800,0,"Polychoric PCA",0.29
"size",800,0,"ordpp linear",0.305
"size",800,0,"PCA, equal scores",0.755
"size",800,0,"Polychoric PCA",0.665
"size",800,0,"ordpp linear",0.645
"size",800,0,"PCA, equal scores",0.195
"size",800,0,"Polychoric PCA",0.26
"size",800,0,"ordpp linear",0.805
"size",800,0,"PCA, equal scores",0.76
"size",800,0,"Polychoric PCA",0.66
"size",800,0,"ordpp linear",0.695
"size",800,0,"PCA, equal scores",0.59
"size",800,0,"Polychoric PCA",0.765
"size",800,0,"ordpp linear",0.36
"size",800,0,"PCA, equal scores",0.755
"size",800,0,"Polychoric PCA",0.84
"size",800,0,"ordpp linear",0.74
"size",800,0,"PCA, equal scores",0.33
"size",800,0,"Polychoric PCA",0.34
"size",800,0,"ordpp linear",0.765
"size",800,0,"PCA, equal scores",0.035
"size",800,0,"Polychoric PCA",0.035
"size",800,0,"ordpp linear",0.175
"size",800,0,"PCA, equal scores",0.04
"size",800,0,"Polychoric PCA",0.03
"size",800,0,"ordpp linear",0.55
"size",800,0,"PCA, equal scores",0.945
"size",800,0,"Polychoric PCA",0.955
"size",800,0,"ordpp linear",0.17
"size",800,0,"PCA, equal scores",0.27
"size",800,0,"Polychoric PCA",0.15
"size",800,0,"ordpp linear",0.555
"size",800,0,"PCA, equal scores",0.955
"size",800,0,"Polychoric PCA",0.955
"size",800,0,"ordpp linear",0.795
"size",800,0,"PCA, equal scores",0.805
"size",800,0,"Polychoric PCA",0.84
"size",800,0,"ordpp linear",0.995
"size",800,0,"PCA, equal scores",0.68
"size",800,0,"Polychoric PCA",0.52
"size",800,0,"ordpp linear",0.11
"size",800,0,"PCA, equal scores",0.165
"size",800,0,"Polychoric PCA",0.76
"size",800,0,"ordpp linear",0.055
"size",800,0,"PCA, equal scores",0.575
"size",800,0,"Polychoric PCA",0.485
"size",800,0,"ordpp linear",0.27
"size",800,0,"PCA, equal scores",0.63
"size",800,0,"Polychoric PCA",0.55
"size",800,0,"ordpp linear",0.99
"size",800,0,"PCA, equal scores",0.895
"size",800,0,"Polychoric PCA",0.845
"size",800,0,"ordpp linear",0.58
"size",800,0,"PCA, equal scores",0.435
"size",800,0,"Polychoric PCA",0.38
"size",800,0,"ordpp linear",0.48
"size",800,0,"PCA, equal scores",0.605
"size",800,0,"Polychoric PCA",0.675
"size",800,0,"ordpp linear",0.43
"size",800,0,"PCA, equal scores",0.915
"size",800,0,"Polychoric PCA",0.975
"size",800,0,"ordpp linear",0.48
"size",800,0,"PCA, equal scores",0.71
"size",800,0,"Polychoric PCA",0.77
"size",800,0,"ordpp linear",0.89
"size",800,0,"PCA, equal scores",0.88
"size",800,0,"Polychoric PCA",0.82
"size",800,0,"ordpp linear",0.875
"size",800,0,"PCA, equal scores",0.935
"size",800,0,"Polychoric PCA",0.7
"size",800,0,"ordpp linear",0.08
"size",800,0,"PCA, equal scores",0.245
"size",800,0,"Polychoric PCA",0.475
"size",800,0,"ordpp linear",0.715
"size",800,0,"PCA, equal scores",0.58
"size",800,0,"Polychoric PCA",0.67
"size",800,0,"ordpp linear",0.98
"size",800,0,"PCA, equal scores",0.05
"size",800,0,"Polychoric PCA",0.05
"size",800,0,"ordpp linear",0.925
"size",800,0,"PCA, equal scores",0.585
"size",800,0,"Polychoric PCA",0.875
"size",800,0,"ordpp linear",0.9
"size",800,0,"PCA, equal scores",1
"size",800,0,"Polychoric PCA",0.97
"size",800,0,"ordpp linear",0.66
"size",800,0,"PCA, equal scores",0.755
"size",800,0,"Polychoric PCA",0.76
"size",800,0,"ordpp linear",0.48
"size",800,0,"PCA, equal scores",0.68
"size",800,0,"Polychoric PCA",0.525
"size",800,0,"ordpp linear",0.69
"size",800,0,"PCA, equal scores",0.085
"size",800,0,"Polychoric PCA",0.025
"size",800,0,"ordpp linear",0.64
"size",800,0,"PCA, equal scores",0.4
"size",800,0,"Polychoric PCA",0.38
"size",800,0,"ordpp linear",0.525
"size",800,0,"PCA, equal scores",0.23
"size",800,0,"Polychoric PCA",0.255
"size",800,0,"ordpp linear",0.765
"size",800,0,"PCA, equal scores",0.395
"size",800,0,"Polychoric PCA",0.38
"size",800,0,"ordpp linear",0.225
"size",800,0,"PCA, equal scores",0.455
"size",800,0,"Polychoric PCA",0.55
"size",800,0,"ordpp linear",0.415
"size",800,0,"PCA, equal scores",0.045
"size",800,0,"Polychoric PCA",0.06
"size",800,0,"ordpp linear",0.805
"size",800,0,"PCA, equal scores",0.42
"size",800,0,"Polychoric PCA",0.66
"size",800,0,"ordpp linear",0.88
"size",800,0,"PCA, equal scores",0.43
"size",800,0,"Polychoric PCA",0.515
"size",800,0,"ordpp linear",0.335
"size",800,0,"PCA, equal scores",0.97
"size",800,0,"Polychoric PCA",0.965
"size",800,0,"ordpp linear",0.475
"size",800,0,"PCA, equal scores",0.49
"size",800,0,"Polychoric PCA",0.425
"size",800,0,"ordpp linear",0.83
"size",800,0,"PCA, equal scores",0.865
"size",800,0,"Polychoric PCA",0.9
"size",800,0,"ordpp linear",0.685
"size",800,0,"PCA, equal scores",0.745
"size",800,0,"Polychoric PCA",0.75
"size",800,0,"ordpp linear",0.145
"size",800,0,"PCA, equal scores",0.66
"size",800,0,"Polychoric PCA",0.485
"size",800,0,"ordpp linear",0.81
"size",800,0,"PCA, equal scores",0.715
"size",800,0,"Polychoric PCA",0.72
"size",800,0,"ordpp linear",0.44
"size",800,0,"PCA, equal scores",0.86
"size",800,0,"Polychoric PCA",0.29
"size",800,0,"ordpp linear",0.485
"size",800,0,"PCA, equal scores",0.33
"size",800,0,"Polychoric PCA",0.295
"size",800,0,"ordpp linear",0.455
"size",800,0,"PCA, equal scores",0.04
"size",800,0,"Polychoric PCA",0.05
"size",800,0,"ordpp linear",0.525
"size",800,0,"PCA, equal scores",0.29
"size",800,0,"Polychoric PCA",0.755
"size",800,0,"ordpp linear",0.05
"size",800,0,"PCA, equal scores",0.475
"size",800,0,"Polychoric PCA",0.505
"size",800,0,"ordpp linear",0.565
"size",800,0,"PCA, equal scores",0.845
"size",800,0,"Polychoric PCA",0.915
"size",800,0,"ordpp linear",0.055
"size",800,0,"PCA, equal scores",0.86
"size",800,0,"Polychoric PCA",0.655
"size",800,0,"ordpp linear",0.435
"size",800,0,"PCA, equal scores",0.475
"size",800,0,"Polychoric PCA",0.085
"size",800,0,"ordpp linear",0.07
"size",800,0,"PCA, equal scores",0.265
"size",800,0,"Polychoric PCA",0.525
"size",800,0,"ordpp linear",0.54
"size",800,0,"PCA, equal scores",0.75
"size",800,0,"Polychoric PCA",0.585
"size",800,0,"ordpp linear",0.83
"size",800,0,"PCA, equal scores",0.005
"size",800,0,"Polychoric PCA",0.01
"size",800,0,"ordpp linear",0.805
"size",800,0,"PCA, equal scores",0.78
"size",800,0,"Polychoric PCA",0.635
"size",800,0,"ordpp linear",0.375
"size",800,0,"PCA, equal scores",0.57
"size",800,0,"Polychoric PCA",0.58
"size",800,0,"ordpp linear",0.19
"size",800,0,"PCA, equal scores",0.78
"size",800,0,"Polychoric PCA",0.81
"size",800,0,"ordpp linear",0.22
"size",800,0,"PCA, equal scores",0.01
"size",800,0,"Polychoric PCA",0.025
"size",800,0,"ordpp linear",1
"size",800,0,"PCA, equal scores",0.915
"size",800,0,"Polychoric PCA",1
"size",800,0,"ordpp linear",0.88
"size",800,0,"PCA, equal scores",0.285
"size",800,0,"Polychoric PCA",0.41
"size",800,0,"ordpp linear",0.31
"size",800,0,"PCA, equal scores",0.995
"size",800,0,"Polychoric PCA",0.99
"size",800,0,"ordpp linear",0.205
"size",800,0,"PCA, equal scores",0.94
"size",800,0,"Polychoric PCA",0.365
"size",800,0,"ordpp linear",0.42
"size",800,0,"PCA, equal scores",0.965
"size",800,0,"Polychoric PCA",0.795
"size",800,0,"ordpp linear",0.815
"size",800,0,"PCA, equal scores",0.895
"size",800,0,"Polychoric PCA",0.505
"size",800,0,"ordpp linear",0.485
"size",800,0,"PCA, equal scores",0.49
"size",800,0,"Polychoric PCA",0.75
"size",800,0,"ordpp linear",0.275
"size",800,0,"PCA, equal scores",0.795
"size",800,0,"Polychoric PCA",0.855
"size",800,0,"ordpp linear",0.265
"size",800,0,"PCA, equal scores",0.875
"size",800,0,"Polychoric PCA",0.85
"size",800,0,"ordpp linear",0.685
"size",800,0,"PCA, equal scores",0.59
"size",800,0,"Polychoric PCA",0.515
"size",800,0,"ordpp linear",0.56
"size",800,0,"PCA, equal scores",0.075
"size",800,0,"Polychoric PCA",0.09
"size",800,0,"ordpp linear",0.235
"size",800,0,"PCA, equal scores",0.66
"size",800,0,"Polychoric PCA",0.67
"size",800,0,"ordpp linear",0.1
"size",800,0,"PCA, equal scores",0.505
"size",800,0,"Polychoric PCA",0.67
"size",800,0,"ordpp linear",0.91
"size",800,0,"PCA, equal scores",0.695
"size",800,0,"Polychoric PCA",0.58
"size",800,0,"ordpp linear",0.315
"size",800,0,"PCA, equal scores",0.045
"size",800,0,"Polychoric PCA",0.41
"size",800,0,"ordpp linear",0.3
"size",800,0,"PCA, equal scores",0.25
"size",800,0,"Polychoric PCA",0.215
"size",800,0,"ordpp linear",0.285
"size",800,0,"PCA, equal scores",0.43
"size",800,0,"Polychoric PCA",0.39
"size",800,0,"ordpp linear",0.38
"size",800,0,"PCA, equal scores",0.435
"size",800,0,"Polychoric PCA",0.49
"size",800,0,"ordpp linear",0.89
"size",800,0,"PCA, equal scores",0.99
"size",800,0,"Polychoric PCA",0.975
"size",800,0,"ordpp linear",0.555
"size",800,0,"PCA, equal scores",0.435
"size",800,0,"Polychoric PCA",0.075
"size",800,0,"ordpp linear",0.13
"size",800,0,"PCA, equal scores",0.1
"size",800,0,"Polychoric PCA",0.1
"size",800,0,"ordpp linear",0.87
"size",800,0,"PCA, equal scores",0.3
"size",800,0,"Polychoric PCA",0.28
"size",800,0,"ordpp linear",0.595
"size",800,0,"PCA, equal scores",0.35
"size",800,0,"Polychoric PCA",0.485
"size",800,0,"ordpp linear",0.14
"size",800,0,"PCA, equal scores",0.89
"size",800,0,"Polychoric PCA",0.48
"size",800,0,"ordpp linear",0.59
"size",800,0,"PCA, equal scores",0.615
"size",800,0,"Polychoric PCA",0.53
"size",800,0,"ordpp linear",0.17
"size",800,0,"PCA, equal scores",0.105
"size",800,0,"Polychoric PCA",0.12
"size",800,0,"ordpp linear",0.505
"size",800,0,"PCA, equal scores",0.195
"size",800,0,"Polychoric PCA",0.155
"size",800,0,"ordpp linear",0.25
"size",800,0,"PCA, equal scores",0.785
"size",800,0,"Polychoric PCA",0.705
"size",800,0,"ordpp linear",0.78
"size",800,0,"PCA, equal scores",0.385
"size",800,0,"Polychoric PCA",0.25
"size",800,0,"ordpp linear",0.28
"size",800,0,"PCA, equal scores",0.66
"size",800,0,"Polychoric PCA",0.725
"size",800,0,"ordpp linear",0.295
"size",800,0,"PCA, equal scores",0.835
"size",800,0,"Polychoric PCA",0.405
"size",800,0,"ordpp linear",0.325
"size",800,0,"PCA, equal scores",0.53
"size",800,0,"Polychoric PCA",0.5
"size",800,0,"ordpp linear",0.52
"size",800,0,"PCA, equal scores",0.48
"size",800,0,"Polychoric PCA",0.58
"size",800,0,"ordpp linear",0.395
"size",800,0,"PCA, equal scores",0.15
"size",800,0,"Polychoric PCA",0.125
"size",800,0,"ordpp linear",0.77
"size",800,0,"PCA, equal scores",0.9
"size",800,0,"Polychoric PCA",0.83
"size",800,0,"ordpp linear",0.95
"size",800,0,"PCA, equal scores",0.5
"size",800,0,"Polychoric PCA",0.465
"size",800,0,"ordpp linear",0.58
"size",800,0,"PCA, equal scores",0.045
"size",800,0,"Polychoric PCA",0.055
"size",800,0,"ordpp linear",0.52
"size",800,0,"PCA, equal scores",0.8
"size",800,0,"Polychoric PCA",0.605
"size",800,0,"ordpp linear",0.035
"size",800,0,"PCA, equal scores",0.145
"size",800,0,"Polychoric PCA",0.065
"size",800,0,"ordpp linear",0.91
"size",800,0,"PCA, equal scores",0.495
"size",800,0,"Polychoric PCA",0.475
"size",800,0,"ordpp linear",0.355
"size",800,0,"PCA, equal scores",0.42
"size",800,0,"Polychoric PCA",0.425
"size",800,0,"ordpp linear",0.5
"size",800,0,"PCA, equal scores",0.04
"size",800,0,"Polychoric PCA",0.04
"size",800,0,"ordpp linear",0.88
"size",800,0,"PCA, equal scores",0.415
"size",800,0,"Polychoric PCA",0.415
"size",800,0,"ordpp linear",0.93
"size",800,0,"PCA, equal scores",0.8
"size",800,0,"Polychoric PCA",0.63
"size",800,0,"ordpp linear",0.44
"size",800,0,"PCA, equal scores",0.785
"size",800,0,"Polychoric PCA",0.485
"size",800,0,"ordpp linear",0.365
"size",800,0,"PCA, equal scores",0.06
"size",800,0,"Polychoric PCA",0.025
"size",800,0,"ordpp linear",0.63
"size",800,0,"PCA, equal scores",0.285
"size",800,0,"Polychoric PCA",0.32
"size",800,0,"ordpp linear",0.52
"size",800,0,"PCA, equal scores",0.515
"size",800,0,"Polychoric PCA",0.43
"size",800,0,"ordpp linear",0.665
"size",800,0,"PCA, equal scores",0.325
"size",800,0,"Polychoric PCA",0.33
"size",800,0,"ordpp linear",0.68
"size",800,0,"PCA, equal scores",0.61
"size",800,0,"Polychoric PCA",0.735
"size",800,0,"ordpp linear",0.775
"size",800,0,"PCA, equal scores",0.245
"size",800,0,"Polychoric PCA",0.21
"size",800,0,"ordpp linear",0.94
"size",800,0,"PCA, equal scores",0.87
"size",800,0,"Polychoric PCA",0.85
"size",800,0,"ordpp linear",0.56
"size",800,0,"PCA, equal scores",0.24
"size",800,0,"Polychoric PCA",0.23
"size",800,0,"ordpp linear",0.705
"size",800,0,"PCA, equal scores",0.73
"size",800,0,"Polychoric PCA",0.82
"size",800,0,"ordpp linear",0.835
"size",800,0,"PCA, equal scores",0.705
"size",800,0,"Polychoric PCA",0.69
"size",800,0,"ordpp linear",0.7
"size",800,0,"PCA, equal scores",0.355
"size",800,0,"Polychoric PCA",0.485
"size",800,0,"ordpp linear",0.2
"size",800,0,"PCA, equal scores",0.49
"size",800,0,"Polychoric PCA",0.405
"size",800,0,"ordpp linear",0.41
"size",800,0,"PCA, equal scores",0.245
"size",800,0,"Polychoric PCA",0.29
"size",800,0,"ordpp linear",0.46
"size",800,0,"PCA, equal scores",0.19
"size",800,0,"Polychoric PCA",0.22
"size",800,0,"ordpp linear",0.61
"size",800,0,"PCA, equal scores",0.675
"size",800,0,"Polychoric PCA",0.84
"size",800,0,"ordpp linear",0.725
"size",800,0,"PCA, equal scores",0.845
"size",800,0,"Polychoric PCA",0.855
"size",800,0,"ordpp linear",0.665
"size",800,0,"PCA, equal scores",0.625
"size",800,0,"Polychoric PCA",0.74
"size",800,0,"ordpp linear",0.12
"size",800,0,"PCA, equal scores",0.345
"size",800,0,"Polychoric PCA",0.2
"size",800,0,"ordpp linear",0.565
"size",800,0,"PCA, equal scores",0.57
"size",800,0,"Polychoric PCA",0.415
"size",800,0,"ordpp linear",0.425
"size",800,0,"PCA, equal scores",0.635
"size",800,0,"Polychoric PCA",0.87
"size",800,0,"ordpp linear",0.665
"size",800,0,"PCA, equal scores",0.735
"size",800,0,"Polychoric PCA",0.8
"size",800,0,"ordpp linear",0.415
"size",800,0,"PCA, equal scores",0.855
"size",800,0,"Polychoric PCA",0.48
"size",800,0,"ordpp linear",0.845
"size",800,0,"PCA, equal scores",0.66
"size",800,0,"Polychoric PCA",0.56
"size",800,0,"ordpp linear",0.79
"size",800,0,"PCA, equal scores",0.105
"size",800,0,"Polychoric PCA",0.15
"size",800,0,"ordpp linear",0.24
"size",800,0,"PCA, equal scores",0.58
"size",800,0,"Polychoric PCA",0.74
"size",800,0,"ordpp linear",0.975
"size",800,0,"PCA, equal scores",0.885
"size",800,0,"Polychoric PCA",0.585
"size",800,0,"ordpp linear",0.43
"size",800,0,"PCA, equal scores",0.895
"size",800,0,"Polychoric PCA",0.875
"size",800,0,"ordpp linear",0.33
"size",800,0,"PCA, equal scores",0.95
"size",800,0,"Polychoric PCA",0.98
"size",800,0,"ordpp linear",0.8
"size",800,0,"PCA, equal scores",0.075
"size",800,0,"Polychoric PCA",0.08
"size",800,0,"ordpp linear",0.825
"size",800,0,"PCA, equal scores",0.97
"size",800,0,"Polychoric PCA",0.975
"size",800,0,"ordpp linear",0.1
"size",800,0,"PCA, equal scores",0.685
"size",800,0,"Polychoric PCA",0.785
"size",800,0,"ordpp linear",0.68
"size",800,0,"PCA, equal scores",0.275
"size",800,0,"Polychoric PCA",0.175
"size",800,0,"ordpp linear",0.08
"size",800,0,"PCA, equal scores",0.2
"size",800,0,"Polychoric PCA",0.19
"size",800,0,"ordpp linear",0.465
"size",800,0,"PCA, equal scores",0.8
"size",800,0,"Polychoric PCA",0.775
"size",800,0,"ordpp linear",0.865
"size",800,0,"PCA, equal scores",0.905
"size",800,0,"Polychoric PCA",0.68
"size",800,0,"ordpp linear",0.82
"size",800,0,"PCA, equal scores",0.88
"size",800,0,"Polychoric PCA",0.835
"size",800,0,"ordpp linear",0.26
"size",800,0,"PCA, equal scores",0.6
"size",800,0,"Polychoric PCA",0.75
"size",800,0,"ordpp linear",0.045
"size",800,0,"PCA, equal scores",0.05
"size",800,0,"Polychoric PCA",0.04
"size",800,0,"ordpp linear",0.045
"size",800,0,"PCA, equal scores",0.115
"size",800,0,"Polychoric PCA",0.105
"size",800,0,"ordpp linear",0.395
"size",800,0,"PCA, equal scores",0.335
"size",800,0,"Polychoric PCA",0.295
"size",800,0,"ordpp linear",0.13
"size",800,0,"PCA, equal scores",0.415
"size",800,0,"Polychoric PCA",0.455
"size",800,0,"ordpp linear",0.52
"size",800,0,"PCA, equal scores",0.32
"size",800,0,"Polychoric PCA",0.215
"size",800,0,"ordpp linear",0.825
"size",800,0,"PCA, equal scores",0.835
"size",800,0,"Polychoric PCA",0.87
"size",800,0,"ordpp linear",0.7
"size",800,0,"PCA, equal scores",0.945
"size",800,0,"Polychoric PCA",0.875
"size",800,0,"ordpp linear",0.27
"size",800,0,"PCA, equal scores",0.135
"size",800,0,"Polychoric PCA",0.105
"size",800,0,"ordpp linear",0.68
"size",800,0,"PCA, equal scores",0.48
"size",800,0,"Polychoric PCA",0.64
"size",800,0,"ordpp linear",0.075
"size",800,0,"PCA, equal scores",0.64
"size",800,0,"Polychoric PCA",0.475
"size",800,0,"ordpp linear",0.56
"size",800,0,"PCA, equal scores",0.38
"size",800,0,"Polychoric PCA",0.445
"size",800,0,"ordpp linear",0.985
"size",800,0,"PCA, equal scores",0.565
"size",800,0,"Polychoric PCA",0.495
"size",800,0,"ordpp linear",0.26
"size",800,0,"PCA, equal scores",0.815
"size",800,0,"Polychoric PCA",0.65
"size",800,0,"ordpp linear",0.415
"size",800,0,"PCA, equal scores",0.24
"size",800,0,"Polychoric PCA",0.325
"size",800,0,"ordpp linear",0.555
"size",800,0,"PCA, equal scores",0.16
"size",800,0,"Polychoric PCA",0.13
"size",800,0,"ordpp linear",0.63
"size",800,0,"PCA, equal scores",0.32
"size",800,0,"Polychoric PCA",0.245
"size",800,0,"ordpp linear",0.93
"size",800,0,"PCA, equal scores",0.105
"size",800,0,"Polychoric PCA",0.115
"size",800,0,"ordpp linear",0.425
"size",800,0,"PCA, equal scores",0.75
"size",800,0,"Polychoric PCA",0.825
"size",800,0,"ordpp linear",0.68
"size",800,0,"PCA, equal scores",0.585
"size",800,0,"Polychoric PCA",0.665
"size",800,0,"ordpp linear",0.815
"size",800,0,"PCA, equal scores",0.685
"size",800,0,"Polychoric PCA",0.7
"size",800,0,"ordpp linear",0.125
"size",800,0,"PCA, equal scores",0.71
"size",800,0,"Polychoric PCA",0.7
"size",800,0,"ordpp linear",0.49
"size",800,0,"PCA, equal scores",0.505
"size",800,0,"Polychoric PCA",0.48
"size",800,0,"ordpp linear",0.58
"size",800,0,"PCA, equal scores",0.5
"size",800,0,"Polychoric PCA",0.425
"size",800,0,"ordpp linear",0.57
"size",800,0,"PCA, equal scores",0.575
"size",800,0,"Polychoric PCA",0.365
"size",800,0,"ordpp linear",0.18
"size",800,0,"PCA, equal scores",0.27
"size",800,0,"Polychoric PCA",0.26
"size",800,0,"ordpp linear",0.46
"size",800,0,"PCA, equal scores",0.595
"size",800,0,"Polychoric PCA",0.645
"size",800,0,"ordpp linear",1
"size",800,0,"PCA, equal scores",0.7
"size",800,0,"Polychoric PCA",0.565
"size",800,0,"ordpp linear",0.79
"size",800,0,"PCA, equal scores",0.435
"size",800,0,"Polychoric PCA",0.35
"size",800,0,"ordpp linear",0.185
"size",800,0,"PCA, equal scores",0.715
"size",800,0,"Polychoric PCA",0.735
"size",800,0,"ordpp linear",0.645
"size",800,0,"PCA, equal scores",0.875
"size",800,0,"Polychoric PCA",0.965
"size",800,0,"ordpp linear",0.485
"size",800,0,"PCA, equal scores",0.105
"size",800,0,"Polychoric PCA",0.215
"size",800,0,"ordpp linear",0.335
"size",800,0,"PCA, equal scores",0.34
"size",800,0,"Polychoric PCA",0.81
"size",800,0,"ordpp linear",0.545
"size",800,0,"PCA, equal scores",0.475
"size",800,0,"Polychoric PCA",0.535
"size",800,0,"ordpp linear",0.88
"size",800,0,"PCA, equal scores",0.475
"size",800,0,"Polychoric PCA",0.48
"size",800,0,"ordpp linear",0.995
"size",800,0,"PCA, equal scores",0.8
"size",800,0,"Polychoric PCA",0.96
"size",800,0,"ordpp linear",0.425
"size",800,0,"PCA, equal scores",0.165
"size",800,0,"Polychoric PCA",0.31
"size",800,0,"ordpp linear",0.7
"size",800,0,"PCA, equal scores",0.59
"size",800,0,"Polychoric PCA",0.595
"size",800,0,"ordpp linear",0.055
"size",800,0,"PCA, equal scores",0.735
"size",800,0,"Polychoric PCA",0.85
"size",800,0,"ordpp linear",0.895
"size",800,0,"PCA, equal scores",0.73
"size",800,0,"Polychoric PCA",0.96
"size",800,0,"ordpp linear",0.11
"size",800,0,"PCA, equal scores",0.015
"size",800,0,"Polychoric PCA",0.04
"size",800,0,"ordpp linear",0.055
"size",800,0,"PCA, equal scores",0.255
"size",800,0,"Polychoric PCA",0.815
"size",800,0,"ordpp linear",0.625
"size",800,0,"PCA, equal scores",0.68
"size",800,0,"Polychoric PCA",0.815
"size",800,0,"ordpp linear",0.65
"size",800,0,"PCA, equal scores",0.18
"size",800,0,"Polychoric PCA",0.19
"size",800,0,"ordpp linear",0.6
"size",800,0,"PCA, equal scores",0.685
"size",800,0,"Polychoric PCA",0.895
"size",800,0,"ordpp linear",0.775
"size",800,0,"PCA, equal scores",1
"size",800,0,"Polychoric PCA",0.9
"size",800,0,"ordpp linear",0.695
"size",800,0,"PCA, equal scores",0.95
"size",800,0,"Polychoric PCA",0.88
"size",800,0,"ordpp linear",0.865
"size",800,0,"PCA, equal scores",0.365
"size",800,0,"Polychoric PCA",0.395
"size",800,0,"ordpp linear",0.705
"size",800,0,"PCA, equal scores",0.75
"size",800,0,"Polychoric PCA",0.83
"size",800,0,"ordpp linear",0.65
"size",800,0,"PCA, equal scores",0.54
"size",800,0,"Polychoric PCA",0.795
"size",800,0,"ordpp linear",0.47
"size",800,0,"PCA, equal scores",0.47
"size",800,0,"Polychoric PCA",0.625
"size",800,0,"ordpp linear",0.09
"size",800,0,"PCA, equal scores",0.455
"size",800,0,"Polychoric PCA",0.345
"size",800,0,"ordpp linear",0.105
"size",800,0,"PCA, equal scores",0.3
"size",800,0,"Polychoric PCA",0.365
"size",800,0,"ordpp linear",0.14
"size",800,0,"PCA, equal scores",0.67
"size",800,0,"Polychoric PCA",0.095
"size",800,0,"ordpp linear",0.235
"size",800,0,"PCA, equal scores",0.15
"size",800,0,"Polychoric PCA",0.155
"size",800,0,"ordpp linear",0.365
"size",800,0,"PCA, equal scores",0.955
"size",800,0,"Polychoric PCA",0.785
"size",800,0,"ordpp linear",0.07
"size",800,0,"PCA, equal scores",0.165
"size",800,0,"Polychoric PCA",0.145
"size",800,0,"ordpp linear",0.1
"size",800,0,"PCA, equal scores",0.81
"size",800,0,"Polychoric PCA",0.84
"size",800,0,"ordpp linear",0.105
"size",800,0,"PCA, equal scores",0.5
"size",800,0,"Polychoric PCA",0.81
"size",800,0,"ordpp linear",0.335
"size",800,0,"PCA, equal scores",0.355
"size",800,0,"Polychoric PCA",0.305
"size",800,0,"ordpp linear",0.615
"size",800,0,"PCA, equal scores",0.875
"size",800,0,"Polychoric PCA",0.935
"size",800,0,"ordpp linear",0.385
"size",800,0,"PCA, equal scores",0.97
"size",800,0,"Polychoric PCA",0.745
"size",800,0,"ordpp linear",0.71
"size",800,0,"PCA, equal scores",0.305
"size",800,0,"Polychoric PCA",0.33
"size",800,0,"ordpp linear",0.895
"size",800,0,"PCA, equal scores",0.455
"size",800,0,"Polychoric PCA",0.78
"size",800,0,"ordpp linear",0.405
"size",800,0,"PCA, equal scores",0.04
"size",800,0,"Polychoric PCA",0.045
"size",800,0,"ordpp linear",0.87
"size",800,0,"PCA, equal scores",0.935
"size",800,0,"Polychoric PCA",0.95
"size",800,0,"ordpp linear",0.3
"size",800,0,"PCA, equal scores",0.545
"size",800,0,"Polychoric PCA",0.84
"size",800,0,"ordpp linear",0.36
"size",800,0,"PCA, equal scores",0.545
"size",800,0,"Polychoric PCA",0.525
"size",800,0,"ordpp linear",0.01
"size",800,0,"PCA, equal scores",0.87
"size",800,0,"Polychoric PCA",0.815
"size",800,0,"ordpp linear",0.79
"size",800,0,"PCA, equal scores",0.305
"size",800,0,"Polychoric PCA",0.375
"size",800,0,"ordpp linear",0.61
"size",800,0,"PCA, equal scores",0.94
"size",800,0,"Polychoric PCA",0.62
"size",800,0,"ordpp linear",0.305
"size",800,0,"PCA, equal scores",0.78
"size",800,0,"Polychoric PCA",0.84
"size",800,0,"ordpp linear",0.92
"size",800,0,"PCA, equal scores",0.585
"size",800,0,"Polychoric PCA",0.445
"size",800,0,"ordpp linear",0.975
"size",800,0,"PCA, equal scores",0.615
"size",800,0,"Polychoric PCA",0.54
"size",800,0,"ordpp linear",0.67
"size",800,0,"PCA, equal scores",0.67
"size",800,0,"Polychoric PCA",0.875
"size",800,0,"ordpp linear",0.695
"size",800,0,"PCA, equal scores",0.555
"size",800,0,"Polychoric PCA",0.66
"size",800,0,"ordpp linear",0.07
"size",800,0,"PCA, equal scores",0.395
"size",800,0,"Polychoric PCA",0.43
"size",800,0,"ordpp linear",0.2
"size",800,0,"PCA, equal scores",0.445
"size",800,0,"Polychoric PCA",0.37
"size",800,0,"ordpp linear",0.33
"size",800,0,"PCA, equal scores",0.765
"size",800,0,"Polychoric PCA",0.7
"size",800,0,"ordpp linear",0.33
"size",800,0,"PCA, equal scores",0.415
"size",800,0,"Polychoric PCA",0.195
"size",800,0,"ordpp linear",0.005
"size",800,0,"PCA, equal scores",0.09
"size",800,0,"Polychoric PCA",0.195
"size",800,0,"ordpp linear",0.215
"size",800,0,"PCA, equal scores",0.365
"size",800,0,"Polychoric PCA",0.27
"size",800,0,"ordpp linear",0.675
"size",800,0,"PCA, equal scores",0.895
"size",800,0,"Polychoric PCA",0.565
"size",800,0,"ordpp linear",0.9
"size",800,0,"PCA, equal scores",0.92
"size",800,0,"Polychoric PCA",0.87
"size",800,0,"ordpp linear",0.99
"size",800,0,"PCA, equal scores",0.575
"size",800,0,"Polychoric PCA",0.53
"size",800,0,"ordpp linear",0.26
"size",800,0,"PCA, equal scores",0.85
"size",800,0,"Polychoric PCA",0.705
"size",800,0,"ordpp linear",0.355
"size",800,0,"PCA, equal scores",0.075
"size",800,0,"Polychoric PCA",0.06
"size",800,0,"ordpp linear",0.555
"size",800,0,"PCA, equal scores",0.345
"size",800,0,"Polychoric PCA",0.29
"size",800,0,"ordpp linear",0.76
"size",800,0,"PCA, equal scores",0.405
"size",800,0,"Polychoric PCA",0.695
"size",800,0,"ordpp linear",0.175
"size",800,0,"PCA, equal scores",0.455
"size",800,0,"Polychoric PCA",0.42
"size",800,0,"ordpp linear",0.855
"size",800,0,"PCA, equal scores",0.255
"size",800,0,"Polychoric PCA",0.335
"size",800,0,"ordpp linear",0.615
"size",800,0,"PCA, equal scores",0.67
"size",800,0,"Polychoric PCA",0.73
"size",800,0,"ordpp linear",0.635
"size",800,0,"PCA, equal scores",0.345
"size",800,0,"Polychoric PCA",0.87
"size",800,0,"ordpp linear",0.23
"size",800,0,"PCA, equal scores",0.41
"size",800,0,"Polychoric PCA",0.94
"size",800,0,"ordpp linear",0.51
"size",800,0,"PCA, equal scores",0.86
"size",800,0,"Polychoric PCA",0.92
"size",800,0,"ordpp linear",0.65
"size",800,0,"PCA, equal scores",0.83
"size",800,0,"Polychoric PCA",0.405
"size",800,0,"ordpp linear",0.385
"size",800,0,"PCA, equal scores",0.195
"size",800,0,"Polychoric PCA",0.165
"size",800,0,"ordpp linear",0.4
"size",800,0,"PCA, equal scores",0.07
"size",800,0,"Polychoric PCA",0.115
"size",800,0,"ordpp linear",0.735
"size",800,0,"PCA, equal scores",0.445
"size",800,0,"Polychoric PCA",0.27
"size",800,0,"ordpp linear",0.595
"size",800,0,"PCA, equal scores",0.395
"size",800,0,"Polychoric PCA",0.825
"size",800,0,"ordpp linear",0.475
"size",800,0,"PCA, equal scores",0.825
"size",800,0,"Polychoric PCA",0.835
"size",800,0,"ordpp linear",0.665
"size",800,0,"PCA, equal scores",0.925
"size",800,0,"Polychoric PCA",0.775
"size",800,0,"ordpp linear",0.945
"size",800,0,"PCA, equal scores",0.855
"size",800,0,"Polychoric PCA",0.925
"size",800,0,"ordpp linear",0.34
"size",800,0,"PCA, equal scores",0.635
"size",800,0,"Polychoric PCA",0.67
"size",800,0,"ordpp linear",0.535
"size",800,0,"PCA, equal scores",0.035
"size",800,0,"Polychoric PCA",0.07
"size",800,0,"ordpp linear",0.065
"size",800,0,"PCA, equal scores",0.025
"size",800,0,"Polychoric PCA",0.095
"size",800,0,"ordpp linear",0.06
"size",800,0,"PCA, equal scores",0.015
"size",800,0,"Polychoric PCA",0.015
"size",800,0,"ordpp linear",0.865
"size",800,0,"PCA, equal scores",0.395
"size",800,0,"Polychoric PCA",0.33
"size",800,0,"ordpp linear",0.74
"size",800,0,"PCA, equal scores",0.215
"size",800,0,"Polychoric PCA",0.585
"size",800,0,"ordpp linear",0.965
"size",800,0,"PCA, equal scores",0.84
"size",800,0,"Polychoric PCA",0.935
"size",800,0,"ordpp linear",0.05
"size",800,0,"PCA, equal scores",0.095
"size",800,0,"Polychoric PCA",0.07
"size",800,0,"ordpp linear",0.4
"size",800,0,"PCA, equal scores",0.375
"size",800,0,"Polychoric PCA",0.21
"size",800,0,"ordpp linear",0.815
"size",800,0,"PCA, equal scores",0.365
"size",800,0,"Polychoric PCA",0.365
"size",800,0,"ordpp linear",0.065
"size",800,0,"PCA, equal scores",0.055
"size",800,0,"Polychoric PCA",0.06
"size",800,0,"ordpp linear",0.485
"size",800,0,"PCA, equal scores",0.88
"size",800,0,"Polychoric PCA",0.87
"size",800,0,"ordpp linear",0.68
"size",800,0,"PCA, equal scores",0.77
"size",800,0,"Polychoric PCA",0.815
"size",800,0,"ordpp linear",0.915
"size",800,0,"PCA, equal scores",0.56
"size",800,0,"Polychoric PCA",0.58
"size",800,0,"ordpp linear",0.22
"size",800,0,"PCA, equal scores",0.15
"size",800,0,"Polychoric PCA",0.135
"size",800,0,"ordpp linear",0.51
"size",800,0,"PCA, equal scores",0.285
"size",800,0,"Polychoric PCA",0.34
"size",800,0,"ordpp linear",0.32
"size",800,0,"PCA, equal scores",0.64
"size",800,0,"Polychoric PCA",0.595
"size",800,0,"ordpp linear",0.225
"size",800,0,"PCA, equal scores",0.125
"size",800,0,"Polychoric PCA",0.24
"size",800,0,"ordpp linear",0.755
"size",800,0,"PCA, equal scores",0.84
"size",800,0,"Polychoric PCA",0.875
"size",800,0,"ordpp linear",0.78
"size",800,0,"PCA, equal scores",0.99
"size",800,0,"Polychoric PCA",0.945
"size",800,0,"ordpp linear",0.015
"size",800,0,"PCA, equal scores",0.045
"size",800,0,"Polychoric PCA",0.07
"size",800,0,"ordpp linear",0.025
"size",800,0,"PCA, equal scores",0.075
"size",800,0,"Polychoric PCA",0.12
"size",800,0,"ordpp linear",0.205
"size",800,0,"PCA, equal scores",0.425
"size",800,0,"Polychoric PCA",0.38
"size",800,0,"ordpp linear",0.565
"size",800,0,"PCA, equal scores",0.88
"size",800,0,"Polychoric PCA",0.775
"size",800,0,"ordpp linear",0.11
"size",800,0,"PCA, equal scores",0.535
"size",800,0,"Polychoric PCA",0.425
"size",800,0,"ordpp linear",0.36
"size",800,0,"PCA, equal scores",0.51
"size",800,0,"Polychoric PCA",0.685
"size",800,0,"ordpp linear",0.125
"size",800,0,"PCA, equal scores",0.26
"size",800,0,"Polychoric PCA",0.265
"size",800,0,"ordpp linear",0.885
"size",800,0,"PCA, equal scores",0.03
"size",800,0,"Polychoric PCA",0.045
"size",800,0,"ordpp linear",0.475
"size",800,0,"PCA, equal scores",0.18
"size",800,0,"Polychoric PCA",0.205
"size",800,0,"ordpp linear",0.255
"size",800,0,"PCA, equal scores",0.095
"size",800,0,"Polychoric PCA",0.005
"size",800,0,"ordpp linear",0.405
"size",800,0,"PCA, equal scores",0.71
"size",800,0,"Polychoric PCA",0.6
"size",800,0,"ordpp linear",0.64
"size",800,0,"PCA, equal scores",0.02
"size",800,0,"Polychoric PCA",0.035
"size",800,0,"ordpp linear",0.535
"size",800,0,"PCA, equal scores",0.405
"size",800,0,"Polychoric PCA",0.29
"size",800,0,"ordpp linear",0.77
"size",800,0,"PCA, equal scores",0.325
"size",800,0,"Polychoric PCA",0.285
"size",800,0,"ordpp linear",0.475
"size",800,0,"PCA, equal scores",0.58
"size",800,0,"Polychoric PCA",0.49
"size",800,0,"ordpp linear",0.75
"size",800,0,"PCA, equal scores",0.57
"size",800,0,"Polychoric PCA",0.84
"size",800,0,"ordpp linear",0.32
"size",800,0,"PCA, equal scores",0.105
"size",800,0,"Polychoric PCA",0.165
"size",800,0,"ordpp linear",0.035
"size",800,0,"PCA, equal scores",0.12
"size",800,0,"Polychoric PCA",0.135
"size",800,0,"ordpp linear",0.85
"size",800,0,"PCA, equal scores",0.73
"size",800,0,"Polychoric PCA",0.855
"size",800,0,"ordpp linear",0.59
"size",800,0,"PCA, equal scores",0.61
"size",800,0,"Polychoric PCA",0.605
"size",800,0,"ordpp linear",0.63
"size",800,0,"PCA, equal scores",0.94
"size",800,0,"Polychoric PCA",0.865
"size",800,0,"ordpp linear",0.76
"size",800,0,"PCA, equal scores",0.27
"size",800,0,"Polychoric PCA",0.505
"size",800,0,"ordpp linear",0.045
"size",800,0,"PCA, equal scores",0.045
"size",800,0,"Polychoric PCA",0.025
"size",800,0,"ordpp linear",0.455
"size",800,0,"PCA, equal scores",0.89
"size",800,0,"Polychoric PCA",0.83
"size",800,0,"ordpp linear",0.285
"size",800,0,"PCA, equal scores",0.675
"size",800,0,"Polychoric PCA",0.7
"size",800,0,"ordpp linear",0.675
"size",800,0,"PCA, equal scores",0.81
"size",800,0,"Polychoric PCA",0.815
"size",800,0,"ordpp linear",0.125
"size",800,0,"PCA, equal scores",0.715
"size",800,0,"Polychoric PCA",0.805
"size",800,0,"ordpp linear",0.92
"size",800,0,"PCA, equal scores",0.99
"size",800,0,"Polychoric PCA",1
"size",800,0,"ordpp linear",0.6
"size",800,0,"PCA, equal scores",0.72
"size",800,0,"Polychoric PCA",0.71
"size",800,0,"ordpp linear",0.01
"size",800,0,"PCA, equal scores",0.03
"size",800,0,"Polychoric PCA",0.015
"size",800,0,"ordpp linear",0.345
"size",800,0,"PCA, equal scores",0.565
"size",800,0,"Polychoric PCA",0.62
"size",800,0,"ordpp linear",0.65
"size",800,0,"PCA, equal scores",0.925
"size",800,0,"Polychoric PCA",0.775
"size",800,0,"ordpp linear",0.69
"size",800,0,"PCA, equal scores",0.455
"size",800,0,"Polychoric PCA",0.54
"size",800,0,"ordpp linear",0.01
"size",800,0,"PCA, equal scores",0.37
"size",800,0,"Polychoric PCA",0.375
"size",800,0,"ordpp linear",0.145
"size",800,0,"PCA, equal scores",0.205
"size",800,0,"Polychoric PCA",0.705
"size",800,0,"ordpp linear",0.22
"size",800,0,"PCA, equal scores",0.45
"size",800,0,"Polychoric PCA",0.58
"size",800,0,"ordpp linear",0.98
"size",800,0,"PCA, equal scores",0.91
"size",800,0,"Polychoric PCA",0.675
"size",800,0,"ordpp linear",0.93
"size",800,0,"PCA, equal scores",0.14
"size",800,0,"Polychoric PCA",0.215
"size",800,0,"ordpp linear",0.51
"size",800,0,"PCA, equal scores",0.05
"size",800,0,"Polychoric PCA",0.045
"size",800,0,"ordpp linear",0.045
"size",800,0,"PCA, equal scores",0.58
"size",800,0,"Polychoric PCA",0.4
"size",800,0,"ordpp linear",0.285
"size",800,0,"PCA, equal scores",0.275
"size",800,0,"Polychoric PCA",0.18
"size",800,0,"ordpp linear",0.89
"size",800,0,"PCA, equal scores",0.44
"size",800,0,"Polychoric PCA",0.56
"size",800,0,"ordpp linear",0.93
"size",800,0,"PCA, equal scores",0.435
"size",800,0,"Polychoric PCA",0.42
"size",800,0,"ordpp linear",0.675
"size",800,0,"PCA, equal scores",0.73
"size",800,0,"Polychoric PCA",0.77
"size",800,0,"ordpp linear",0.92
"size",800,0,"PCA, equal scores",0.96
"size",800,0,"Polychoric PCA",0.93
"size",800,0,"ordpp linear",0.49
"size",800,0,"PCA, equal scores",0.195
"size",800,0,"Polychoric PCA",0.215
"size",800,0,"ordpp linear",0.905
"size",800,0,"PCA, equal scores",0.785
"size",800,0,"Polychoric PCA",0.985
"size",800,0,"ordpp linear",0.64
"size",800,0,"PCA, equal scores",0.96
"size",800,0,"Polychoric PCA",0.98
"size",800,0,"ordpp linear",0.75
"size",800,0,"PCA, equal scores",0.375
"size",800,0,"Polychoric PCA",0.57
"size",800,0,"ordpp linear",0.585
"size",800,0,"PCA, equal scores",0.18
"size",800,0,"Polychoric PCA",0.19
"size",800,0,"ordpp linear",0.315
"size",800,0,"PCA, equal scores",0.35
"size",800,0,"Polychoric PCA",0.395
"size",800,0,"ordpp linear",0.435
"size",800,0,"PCA, equal scores",0.885
"size",800,0,"Polychoric PCA",0.655
"size",800,0,"ordpp linear",0.215
"size",800,0,"PCA, equal scores",0.4
"size",800,0,"Polychoric PCA",0.735
"size",800,0,"ordpp linear",0.48
"size",800,0,"PCA, equal scores",0.635
"size",800,0,"Polychoric PCA",0.57
"size",800,0,"ordpp linear",0.82
"size",800,0,"PCA, equal scores",0.85
"size",800,0,"Polychoric PCA",0.835
"size",800,0,"ordpp linear",0.46
"size",800,0,"PCA, equal scores",0.3
"size",800,0,"Polychoric PCA",0.24
"size",800,0,"ordpp linear",0.885
"size",800,0,"PCA, equal scores",0.595
"size",800,0,"Polychoric PCA",0.555
"size",800,0,"ordpp linear",0.415
"size",800,0,"PCA, equal scores",0.34
"size",800,0,"Polychoric PCA",0.5
"size",800,0,"ordpp linear",0.99
"size",800,0,"PCA, equal scores",0.115
"size",800,0,"Polychoric PCA",0.32
"size",800,0,"ordpp linear",0.62
"size",800,0,"PCA, equal scores",0.42
"size",800,0,"Polychoric PCA",0.41
"size",800,0,"ordpp linear",0.885
"size",800,0,"PCA, equal scores",0.505
"size",800,0,"Polychoric PCA",0.555
"size",800,0,"ordpp linear",0.96
"size",800,0,"PCA, equal scores",0.535
"size",800,0,"Polychoric PCA",0.51
"size",800,0,"ordpp linear",0.205
"size",800,0,"PCA, equal scores",0.6
"size",800,0,"Polychoric PCA",0.79
"size",800,0,"ordpp linear",0.06
"size",800,0,"PCA, equal scores",0.37
"size",800,0,"Polychoric PCA",0.53
"size",800,0,"ordpp linear",0.255
"size",800,0,"PCA, equal scores",0.615
"size",800,0,"Polychoric PCA",0.625
"size",800,0,"ordpp linear",0.24
"size",800,0,"PCA, equal scores",0.015
"size",800,0,"Polychoric PCA",0.02
"size",800,0,"ordpp linear",0.535
"size",800,0,"PCA, equal scores",0.55
"size",800,0,"Polychoric PCA",0.655
"size",800,0,"ordpp linear",0.99
"size",800,0,"PCA, equal scores",0.655
"size",800,0,"Polychoric PCA",0.79
"size",800,0,"ordpp linear",0.29
"size",800,0,"PCA, equal scores",0.085
"size",800,0,"Polychoric PCA",0.16
"size",800,0,"ordpp linear",0.24
"size",800,0,"PCA, equal scores",0.34
"size",800,0,"Polychoric PCA",0.28
"size",800,0,"ordpp linear",0.38
"size",800,0,"PCA, equal scores",0.075
"size",800,0,"Polychoric PCA",0.265
"size",800,0,"ordpp linear",0.335
"size",800,0,"PCA, equal scores",0.655
"size",800,0,"Polychoric PCA",0.65
"size",800,0,"ordpp linear",0.985
"size",800,0,"PCA, equal scores",0.03
"size",800,0,"Polychoric PCA",0.05
"size",800,0,"ordpp linear",0.22
"size",800,0,"PCA, equal scores",0.62
"size",800,0,"Polychoric PCA",0.5
"size",800,0,"ordpp linear",0.255
"size",800,0,"PCA, equal scores",0.905
"size",800,0,"Polychoric PCA",0.555
"size",800,0,"ordpp linear",0.855
"size",800,0,"PCA, equal scores",0.485
"size",800,0,"Polychoric PCA",0.495
"size",800,0,"ordpp linear",0.25
"size",800,0,"PCA, equal scores",0.42
"size",800,0,"Polychoric PCA",0.535
"size",800,0,"ordpp linear",0.39
"size",800,0,"PCA, equal scores",0.125
"size",800,0,"Polychoric PCA",0.25
"size",800,0,"ordpp linear",0.24
"size",800,0,"PCA, equal scores",0.215
"size",800,0,"Polychoric PCA",0.195
"size",800,0,"ordpp linear",0.525
"size",800,0,"PCA, equal scores",0.23
"size",800,0,"Polychoric PCA",0.355
"size",800,0,"ordpp linear",0.57
"size",800,0,"PCA, equal scores",0.485
"size",800,0,"Polychoric PCA",0.215
"size",800,0,"ordpp linear",0.36
"size",800,0,"PCA, equal scores",0.325
"size",800,0,"Polychoric PCA",0.38
"size",800,0,"ordpp linear",0.98
"size",800,0,"PCA, equal scores",0.565
"size",800,0,"Polychoric PCA",0.505
"size",800,0,"ordpp linear",0.445
"size",800,0,"PCA, equal scores",0.35
"size",800,0,"Polychoric PCA",0.385
"size",800,0,"ordpp linear",0.335
"size",800,0,"PCA, equal scores",0.22
"size",800,0,"Polychoric PCA",0.315
"size",800,0,"ordpp linear",0.895
"size",800,0,"PCA, equal scores",0.44
"size",800,0,"Polychoric PCA",0.6
"size",800,0,"ordpp linear",0.88
"size",800,0,"PCA, equal scores",0.72
"size",800,0,"Polychoric PCA",0.87
"size",800,0,"ordpp linear",0.69
"size",800,0,"PCA, equal scores",0.045
"size",800,0,"Polychoric PCA",0.045
"size",800,0,"ordpp linear",0.86
"size",800,0,"PCA, equal scores",0.24
"size",800,0,"Polychoric PCA",0.17
"size",800,0,"ordpp linear",0.275
"size",800,0,"PCA, equal scores",0.285
"size",800,0,"Polychoric PCA",0.155
"size",800,0,"ordpp linear",0.84
"size",800,0,"PCA, equal scores",0.32
"size",800,0,"Polychoric PCA",0.57
"size",800,0,"ordpp linear",0.71
"size",800,0,"PCA, equal scores",0.8
"size",800,0,"Polychoric PCA",0.555
"size",800,0,"ordpp linear",0.72
"size",800,0,"PCA, equal scores",0.91
"size",800,0,"Polychoric PCA",0.815
"size",800,0,"ordpp linear",0.825
"size",800,0,"PCA, equal scores",0.6
"size",800,0,"Polychoric PCA",0.7
"size",800,0,"ordpp linear",0.165
"size",800,0,"PCA, equal scores",0.04
"size",800,0,"Polychoric PCA",0.05
"size",800,0,"ordpp linear",0.365
"size",800,0,"PCA, equal scores",0.605
"size",800,0,"Polychoric PCA",0.61
"size",800,0,"ordpp linear",0.245
"size",800,0,"PCA, equal scores",0.915
"size",800,0,"Polychoric PCA",0.935
"size",800,0,"ordpp linear",0.26
"size",800,0,"PCA, equal scores",0.13
"size",800,0,"Polychoric PCA",0.145
"size",800,0,"ordpp linear",0.915
"size",800,0,"PCA, equal scores",0.415
"size",800,0,"Polychoric PCA",0.43
"size",800,0,"ordpp linear",0.83
"size",800,0,"PCA, equal scores",0.715
"size",800,0,"Polychoric PCA",0.755
"size",800,0,"ordpp linear",0.14
"size",800,0,"PCA, equal scores",0.53
"size",800,0,"Polychoric PCA",0.605
"size",800,0,"ordpp linear",0.77
"size",800,0,"PCA, equal scores",0.885
"size",800,0,"Polychoric PCA",0.305
"size",800,0,"ordpp linear",0.715
"size",800,0,"PCA, equal scores",0.125
"size",800,0,"Polychoric PCA",0.05
"size",800,0,"ordpp linear",0.48
"size",800,0,"PCA, equal scores",0.97
"size",800,0,"Polychoric PCA",0.96
"size",800,0,"ordpp linear",0.65
"size",800,0,"PCA, equal scores",0.71
"size",800,0,"Polychoric PCA",0.875
"size",800,0,"ordpp linear",0.97
"size",800,0,"PCA, equal scores",0.865
"size",800,0,"Polychoric PCA",0.9
"size",800,0,"ordpp linear",0.475
"size",800,0,"PCA, equal scores",0.485
"size",800,0,"Polychoric PCA",0.495
"size",800,0,"ordpp linear",0.07
"size",800,0,"PCA, equal scores",0.25
"size",800,0,"Polychoric PCA",0.325
"size",800,0,"ordpp linear",0.605
"size",800,0,"PCA, equal scores",0.225
"size",800,0,"Polychoric PCA",0.19
"size",800,0,"ordpp linear",0.945
"size",800,0,"PCA, equal scores",0.925
"size",800,0,"Polychoric PCA",0.945
"size",800,0,"ordpp linear",0.96
"size",800,0,"PCA, equal scores",0.465
"size",800,0,"Polychoric PCA",0.485
"size",800,0,"ordpp linear",0.775
"size",800,0,"PCA, equal scores",0.89
"size",800,0,"Polychoric PCA",0.985
"size",800,0,"ordpp linear",0.855
"size",800,0,"PCA, equal scores",0.89
"size",800,0,"Polychoric PCA",0.855
"size",800,0,"ordpp linear",0.65
"size",800,0,"PCA, equal scores",0.565
"size",800,0,"Polychoric PCA",0.23
"size",800,0,"ordpp linear",0.77
"size",800,0,"PCA, equal scores",0.41
"size",800,0,"Polychoric PCA",0.435
"size",800,0,"ordpp linear",0.675
"size",800,0,"PCA, equal scores",0.56
"size",800,0,"Polychoric PCA",0.06
"size",800,0,"ordpp linear",0.6
"size",800,0,"PCA, equal scores",0.505
"size",800,0,"Polychoric PCA",0.485
"size",800,0,"ordpp linear",0.415
"size",800,0,"PCA, equal scores",0.075
"size",800,0,"Polychoric PCA",0.06
"size",800,0,"ordpp linear",0.4
"size",800,0,"PCA, equal scores",0.305
"size",800,0,"Polychoric PCA",0.17
"size",800,0,"ordpp linear",0.575
"size",800,0,"PCA, equal scores",0.425
"size",800,0,"Polychoric PCA",0.435
"size",800,0,"ordpp linear",0.065
"size",800,0,"PCA, equal scores",0.42
"size",800,0,"Polychoric PCA",0.97
"size",800,0,"ordpp linear",0.975
"size",800,0,"PCA, equal scores",0.655
"size",800,0,"Polychoric PCA",0.62
"size",800,0,"ordpp linear",0.41
"size",800,0,"PCA, equal scores",0.03
"size",800,0,"Polychoric PCA",0.015
"size",800,0,"ordpp linear",0.28
"size",800,0,"PCA, equal scores",0.92
"size",800,0,"Polychoric PCA",0.955
"size",800,0,"ordpp linear",0.41
"size",800,0,"PCA, equal scores",0.98
"size",800,0,"Polychoric PCA",0.975
"size",800,0,"ordpp linear",0.485
"size",800,0,"PCA, equal scores",0.955
"size",800,0,"Polychoric PCA",0.97
"size",800,0,"ordpp linear",0.33
"size",800,0,"PCA, equal scores",0.275
"size",800,0,"Polychoric PCA",0.28
"size",800,0,"ordpp linear",0.965
"size",800,0,"PCA, equal scores",0.97
"size",800,0,"Polychoric PCA",0.905
"size",800,0,"ordpp linear",0.27
"size",800,0,"PCA, equal scores",0.755
"size",800,0,"Polychoric PCA",0.69
"size",800,0,"ordpp linear",0.535
"size",800,0,"PCA, equal scores",0.895
"size",800,0,"Polychoric PCA",0.89
"size",800,0,"ordpp linear",0.02
"size",800,0,"PCA, equal scores",0.74
"size",800,0,"Polychoric PCA",0.66
"size",800,0,"ordpp linear",0.66
"size",800,0,"PCA, equal scores",0.84
"size",800,0,"Polychoric PCA",0.915
"size",800,0,"ordpp linear",0.295
"size",800,0,"PCA, equal scores",0.555
"size",800,0,"Polychoric PCA",0.68
"size",800,0,"ordpp linear",0.815
"size",800,0,"PCA, equal scores",0.855
"size",800,0,"Polychoric PCA",0.69
"size",800,0,"ordpp linear",0.535
"size",800,0,"PCA, equal scores",0.76
"size",800,0,"Polychoric PCA",0.83
"size",800,0,"ordpp linear",0.035
"size",800,0,"PCA, equal scores",0.07
"size",800,0,"Polychoric PCA",0.05
"size",800,0,"ordpp linear",0.4
"size",800,0,"PCA, equal scores",0.915
"size",800,0,"Polychoric PCA",0.85
"size",800,0,"ordpp linear",0.705
"size",800,0,"PCA, equal scores",0.56
"size",800,0,"Polychoric PCA",0.74
"size",800,0,"ordpp linear",0.7
"size",800,0,"PCA, equal scores",0.385
"size",800,0,"Polychoric PCA",0.41
"size",800,0,"ordpp linear",0.59
"size",800,0,"PCA, equal scores",0.265
"size",800,0,"Polychoric PCA",0.115
"size",800,0,"ordpp linear",0.005
"size",800,0,"PCA, equal scores",0.325
"size",800,0,"Polychoric PCA",0.315
"size",800,0,"ordpp linear",0.775
"size",800,0,"PCA, equal scores",0.275
"size",800,0,"Polychoric PCA",0.375
"size",800,0,"ordpp linear",0.55
"size",800,0,"PCA, equal scores",0.765
"size",800,0,"Polychoric PCA",0.925
"size",800,0,"ordpp linear",0.84
"size",800,0,"PCA, equal scores",0.86
"size",800,0,"Polychoric PCA",0.91
"size",800,0,"ordpp linear",0.1
"size",800,0,"PCA, equal scores",0.115
"size",800,0,"Polychoric PCA",0.12
"size",800,0,"ordpp linear",0.065
"size",800,0,"PCA, equal scores",0.695
"size",800,0,"Polychoric PCA",0.45
"size",800,0,"ordpp linear",0.975
"size",800,0,"PCA, equal scores",0.715
"size",800,0,"Polychoric PCA",0.745
"size",800,0,"ordpp linear",0.13
"size",800,0,"PCA, equal scores",0.375
"size",800,0,"Polychoric PCA",0.29
"size",800,0,"ordpp linear",0.16
"size",800,0,"PCA, equal scores",0.425
"size",800,0,"Polychoric PCA",0.32
"size",800,0,"ordpp linear",0.135
"size",800,0,"PCA, equal scores",0.46
"size",800,0,"Polychoric PCA",0.56
"size",800,0,"ordpp linear",0.275
"size",800,0,"PCA, equal scores",0.565
"size",800,0,"Polychoric PCA",0.47
"size",800,0,"ordpp linear",0.23
"size",800,0,"PCA, equal scores",0.485
"size",800,0,"Polychoric PCA",0.36
"size",800,0,"ordpp linear",0.325
"size",800,0,"PCA, equal scores",0.095
"size",800,0,"Polychoric PCA",0.07
"size",800,0,"ordpp linear",0.78
"size",800,0,"PCA, equal scores",0.855
"size",800,0,"Polychoric PCA",0.65
"size",800,0,"ordpp linear",0.585
"size",800,0,"PCA, equal scores",0.635
"size",800,0,"Polychoric PCA",0.45
"size",800,0,"ordpp linear",0.21
"size",800,0,"PCA, equal scores",0.225
"size",800,0,"Polychoric PCA",0.215
"size",800,0,"ordpp linear",0.1
"size",800,0,"PCA, equal scores",0.58
"size",800,0,"Polychoric PCA",0.88
"size",800,0,"ordpp linear",0.155
"size",800,0,"PCA, equal scores",0.825
"size",800,0,"Polychoric PCA",0.85
"size",800,0,"ordpp linear",0.875
"size",800,0,"PCA, equal scores",0.825
"size",800,0,"Polychoric PCA",0.705
"size",800,0,"ordpp linear",0.535
"size",800,0,"PCA, equal scores",0.59
"size",800,0,"Polychoric PCA",0.57
"size",800,0,"ordpp linear",0.425
"size",800,0,"PCA, equal scores",0.64
"size",800,0,"Polychoric PCA",0.605
"size",800,0,"ordpp linear",0.66
"size",800,0,"PCA, equal scores",0.39
"size",800,0,"Polychoric PCA",0.705
"size",800,0,"ordpp linear",0.27
"size",800,0,"PCA, equal scores",0.885
"size",800,0,"Polychoric PCA",0.85
"size",800,0,"ordpp linear",0.685
"size",800,0,"PCA, equal scores",0.63
"size",800,0,"Polychoric PCA",0.46
"size",800,0,"ordpp linear",0.465
"size",800,0,"PCA, equal scores",0.975
"size",800,0,"Polychoric PCA",1
"size",800,0,"ordpp linear",0.245
"size",800,0,"PCA, equal scores",0.195
"size",800,0,"Polychoric PCA",0.15
"size",800,0,"ordpp linear",0.16
"size",800,0,"PCA, equal scores",0.52
"size",800,0,"Polychoric PCA",0.675
"size",800,0,"ordpp linear",0.78
"size",800,0,"PCA, equal scores",0.96
"size",800,0,"Polychoric PCA",0.965
"size",800,0,"ordpp linear",0.98
"size",800,0,"PCA, equal scores",0.3
"size",800,0,"Polychoric PCA",0.16
"size",800,0,"ordpp linear",0.91
"size",800,0,"PCA, equal scores",0.63
"size",800,0,"Polychoric PCA",0.48
"size",800,0,"ordpp linear",0.015
"size",800,0,"PCA, equal scores",0.52
"size",800,0,"Polychoric PCA",0.71
"size",800,0,"ordpp linear",0.275
"size",800,0,"PCA, equal scores",0.42
"size",800,0,"Polychoric PCA",0.445
"size",800,0,"ordpp linear",0.84
"size",800,0,"PCA, equal scores",0.375
"size",800,0,"Polychoric PCA",0.25
"size",800,0,"ordpp linear",0.035
"size",800,0,"PCA, equal scores",0.035
"size",800,0,"Polychoric PCA",0.03
"size",800,0,"ordpp linear",0.945
"size",800,0,"PCA, equal scores",0.18
"size",800,0,"Polychoric PCA",0.125
"size",800,0,"ordpp linear",0.78
"size",800,0,"PCA, equal scores",0.915
"size",800,0,"Polychoric PCA",0.935
"size",800,0,"ordpp linear",0.6
"size",800,0,"PCA, equal scores",0.03
"size",800,0,"Polychoric PCA",0.94
"size",800,0,"ordpp linear",0.27
"size",800,0,"PCA, equal scores",0.1
"size",800,0,"Polychoric PCA",0.125
"size",800,0,"ordpp linear",0.915
"size",800,0,"PCA, equal scores",0.03
"size",800,0,"Polychoric PCA",0.06
"size",800,0,"ordpp linear",0.46
"size",800,0,"PCA, equal scores",0.43
"size",800,0,"Polychoric PCA",0.57
"size",800,0,"ordpp linear",0.985
"size",800,0,"PCA, equal scores",0.96
"size",800,0,"Polychoric PCA",0.94
"size",800,0,"ordpp linear",0.045
"size",800,0,"PCA, equal scores",0.11
"size",800,0,"Polychoric PCA",0.14
"size",800,0,"ordpp linear",0.395
"size",800,0,"PCA, equal scores",0.515
"size",800,0,"Polychoric PCA",0.745
"size",800,0,"ordpp linear",0.14
"size",800,0,"PCA, equal scores",0.17
"size",800,0,"Polychoric PCA",0.195
"size",800,0,"ordpp linear",0.595
"size",800,0,"PCA, equal scores",0.525
"size",800,0,"Polychoric PCA",0.51
"size",800,0,"ordpp linear",0.015
"size",800,0,"PCA, equal scores",0.085
"size",800,0,"Polychoric PCA",0.125
"size",800,0,"ordpp linear",0.785
"size",800,0,"PCA, equal scores",0.93
"size",800,0,"Polychoric PCA",0.935
"size",800,0,"ordpp linear",0.275
"size",800,0,"PCA, equal scores",0.255
"size",800,0,"Polychoric PCA",0.495
"size",800,0,"ordpp linear",0.905
"size",800,0,"PCA, equal scores",0.655
"size",800,0,"Polychoric PCA",0.57
"size",800,0,"ordpp linear",0.755
"size",800,0,"PCA, equal scores",0.4
"size",800,0,"Polychoric PCA",0.415
"size",800,0,"ordpp linear",0.605
"size",800,0,"PCA, equal scores",0.615
"size",800,0,"Polychoric PCA",0.65
"size",800,0,"ordpp linear",0.11
"size",800,0,"PCA, equal scores",0.35
"size",800,0,"Polychoric PCA",0.485
"size",800,0,"ordpp linear",0.45
"size",800,0,"PCA, equal scores",0.545
"size",800,0,"Polychoric PCA",0.51
"size",800,0,"ordpp linear",0.905
"size",800,0,"PCA, equal scores",0.27
"size",800,0,"Polychoric PCA",0.14
"size",800,0,"ordpp linear",0.68
"size",800,0,"PCA, equal scores",0.2
"size",800,0,"Polychoric PCA",0.34
"size",800,0,"ordpp linear",0.81
"size",800,0,"PCA, equal scores",0.185
"size",800,0,"Polychoric PCA",0.405
"size",800,0,"ordpp linear",0.195
"size",800,0,"PCA, equal scores",0.095
"size",800,0,"Polychoric PCA",0.065
"size",800,0,"ordpp linear",0.59
"size",800,0,"PCA, equal scores",0.915
"size",800,0,"Polychoric PCA",0.95
"size",800,0,"ordpp linear",0.805
"size",800,0,"PCA, equal scores",0.11
"size",800,0,"Polychoric PCA",0.295
"size",800,0,"ordpp linear",0.055
"size",800,0,"PCA, equal scores",0.87
"size",800,0,"Polychoric PCA",0.95
"size",800,0,"ordpp linear",0.215
"size",800,0,"PCA, equal scores",0.105
"size",800,0,"Polychoric PCA",0.02
"size",800,0,"ordpp linear",0.6
"size",800,0,"PCA, equal scores",0.15
"size",800,0,"Polychoric PCA",0.225
"size",800,0,"ordpp linear",0.47
"size",800,0,"PCA, equal scores",0.795
"size",800,0,"Polychoric PCA",0.74
"size",800,0,"ordpp linear",0.255
"size",800,0,"PCA, equal scores",0.465
"size",800,0,"Polychoric PCA",0.455
"size",800,0,"ordpp linear",0.775
"size",800,0,"PCA, equal scores",0.75
"size",800,0,"Polychoric PCA",0.655
"size",800,0,"ordpp linear",0.065
"size",800,0,"PCA, equal scores",0.19
"size",800,0,"Polychoric PCA",0.265
"size",800,0,"ordpp linear",0.03
"size",800,0,"PCA, equal scores",0.015
"size",800,0,"Polychoric PCA",0.02
"size",800,0,"ordpp linear",0.995
"size",800,0,"PCA, equal scores",0.06
"size",800,0,"Polychoric PCA",0.07
"size",800,0,"ordpp linear",0.935
"size",800,0,"PCA, equal scores",0.615
"size",800,0,"Polychoric PCA",0.69
"size",800,0,"ordpp linear",0.715
"size",800,0,"PCA, equal scores",0.31
"size",800,0,"Polychoric PCA",0.12
"size",800,0,"ordpp linear",0.07
"size",800,0,"PCA, equal scores",0.005
"size",800,0,"Polychoric PCA",0.005
"size",800,0,"ordpp linear",0.74
"size",800,0,"PCA, equal scores",0.24
"size",800,0,"Polychoric PCA",0.25
"size",800,0,"ordpp linear",0.3
"size",800,0,"PCA, equal scores",0.575
"size",800,0,"Polychoric PCA",0.635
"size",800,0,"ordpp linear",0.48
"size",800,0,"PCA, equal scores",0.43
"size",800,0,"Polychoric PCA",0.52
"size",800,0,"ordpp linear",0.525
"size",800,0,"PCA, equal scores",0.12
"size",800,0,"Polychoric PCA",0.12
"size",800,0,"ordpp linear",0.575
"size",800,0,"PCA, equal scores",0.955
"size",800,0,"Polychoric PCA",0.855
"size",800,0,"ordpp linear",0.49
"size",800,0,"PCA, equal scores",0.845
"size",800,0,"Polychoric PCA",0.885
"size",800,0,"ordpp linear",0.11
"size",800,0,"PCA, equal scores",0.37
"size",800,0,"Polychoric PCA",0.365
"size",800,0,"ordpp linear",0.85
"size",800,0,"PCA, equal scores",0.42
"size",800,0,"Polychoric PCA",0.175
"size",800,0,"ordpp linear",0.795
"size",800,0,"PCA, equal scores",0.655
"size",800,0,"Polychoric PCA",0.78
"size",800,0,"ordpp linear",0.25
"size",800,0,"PCA, equal scores",0.925
"size",800,0,"Polychoric PCA",0.89
"size",800,0,"ordpp linear",0.255
"size",800,0,"PCA, equal scores",0.315
"size",800,0,"Polychoric PCA",0.21
"size",800,0,"ordpp linear",0.27
"size",800,0,"PCA, equal scores",0.705
"size",800,0,"Polychoric PCA",0.775
"size",800,0,"ordpp linear",0.105
"size",800,0,"PCA, equal scores",0.055
"size",800,0,"Polychoric PCA",0.06
"size",800,0,"ordpp linear",1
"size",800,0,"PCA, equal scores",0.93
"size",800,0,"Polychoric PCA",0.97
"size",800,0,"ordpp linear",0.975
"size",800,0,"PCA, equal scores",0.81
"size",800,0,"Polychoric PCA",0.81
"size",800,0,"ordpp linear",0.355
"size",800,0,"PCA, equal scores",0.39
"size",800,0,"Polychoric PCA",0.365
"size",800,0,"ordpp linear",0.3
"size",800,0,"PCA, equal scores",0.43
"size",800,0,"Polychoric PCA",0.795
"size",800,0,"ordpp linear",0.025
"size",800,0,"PCA, equal scores",0.18
"size",800,0,"Polychoric PCA",0.17
"size",800,0,"ordpp linear",0.305
"size",800,0,"PCA, equal scores",0.98
"size",800,0,"Polychoric PCA",0.54
"size",800,0,"ordpp linear",0.58
"size",800,0,"PCA, equal scores",0.135
"size",800,0,"Polychoric PCA",0.72
"size",800,0,"ordpp linear",0.5
"size",800,0,"PCA, equal scores",0.9
"size",800,0,"Polychoric PCA",0.91
"size",800,0,"ordpp linear",0.125
"size",800,0,"PCA, equal scores",0.195
"size",800,0,"Polychoric PCA",0.225
"size",800,0,"ordpp linear",0.615
"size",800,0,"PCA, equal scores",0.285
"size",800,0,"Polychoric PCA",0.2
"size",800,0,"ordpp linear",0.19
"size",800,0,"PCA, equal scores",0.555
"size",800,0,"Polychoric PCA",0.855
"size",800,0,"ordpp linear",0.625
"size",800,0,"PCA, equal scores",0.505
"size",800,0,"Polychoric PCA",0.51
"size",800,0,"ordpp linear",0.59
"size",800,0,"PCA, equal scores",0.3
"size",800,0,"Polychoric PCA",0.18
"size",800,0,"ordpp linear",0.73
"size",800,0,"PCA, equal scores",0.97
"size",800,0,"Polychoric PCA",1
"size",800,0,"ordpp linear",0.525
"size",800,0,"PCA, equal scores",0.435
"size",800,0,"Polychoric PCA",0.525
"size",800,0,"ordpp linear",0.57
"size",800,0,"PCA, equal scores",0.08
"size",800,0,"Polychoric PCA",0.665
"size",800,0,"ordpp linear",0.965
"size",800,0,"PCA, equal scores",0.795
"size",800,0,"Polychoric PCA",0.79
"size",800,0,"ordpp linear",0.94
"size",800,0,"PCA, equal scores",0.625
"size",800,0,"Polychoric PCA",0.965
"size",800,0,"ordpp linear",0.27
"size",800,0,"PCA, equal scores",0.19
"size",800,0,"Polychoric PCA",0.09
"size",800,0,"ordpp linear",0.615
"size",800,0,"PCA, equal scores",0.9
"size",800,0,"Polychoric PCA",0.89
"size",800,0,"ordpp linear",0.93
"size",800,0,"PCA, equal scores",0.325
"size",800,0,"Polychoric PCA",0.22
"size",800,0,"ordpp linear",0.32
"size",800,0,"PCA, equal scores",0.96
"size",800,0,"Polychoric PCA",0.265
"size",800,0,"ordpp linear",0.875
"size",800,0,"PCA, equal scores",0.23
"size",800,0,"Polychoric PCA",0.38
"size",800,0,"ordpp linear",0.58
"size",800,0,"PCA, equal scores",0.39
"size",800,0,"Polychoric PCA",0.975
"size",800,0,"ordpp linear",0.055
"size",800,0,"PCA, equal scores",0.36
"size",800,0,"Polychoric PCA",0.32
"size",800,0,"ordpp linear",0.245
"size",800,0,"PCA, equal scores",0.35
"size",800,0,"Polychoric PCA",0.565
"size",800,0,"ordpp linear",0.505
"size",800,0,"PCA, equal scores",0.86
"size",800,0,"Polychoric PCA",0.725
"size",800,0,"ordpp linear",0.595
"size",800,0,"PCA, equal scores",0.8
"size",800,0,"Polychoric PCA",0.85
"size",800,0,"ordpp linear",0.68
"size",800,0,"PCA, equal scores",0.7
"size",800,0,"Polychoric PCA",0.775
"size",800,0,"ordpp linear",0.215
"size",800,0,"PCA, equal scores",0.535
"size",800,0,"Polychoric PCA",0.685
"size",800,0,"ordpp linear",0.57
"size",800,0,"PCA, equal scores",0.83
"size",800,0,"Polychoric PCA",0.86
"size",800,0,"ordpp linear",0.235
"size",800,0,"PCA, equal scores",0.4
"size",800,0,"Polychoric PCA",0.34
"size",800,0,"ordpp linear",0.555
"size",800,0,"PCA, equal scores",0.9
"size",800,0,"Polychoric PCA",0.5
"size",800,0,"ordpp linear",0.11
"size",800,0,"PCA, equal scores",0.355
"size",800,0,"Polychoric PCA",0.33
"size",800,0,"ordpp linear",0.965
"size",800,0,"PCA, equal scores",0.59
"size",800,0,"Polychoric PCA",0.855
"size",800,0,"ordpp linear",0.59
"size",800,0,"PCA, equal scores",0.92
"size",800,0,"Polychoric PCA",0.93
"size",800,0,"ordpp linear",0.565
"size",800,0,"PCA, equal scores",0.16
"size",800,0,"Polychoric PCA",0.055
"size",800,0,"ordpp linear",0.545
"size",800,0,"PCA, equal scores",0.64
"size",800,0,"Polychoric PCA",0.775
"size",800,0,"ordpp linear",0.72
"size",800,0,"PCA, equal scores",0.245
"size",800,0,"Polychoric PCA",0.165
"size",800,0,"ordpp linear",0.06
"size",800,0,"PCA, equal scores",0.195
"size",800,0,"Polychoric PCA",0.39
"size",800,0,"ordpp linear",0.095
"size",800,0,"PCA, equal scores",0.44
"size",800,0,"Polychoric PCA",0.305
"size",800,0,"ordpp linear",0.48
"size",800,0,"PCA, equal scores",0.305
"size",800,0,"Polychoric PCA",0.165
"size",800,0,"ordpp linear",0.765
"size",800,0,"PCA, equal scores",0.505
"size",800,0,"Polychoric PCA",0.34
"size",800,0,"ordpp linear",0.77
"size",800,0,"PCA, equal scores",0.74
"size",800,0,"Polychoric PCA",0.79
"size",800,0,"ordpp linear",0.145
"size",800,0,"PCA, equal scores",0.955
"size",800,0,"Polychoric PCA",0.845
"size",800,0,"ordpp linear",0.605
"size",800,0,"PCA, equal scores",0.885
"size",800,0,"Polychoric PCA",0.895
"size",800,0,"ordpp linear",0.99
"size",800,0,"PCA, equal scores",0.82
"size",800,0,"Polychoric PCA",0.82
"size",800,0,"ordpp linear",0.365
"size",800,0,"PCA, equal scores",0.365
"size",800,0,"Polychoric PCA",0.505
"size",800,0,"ordpp linear",0.565
"size",800,0,"PCA, equal scores",0.66
"size",800,0,"Polychoric PCA",0.525
"size",800,0,"ordpp linear",0.275
"size",800,0,"PCA, equal scores",0.415
"size",800,0,"Polychoric PCA",0.48
"size",800,0,"ordpp linear",0.32
"size",800,0,"PCA, equal scores",0.3
"size",800,0,"Polychoric PCA",0.37
"size",800,0,"ordpp linear",0.745
"size",800,0,"PCA, equal scores",0.505
"size",800,0,"Polychoric PCA",0.57
"size",800,0,"ordpp linear",0.12
"size",800,0,"PCA, equal scores",0.825
"size",800,0,"Polychoric PCA",0.655
"size",800,0,"ordpp linear",0.88
"size",800,0,"PCA, equal scores",0.22
"size",800,0,"Polychoric PCA",0.195
"size",800,0,"ordpp linear",0.185
"size",800,0,"PCA, equal scores",0.155
"size",800,0,"Polychoric PCA",0.15
"size",800,0,"ordpp linear",0.575
"size",800,0,"PCA, equal scores",0.97
"size",800,0,"Polychoric PCA",0.665
"size",800,0,"ordpp linear",0.44
"size",800,0,"PCA, equal scores",0.575
"size",800,0,"Polychoric PCA",0.645
"size",800,0,"ordpp linear",0.5
"size",800,0,"PCA, equal scores",0.65
"size",800,0,"Polychoric PCA",0.875
"size",800,0,"ordpp linear",0.745
"size",800,0,"PCA, equal scores",0.14
"size",800,0,"Polychoric PCA",0.09
"size",800,0,"ordpp linear",0.075
"size",800,0,"PCA, equal scores",0.62
"size",800,0,"Polychoric PCA",0.565
"size",800,0,"ordpp linear",0.125
"size",800,0,"PCA, equal scores",0.41
"size",800,0,"Polychoric PCA",0.28
"size",800,0,"ordpp linear",0.47
"size",800,0,"PCA, equal scores",0.545
"size",800,0,"Polychoric PCA",0.245
"size",800,0,"ordpp linear",0.325
"size",800,0,"PCA, equal scores",0.8
"size",800,0,"Polychoric PCA",0.615
"size",800,0,"ordpp linear",0.345
"size",800,0,"PCA, equal scores",0.335
"size",800,0,"Polychoric PCA",0.595
"size",800,0,"ordpp linear",0.675
"size",800,0,"PCA, equal scores",0.66
"size",800,0,"Polychoric PCA",0.665
"size",800,0,"ordpp linear",0.48
"size",800,0,"PCA, equal scores",0.96
"size",800,0,"Polychoric PCA",0.96
"size",800,0,"ordpp linear",0.14
"size",800,0,"PCA, equal scores",0.09
"size",800,0,"Polychoric PCA",0.115
"size",800,0,"ordpp linear",0.735
"size",800,0,"PCA, equal scores",0.995
"size",800,0,"Polychoric PCA",0.685
"size",800,0,"ordpp linear",0.195
"size",800,0,"PCA, equal scores",0.735
"size",800,0,"Polychoric PCA",0.685
"size",800,0,"ordpp linear",0.51
"size",800,0,"PCA, equal scores",0.18
"size",800,0,"Polychoric PCA",0.195
"size",800,0,"ordpp linear",0.915
"size",800,0,"PCA, equal scores",0.125
"size",800,0,"Polychoric PCA",0.19
"size",800,0,"ordpp linear",0.32
"size",800,0,"PCA, equal scores",0.245
"size",800,0,"Polychoric PCA",0.2
"size",800,0,"ordpp linear",0.25
"size",800,0,"PCA, equal scores",0.41
"size",800,0,"Polychoric PCA",0.52
"size",800,0,"ordpp linear",0.08
"size",800,0,"PCA, equal scores",0.18
"size",800,0,"Polychoric PCA",0.155
"size",800,0,"ordpp linear",0.93
"size",800,0,"PCA, equal scores",0.335
"size",800,0,"Polychoric PCA",0.34
"size",800,0,"ordpp linear",0.835
"size",800,0,"PCA, equal scores",0.4
"size",800,0,"Polychoric PCA",0.225
"size",800,0,"ordpp linear",0.15
"size",800,0,"PCA, equal scores",0.59
"size",800,0,"Polychoric PCA",0.815
"size",800,0,"ordpp linear",0.51
"size",800,0,"PCA, equal scores",0.72
"size",800,0,"Polychoric PCA",0.555
"size",800,0,"ordpp linear",0.065
"size",800,0,"PCA, equal scores",0.36
"size",800,0,"Polychoric PCA",0.155
"size",800,0,"ordpp linear",0.285
"size",800,0,"PCA, equal scores",0.365
"size",800,0,"Polychoric PCA",0.53
"size",800,0,"ordpp linear",0.41
"size",800,0,"PCA, equal scores",0.57
"size",800,0,"Polychoric PCA",0.625
"size",800,0,"ordpp linear",0.875
"size",800,0,"PCA, equal scores",0.19
"size",800,0,"Polychoric PCA",0.21
"size",800,0,"ordpp linear",0.62
"size",800,0,"PCA, equal scores",0.29
"size",800,0,"Polychoric PCA",0.195
"size",800,0,"ordpp linear",0.495
"size",800,0,"PCA, equal scores",0.86
"size",800,0,"Polychoric PCA",0.82
"size",800,0,"ordpp linear",0.355
"size",800,0,"PCA, equal scores",0.21
"size",800,0,"Polychoric PCA",0.15
"size",800,0,"ordpp linear",0.875
"size",800,0,"PCA, equal scores",0.39
"size",800,0,"Polychoric PCA",0.25
"size",800,0,"ordpp linear",0.835
"size",800,0,"PCA, equal scores",0.84
"size",800,0,"Polychoric PCA",0.72
"size",800,0,"ordpp linear",0.31
"size",800,0,"PCA, equal scores",0.98
"size",800,0,"Polychoric PCA",0.935
"size",800,0,"ordpp linear",0.65
"size",800,0,"PCA, equal scores",0.57
"size",800,0,"Polychoric PCA",0.955
"size",800,0,"ordpp linear",0.885
"size",800,0,"PCA, equal scores",0.85
"size",800,0,"Polychoric PCA",0.825
"size",800,0,"ordpp linear",0.71
"size",800,0,"PCA, equal scores",0.74
"size",800,0,"Polychoric PCA",0.715
"size",800,0,"ordpp linear",0.255
"size",800,0,"PCA, equal scores",0.435
"size",800,0,"Polychoric PCA",0.66
"power",300,0.1,"ordpp linear",0.01
"power",300,0.1,"ordpp common",0.01
"power",300,0.1,"ordpp item",0.565
"power",300,0.1,"PCA, equal scores",0.1
"power",300,0.1,"Polychoric PCA",0.065
"power",300,0.1,"Gifi princals",0.48
"power",300,0.1,"ordpp linear",0.225
"power",300,0.1,"ordpp common",0.25
"power",300,0.1,"ordpp item",0.3
"power",300,0.1,"PCA, equal scores",0.625
"power",300,0.1,"Polychoric PCA",0.415
"power",300,0.1,"Gifi princals",0.3
"power",300,0.1,"ordpp linear",0.405
"power",300,0.1,"ordpp common",0.35
"power",300,0.1,"ordpp item",0.725
"power",300,0.1,"PCA, equal scores",0.155
"power",300,0.1,"Polychoric PCA",0.125
"power",300,0.1,"Gifi princals",0.38
"power",300,0.1,"ordpp linear",0.235
"power",300,0.1,"ordpp common",0.32
"power",300,0.1,"ordpp item",0.03
"power",300,0.1,"PCA, equal scores",0.685
"power",300,0.1,"Polychoric PCA",0.475
"power",300,0.1,"Gifi princals",0.325
"power",300,0.1,"ordpp linear",0.15
"power",300,0.1,"ordpp common",0.11
"power",300,0.1,"ordpp item",0.85
"power",300,0.1,"PCA, equal scores",0.14
"power",300,0.1,"Polychoric PCA",0.145
"power",300,0.1,"Gifi princals",0.665
"power",300,0.1,"ordpp linear",0.63
"power",300,0.1,"ordpp common",0.475
"power",300,0.1,"ordpp item",0.165
"power",300,0.1,"PCA, equal scores",0.97
"power",300,0.1,"Polychoric PCA",0.79
"power",300,0.1,"Gifi princals",0.4
"power",300,0.1,"ordpp linear",0.43
"power",300,0.1,"ordpp common",0.365
"power",300,0.1,"ordpp item",0.145
"power",300,0.1,"PCA, equal scores",0.71
"power",300,0.1,"Polychoric PCA",0.57
"power",300,0.1,"Gifi princals",0.67
"power",300,0.1,"ordpp linear",0.29
"power",300,0.1,"ordpp common",0.34
"power",300,0.1,"ordpp item",0.33
"power",300,0.1,"PCA, equal scores",0.465
"power",300,0.1,"Polychoric PCA",0.78
"power",300,0.1,"Gifi princals",0.02
"power",300,0.1,"ordpp linear",0.225
"power",300,0.1,"ordpp common",0.13
"power",300,0.1,"ordpp item",0.39
"power",300,0.1,"PCA, equal scores",0.85
"power",300,0.1,"Polychoric PCA",0.695
"power",300,0.1,"Gifi princals",0.095
"power",300,0.1,"ordpp linear",0.565
"power",300,0.1,"ordpp common",0.52
"power",300,0.1,"ordpp item",1
"power",300,0.1,"PCA, equal scores",0.985
"power",300,0.1,"Polychoric PCA",0.93
"power",300,0.1,"Gifi princals",0.59
"power",300,0.1,"ordpp linear",0.395
"power",300,0.1,"ordpp common",0.42
"power",300,0.1,"ordpp item",0.605
"power",300,0.1,"PCA, equal scores",0.675
"power",300,0.1,"Polychoric PCA",0.54
"power",300,0.1,"Gifi princals",0.54
"power",300,0.1,"ordpp linear",0.58
"power",300,0.1,"ordpp common",0.72
"power",300,0.1,"ordpp item",0.705
"power",300,0.1,"PCA, equal scores",0.95
"power",300,0.1,"Polychoric PCA",0.97
"power",300,0.1,"Gifi princals",0.08
"power",300,0.1,"ordpp linear",0.655
"power",300,0.1,"ordpp common",0.315
"power",300,0.1,"ordpp item",0.3
"power",300,0.1,"PCA, equal scores",0.985
"power",300,0.1,"Polychoric PCA",0.975
"power",300,0.1,"Gifi princals",0.63
"power",300,0.1,"ordpp linear",0.315
"power",300,0.1,"ordpp common",0.235
"power",300,0.1,"ordpp item",0.415
"power",300,0.1,"PCA, equal scores",0.905
"power",300,0.1,"Polychoric PCA",0.985
"power",300,0.1,"Gifi princals",0.375
"power",300,0.1,"ordpp linear",0.95
"power",300,0.1,"ordpp common",0.35
"power",300,0.1,"ordpp item",0.235
"power",300,0.1,"PCA, equal scores",0.06
"power",300,0.1,"Polychoric PCA",0.505
"power",300,0.1,"Gifi princals",0.265
"power",300,0.1,"ordpp linear",0.865
"power",300,0.1,"ordpp common",0.89
"power",300,0.1,"ordpp item",0.655
"power",300,0.1,"PCA, equal scores",0.46
"power",300,0.1,"Polychoric PCA",0.485
"power",300,0.1,"Gifi princals",0.455
"power",300,0.1,"ordpp linear",0.33
"power",300,0.1,"ordpp common",0.31
"power",300,0.1,"ordpp item",0.7
"power",300,0.1,"PCA, equal scores",0.775
"power",300,0.1,"Polychoric PCA",0.85
"power",300,0.1,"Gifi princals",0.21
"power",300,0.1,"ordpp linear",0.37
"power",300,0.1,"ordpp common",0.325
"power",300,0.1,"ordpp item",0.09
"power",300,0.1,"PCA, equal scores",0.155
"power",300,0.1,"Polychoric PCA",0.13
"power",300,0.1,"Gifi princals",0.4
"power",300,0.1,"ordpp linear",0.48
"power",300,0.1,"ordpp common",0.625
"power",300,0.1,"ordpp item",0.825
"power",300,0.1,"PCA, equal scores",0.385
"power",300,0.1,"Polychoric PCA",0.34
"power",300,0.1,"Gifi princals",0.065
"power",300,0.1,"ordpp linear",0.845
"power",300,0.1,"ordpp common",0.175
"power",300,0.1,"ordpp item",0.06
"power",300,0.1,"PCA, equal scores",0.775
"power",300,0.1,"Polychoric PCA",0.865
"power",300,0.1,"Gifi princals",0.26
"power",300,0.1,"ordpp linear",0.125
"power",300,0.1,"ordpp common",0.07
"power",300,0.1,"ordpp item",0.24
"power",300,0.1,"PCA, equal scores",0.285
"power",300,0.1,"Polychoric PCA",0.425
"power",300,0.1,"Gifi princals",0.135
"power",300,0.1,"ordpp linear",0.315
"power",300,0.1,"ordpp common",0.31
"power",300,0.1,"ordpp item",0.145
"power",300,0.1,"PCA, equal scores",0.96
"power",300,0.1,"Polychoric PCA",0.93
"power",300,0.1,"Gifi princals",0.065
"power",300,0.1,"ordpp linear",0.945
"power",300,0.1,"ordpp common",0.925
"power",300,0.1,"ordpp item",1
"power",300,0.1,"PCA, equal scores",0.985
"power",300,0.1,"Polychoric PCA",0.515
"power",300,0.1,"Gifi princals",0.095
"power",300,0.1,"ordpp linear",0.985
"power",300,0.1,"ordpp common",0.995
"power",300,0.1,"ordpp item",0.995
"power",300,0.1,"PCA, equal scores",0.245
"power",300,0.1,"Polychoric PCA",0.175
"power",300,0.1,"Gifi princals",0.335
"power",300,0.1,"ordpp linear",0.04
"power",300,0.1,"ordpp common",0.06
"power",300,0.1,"ordpp item",0.31
"power",300,0.1,"PCA, equal scores",0.26
"power",300,0.1,"Polychoric PCA",0.215
"power",300,0.1,"Gifi princals",0.385
"power",300,0.1,"ordpp linear",0.23
"power",300,0.1,"ordpp common",0.275
"power",300,0.1,"ordpp item",0.25
"power",300,0.1,"PCA, equal scores",0.18
"power",300,0.1,"Polychoric PCA",0.14
"power",300,0.1,"Gifi princals",0.37
"power",300,0.1,"ordpp linear",0.165
"power",300,0.1,"ordpp common",0.21
"power",300,0.1,"ordpp item",0.955
"power",300,0.1,"PCA, equal scores",0.05
"power",300,0.1,"Polychoric PCA",0.085
"power",300,0.1,"Gifi princals",0.24
"power",300,0.1,"ordpp linear",0.78
"power",300,0.1,"ordpp common",0.615
"power",300,0.1,"ordpp item",0.11
"power",300,0.1,"PCA, equal scores",0.56
"power",300,0.1,"Polychoric PCA",0.37
"power",300,0.1,"Gifi princals",0.145
"power",300,0.1,"ordpp linear",0.88
"power",300,0.1,"ordpp common",0.865
"power",300,0.1,"ordpp item",0.97
"power",300,0.1,"PCA, equal scores",0.45
"power",300,0.1,"Polychoric PCA",0.305
"power",300,0.1,"Gifi princals",0.97
"power",300,0.1,"ordpp linear",0.495
"power",300,0.1,"ordpp common",0.27
"power",300,0.1,"ordpp item",0.385
"power",300,0.1,"PCA, equal scores",0.87
"power",300,0.1,"Polychoric PCA",0.835
"power",300,0.1,"Gifi princals",0.08
"power",300,0.1,"ordpp linear",0.135
"power",300,0.1,"ordpp common",0.175
"power",300,0.1,"ordpp item",0.305
"power",300,0.1,"PCA, equal scores",0.275
"power",300,0.1,"Polychoric PCA",0.425
"power",300,0.1,"Gifi princals",0.845
"power",300,0.1,"ordpp linear",0.25
"power",300,0.1,"ordpp common",0.155
"power",300,0.1,"ordpp item",0.05
"power",300,0.1,"PCA, equal scores",0.595
"power",300,0.1,"Polychoric PCA",0.615
"power",300,0.1,"Gifi princals",0.5
"power",300,0.1,"ordpp linear",0.185
"power",300,0.1,"ordpp common",0.77
"power",300,0.1,"ordpp item",0.54
"power",300,0.1,"PCA, equal scores",0.375
"power",300,0.1,"Polychoric PCA",0.385
"power",300,0.1,"Gifi princals",0.285
"power",300,0.1,"ordpp linear",0.445
"power",300,0.1,"ordpp common",0.59
"power",300,0.1,"ordpp item",0.165
"power",300,0.1,"PCA, equal scores",0.725
"power",300,0.1,"Polychoric PCA",0.665
"power",300,0.1,"Gifi princals",0.235
"power",300,0.1,"ordpp linear",0.94
"power",300,0.1,"ordpp common",0.98
"power",300,0.1,"ordpp item",0.53
"power",300,0.1,"PCA, equal scores",0.86
"power",300,0.1,"Polychoric PCA",0.83
"power",300,0.1,"Gifi princals",0.475
"power",300,0.1,"ordpp linear",0.035
"power",300,0.1,"ordpp common",0.27
"power",300,0.1,"ordpp item",0.28
"power",300,0.1,"PCA, equal scores",0.095
"power",300,0.1,"Polychoric PCA",0.11
"power",300,0.1,"Gifi princals",0.85
"power",300,0.1,"ordpp linear",0.27
"power",300,0.1,"ordpp common",0.38
"power",300,0.1,"ordpp item",0.09
"power",300,0.1,"PCA, equal scores",0.295
"power",300,0.1,"Polychoric PCA",0.36
"power",300,0.1,"Gifi princals",0.14
"power",300,0.1,"ordpp linear",0.545
"power",300,0.1,"ordpp common",0.8
"power",300,0.1,"ordpp item",0.44
"power",300,0.1,"PCA, equal scores",0.115
"power",300,0.1,"Polychoric PCA",0.285
"power",300,0.1,"Gifi princals",0.475
"power",300,0.1,"ordpp linear",0.715
"power",300,0.1,"ordpp common",0.515
"power",300,0.1,"ordpp item",0.625
"power",300,0.1,"PCA, equal scores",0.495
"power",300,0.1,"Polychoric PCA",0.365
"power",300,0.1,"Gifi princals",0.375
"power",300,0.1,"ordpp linear",0.415
"power",300,0.1,"ordpp common",0.41
"power",300,0.1,"ordpp item",0.325
"power",300,0.1,"PCA, equal scores",0.65
"power",300,0.1,"Polychoric PCA",0.755
"power",300,0.1,"Gifi princals",0.59
"power",300,0.1,"ordpp linear",0.9
"power",300,0.1,"ordpp common",0.91
"power",300,0.1,"ordpp item",0.545
"power",300,0.1,"PCA, equal scores",0.5
"power",300,0.1,"Polychoric PCA",0.515
"power",300,0.1,"Gifi princals",0.195
"power",300,0.1,"ordpp linear",0.175
"power",300,0.1,"ordpp common",0.16
"power",300,0.1,"ordpp item",0.7
"power",300,0.1,"PCA, equal scores",0.685
"power",300,0.1,"Polychoric PCA",0.635
"power",300,0.1,"Gifi princals",0.225
"power",300,0.1,"ordpp linear",0.035
"power",300,0.1,"ordpp common",0.03
"power",300,0.1,"ordpp item",0.035
"power",300,0.1,"PCA, equal scores",0.6
"power",300,0.1,"Polychoric PCA",0.915
"power",300,0.1,"Gifi princals",0.85
"power",300,0.1,"ordpp linear",0.285
"power",300,0.1,"ordpp common",0.54
"power",300,0.1,"ordpp item",0.31
"power",300,0.1,"PCA, equal scores",0.32
"power",300,0.1,"Polychoric PCA",0.37
"power",300,0.1,"Gifi princals",0.55
"power",300,0.1,"ordpp linear",0.705
"power",300,0.1,"ordpp common",0.525
"power",300,0.1,"ordpp item",0.48
"power",300,0.1,"PCA, equal scores",0.3
"power",300,0.1,"Polychoric PCA",0.265
"power",300,0.1,"Gifi princals",0.63
"power",300,0.1,"ordpp linear",0.53
"power",300,0.1,"ordpp common",0.51
"power",300,0.1,"ordpp item",0.575
"power",300,0.1,"PCA, equal scores",0.655
"power",300,0.1,"Polychoric PCA",0.69
"power",300,0.1,"Gifi princals",0.73
"power",300,0.1,"ordpp linear",0.72
"power",300,0.1,"ordpp common",0.61
"power",300,0.1,"ordpp item",0.96
"power",300,0.1,"PCA, equal scores",0.53
"power",300,0.1,"Polychoric PCA",0.52
"power",300,0.1,"Gifi princals",0.18
"power",300,0.1,"ordpp linear",0.62
"power",300,0.1,"ordpp common",0.55
"power",300,0.1,"ordpp item",0.53
"power",300,0.1,"PCA, equal scores",0.045
"power",300,0.1,"Polychoric PCA",0.085
"power",300,0.1,"Gifi princals",0.585
"power",300,0.1,"ordpp linear",0.95
"power",300,0.1,"ordpp common",0.755
"power",300,0.1,"ordpp item",0.11
"power",300,0.1,"PCA, equal scores",0.41
"power",300,0.1,"Polychoric PCA",0.53
"power",300,0.1,"Gifi princals",0.68
"power",300,0.1,"ordpp linear",0.725
"power",300,0.1,"ordpp common",0.205
"power",300,0.1,"ordpp item",0.33
"power",300,0.1,"PCA, equal scores",0.275
"power",300,0.1,"Polychoric PCA",0.215
"power",300,0.1,"Gifi princals",0.13
"power",300,0.1,"ordpp linear",0.21
"power",300,0.1,"ordpp common",0.155
"power",300,0.1,"ordpp item",0.48
"power",300,0.1,"PCA, equal scores",0.265
"power",300,0.1,"Polychoric PCA",0.2
"power",300,0.1,"Gifi princals",0.005
"power",300,0.1,"ordpp linear",0.31
"power",300,0.1,"ordpp common",0.455
"power",300,0.1,"ordpp item",0.21
"power",300,0.1,"PCA, equal scores",0.43
"power",300,0.1,"Polychoric PCA",0.485
"power",300,0.1,"Gifi princals",0.965
"power",300,0.1,"ordpp linear",0.935
"power",300,0.1,"ordpp common",0.455
"power",300,0.1,"ordpp item",0.905
"power",300,0.1,"PCA, equal scores",0.88
"power",300,0.1,"Polychoric PCA",0.985
"power",300,0.1,"Gifi princals",0.235
"power",300,0.1,"ordpp linear",0.97
"power",300,0.1,"ordpp common",0.98
"power",300,0.1,"ordpp item",0.19
"power",300,0.1,"PCA, equal scores",0.805
"power",300,0.1,"Polychoric PCA",0.735
"power",300,0.1,"Gifi princals",0.11
"power",300,0.1,"ordpp linear",0.695
"power",300,0.1,"ordpp common",0.155
"power",300,0.1,"ordpp item",0.66
"power",300,0.1,"PCA, equal scores",0.385
"power",300,0.1,"Polychoric PCA",0.465
"power",300,0.1,"Gifi princals",0.575
"power",300,0.1,"ordpp linear",0.885
"power",300,0.1,"ordpp common",0.12
"power",300,0.1,"ordpp item",0.135
"power",300,0.1,"PCA, equal scores",0.59
"power",300,0.1,"Polychoric PCA",0.38
"power",300,0.1,"Gifi princals",0.875
"power",300,0.1,"ordpp linear",0.575
"power",300,0.1,"ordpp common",0.66
"power",300,0.1,"ordpp item",0.915
"power",300,0.1,"PCA, equal scores",0.52
"power",300,0.1,"Polychoric PCA",0.405
"power",300,0.1,"Gifi princals",0.23
"power",300,0.1,"ordpp linear",0.11
"power",300,0.1,"ordpp common",0.165
"power",300,0.1,"ordpp item",0.67
"power",300,0.1,"PCA, equal scores",0.3
"power",300,0.1,"Polychoric PCA",0.305
"power",300,0.1,"Gifi princals",0.745
"power",300,0.1,"ordpp linear",0.27
"power",300,0.1,"ordpp common",0.245
"power",300,0.1,"ordpp item",0.705
"power",300,0.1,"PCA, equal scores",0.435
"power",300,0.1,"Polychoric PCA",0.66
"power",300,0.1,"Gifi princals",0.535
"power",300,0.1,"ordpp linear",0.135
"power",300,0.1,"ordpp common",0.09
"power",300,0.1,"ordpp item",0.785
"power",300,0.1,"PCA, equal scores",0.785
"power",300,0.1,"Polychoric PCA",0.715
"power",300,0.1,"Gifi princals",0.25
"power",300,0.1,"ordpp linear",0.135
"power",300,0.1,"ordpp common",0.135
"power",300,0.1,"ordpp item",0.07
"power",300,0.1,"PCA, equal scores",0.445
"power",300,0.1,"Polychoric PCA",0.28
"power",300,0.1,"Gifi princals",0.09
"power",300,0.1,"ordpp linear",0.96
"power",300,0.1,"ordpp common",0.455
"power",300,0.1,"ordpp item",0.515
"power",300,0.1,"PCA, equal scores",0.95
"power",300,0.1,"Polychoric PCA",0.985
"power",300,0.1,"Gifi princals",0.63
"power",300,0.1,"ordpp linear",0.265
"power",300,0.1,"ordpp common",0.58
"power",300,0.1,"ordpp item",0.79
"power",300,0.1,"PCA, equal scores",0.51
"power",300,0.1,"Polychoric PCA",0.49
"power",300,0.1,"Gifi princals",0.995
"power",300,0.1,"ordpp linear",0.34
"power",300,0.1,"ordpp common",0.69
"power",300,0.1,"ordpp item",0.405
"power",300,0.1,"PCA, equal scores",0.38
"power",300,0.1,"Polychoric PCA",0.57
"power",300,0.1,"Gifi princals",0.98
"power",300,0.1,"ordpp linear",0.945
"power",300,0.1,"ordpp common",0.62
"power",300,0.1,"ordpp item",0.915
"power",300,0.1,"PCA, equal scores",0.65
"power",300,0.1,"Polychoric PCA",0.78
"power",300,0.1,"Gifi princals",0.295
"power",300,0.1,"ordpp linear",0.815
"power",300,0.1,"ordpp common",0.75
"power",300,0.1,"ordpp item",0.7
"power",300,0.1,"PCA, equal scores",0.415
"power",300,0.1,"Polychoric PCA",0.335
"power",300,0.1,"Gifi princals",0.905
"power",300,0.1,"ordpp linear",0.51
"power",300,0.1,"ordpp common",0.375
"power",300,0.1,"ordpp item",0.305
"power",300,0.1,"PCA, equal scores",0.22
"power",300,0.1,"Polychoric PCA",0.215
"power",300,0.1,"Gifi princals",0.63
"power",300,0.1,"ordpp linear",0.84
"power",300,0.1,"ordpp common",0.865
"power",300,0.1,"ordpp item",0.16
"power",300,0.1,"PCA, equal scores",0.745
"power",300,0.1,"Polychoric PCA",0.725
"power",300,0.1,"Gifi princals",0.09
"power",300,0.1,"ordpp linear",0.635
"power",300,0.1,"ordpp common",0.505
"power",300,0.1,"ordpp item",0.555
"power",300,0.1,"PCA, equal scores",0.36
"power",300,0.1,"Polychoric PCA",0.495
"power",300,0.1,"Gifi princals",0.435
"power",300,0.1,"ordpp linear",0.935
"power",300,0.1,"ordpp common",0.945
"power",300,0.1,"ordpp item",0.765
"power",300,0.1,"PCA, equal scores",0.95
"power",300,0.1,"Polychoric PCA",0.975
"power",300,0.1,"Gifi princals",0.14
"power",300,0.1,"ordpp linear",0.695
"power",300,0.1,"ordpp common",0.785
"power",300,0.1,"ordpp item",0.255
"power",300,0.1,"PCA, equal scores",0.7
"power",300,0.1,"Polychoric PCA",0.745
"power",300,0.1,"Gifi princals",0.085
"power",300,0.1,"ordpp linear",0.29
"power",300,0.1,"ordpp common",0.325
"power",300,0.1,"ordpp item",0.41
"power",300,0.1,"PCA, equal scores",0.705
"power",300,0.1,"Polychoric PCA",0.745
"power",300,0.1,"Gifi princals",0.255
"power",300,0.1,"ordpp linear",0.965
"power",300,0.1,"ordpp common",0.985
"power",300,0.1,"ordpp item",0.655
"power",300,0.1,"PCA, equal scores",0.805
"power",300,0.1,"Polychoric PCA",0.65
"power",300,0.1,"Gifi princals",0.995
"power",300,0.1,"ordpp linear",0.145
"power",300,0.1,"ordpp common",0.165
"power",300,0.1,"ordpp item",0.04
"power",300,0.1,"PCA, equal scores",0.4
"power",300,0.1,"Polychoric PCA",0.325
"power",300,0.1,"Gifi princals",0.43
"power",300,0.1,"ordpp linear",0.84
"power",300,0.1,"ordpp common",0.75
"power",300,0.1,"ordpp item",0.975
"power",300,0.1,"PCA, equal scores",0.935
"power",300,0.1,"Polychoric PCA",0.975
"power",300,0.1,"Gifi princals",0.13
"power",300,0.1,"ordpp linear",0.265
"power",300,0.1,"ordpp common",0.3
"power",300,0.1,"ordpp item",0.325
"power",300,0.1,"PCA, equal scores",0.875
"power",300,0.1,"Polychoric PCA",0.74
"power",300,0.1,"Gifi princals",0.905
"power",300,0.1,"ordpp linear",0.43
"power",300,0.1,"ordpp common",0.365
"power",300,0.1,"ordpp item",0.985
"power",300,0.1,"PCA, equal scores",0.985
"power",300,0.1,"Polychoric PCA",0.93
"power",300,0.1,"Gifi princals",0.645
"power",300,0.1,"ordpp linear",0.73
"power",300,0.1,"ordpp common",0.52
"power",300,0.1,"ordpp item",0.51
"power",300,0.1,"PCA, equal scores",0.915
"power",300,0.1,"Polychoric PCA",0.87
"power",300,0.1,"Gifi princals",0.02
"power",300,0.1,"ordpp linear",0.56
"power",300,0.1,"ordpp common",0.555
"power",300,0.1,"ordpp item",0.825
"power",300,0.1,"PCA, equal scores",0.89
"power",300,0.1,"Polychoric PCA",0.825
"power",300,0.1,"Gifi princals",0.97
"power",300,0.1,"ordpp linear",0.36
"power",300,0.1,"ordpp common",0.595
"power",300,0.1,"ordpp item",0.335
"power",300,0.1,"PCA, equal scores",0.34
"power",300,0.1,"Polychoric PCA",0.35
"power",300,0.1,"Gifi princals",0.345
"power",300,0.1,"ordpp linear",0.495
"power",300,0.1,"ordpp common",0.835
"power",300,0.1,"ordpp item",0.54
"power",300,0.1,"PCA, equal scores",0.065
"power",300,0.1,"Polychoric PCA",0.115
"power",300,0.1,"Gifi princals",0.735
"power",300,0.1,"ordpp linear",0.12
"power",300,0.1,"ordpp common",0.52
"power",300,0.1,"ordpp item",0.77
"power",300,0.1,"PCA, equal scores",0.3
"power",300,0.1,"Polychoric PCA",0.31
"power",300,0.1,"Gifi princals",0.2
"power",300,0.1,"ordpp linear",0.075
"power",300,0.1,"ordpp common",0.145
"power",300,0.1,"ordpp item",0.21
"power",300,0.1,"PCA, equal scores",0.22
"power",300,0.1,"Polychoric PCA",0.28
"power",300,0.1,"Gifi princals",0.34
"power",300,0.1,"ordpp linear",0.87
"power",300,0.1,"ordpp common",0.865
"power",300,0.1,"ordpp item",0.855
"power",300,0.1,"PCA, equal scores",0.905
"power",300,0.1,"Polychoric PCA",0.9
"power",300,0.1,"Gifi princals",0.495
"power",300,0.1,"ordpp linear",0.34
"power",300,0.1,"ordpp common",0.34
"power",300,0.1,"ordpp item",0.17
"power",300,0.1,"PCA, equal scores",0.28
"power",300,0.1,"Polychoric PCA",0.315
"power",300,0.1,"Gifi princals",0.425
"power",300,0.1,"ordpp linear",0.025
"power",300,0.1,"ordpp common",0.395
"power",300,0.1,"ordpp item",0.38
"power",300,0.1,"PCA, equal scores",0.075
"power",300,0.1,"Polychoric PCA",0.13
"power",300,0.1,"Gifi princals",0.94
"power",300,0.1,"ordpp linear",0.785
"power",300,0.1,"ordpp common",0.84
"power",300,0.1,"ordpp item",0.755
"power",300,0.1,"PCA, equal scores",0.445
"power",300,0.1,"Polychoric PCA",0.475
"power",300,0.1,"Gifi princals",0.53
"power",300,0.1,"ordpp linear",0.575
"power",300,0.1,"ordpp common",0.53
"power",300,0.1,"ordpp item",0.825
"power",300,0.1,"PCA, equal scores",0.76
"power",300,0.1,"Polychoric PCA",0.895
"power",300,0.1,"Gifi princals",0.62
"power",300,0.1,"ordpp linear",0.61
"power",300,0.1,"ordpp common",0.505
"power",300,0.1,"ordpp item",0.49
"power",300,0.1,"PCA, equal scores",0.715
"power",300,0.1,"Polychoric PCA",0.755
"power",300,0.1,"Gifi princals",0.355
"power",300,0.1,"ordpp linear",0.64
"power",300,0.1,"ordpp common",0.79
"power",300,0.1,"ordpp item",0.885
"power",300,0.1,"PCA, equal scores",0.395
"power",300,0.1,"Polychoric PCA",0.3
"power",300,0.1,"Gifi princals",0.395
"power",300,0.1,"ordpp linear",0.115
"power",300,0.1,"ordpp common",0.01
"power",300,0.1,"ordpp item",0.085
"power",300,0.1,"PCA, equal scores",0.65
"power",300,0.1,"Polychoric PCA",0.905
"power",300,0.1,"Gifi princals",0.08
"power",300,0.1,"ordpp linear",0.62
"power",300,0.1,"ordpp common",0.75
"power",300,0.1,"ordpp item",0.105
"power",300,0.1,"PCA, equal scores",0.73
"power",300,0.1,"Polychoric PCA",0.685
"power",300,0.1,"Gifi princals",0.295
"power",300,0.1,"ordpp linear",0.545
"power",300,0.1,"ordpp common",0.71
"power",300,0.1,"ordpp item",0.66
"power",300,0.1,"PCA, equal scores",0.735
"power",300,0.1,"Polychoric PCA",0.84
"power",300,0.1,"Gifi princals",0.3
"power",300,0.1,"ordpp linear",0.6
"power",300,0.1,"ordpp common",0.575
"power",300,0.1,"ordpp item",0.545
"power",300,0.1,"PCA, equal scores",0.43
"power",300,0.1,"Polychoric PCA",0.44
"power",300,0.1,"Gifi princals",0.995
"power",300,0.1,"ordpp linear",0.455
"power",300,0.1,"ordpp common",0.38
"power",300,0.1,"ordpp item",0.175
"power",300,0.1,"PCA, equal scores",0.77
"power",300,0.1,"Polychoric PCA",0.115
"power",300,0.1,"Gifi princals",0.15
"power",300,0.1,"ordpp linear",0.005
"power",300,0.1,"ordpp common",0.01
"power",300,0.1,"ordpp item",0.065
"power",300,0.1,"PCA, equal scores",0.77
"power",300,0.1,"Polychoric PCA",0.475
"power",300,0.1,"Gifi princals",0.155
"power",300,0.1,"ordpp linear",0.915
"power",300,0.1,"ordpp common",0.78
"power",300,0.1,"ordpp item",0.17
"power",300,0.1,"PCA, equal scores",0.905
"power",300,0.1,"Polychoric PCA",0.89
"power",300,0.1,"Gifi princals",0.27
"power",300,0.1,"ordpp linear",0.41
"power",300,0.1,"ordpp common",0.625
"power",300,0.1,"ordpp item",0.16
"power",300,0.1,"PCA, equal scores",0.345
"power",300,0.1,"Polychoric PCA",0.51
"power",300,0.1,"Gifi princals",0.315
"power",300,0.1,"ordpp linear",0.845
"power",300,0.1,"ordpp common",0.92
"power",300,0.1,"ordpp item",0.265
"power",300,0.1,"PCA, equal scores",0.94
"power",300,0.1,"Polychoric PCA",0.75
"power",300,0.1,"Gifi princals",0.605
"power",300,0.1,"ordpp linear",0.03
"power",300,0.1,"ordpp common",0.035
"power",300,0.1,"ordpp item",0.625
"power",300,0.1,"PCA, equal scores",0.245
"power",300,0.1,"Polychoric PCA",0.915
"power",300,0.1,"Gifi princals",0.34
"power",300,0.1,"ordpp linear",0.08
"power",300,0.1,"ordpp common",0.11
"power",300,0.1,"ordpp item",0.73
"power",300,0.1,"PCA, equal scores",0.255
"power",300,0.1,"Polychoric PCA",0.35
"power",300,0.1,"Gifi princals",0.955
"power",300,0.1,"ordpp linear",0.685
"power",300,0.1,"ordpp common",0.615
"power",300,0.1,"ordpp item",0.635
"power",300,0.1,"PCA, equal scores",0.62
"power",300,0.1,"Polychoric PCA",0.135
"power",300,0.1,"Gifi princals",0.7
"power",300,0.1,"ordpp linear",0.315
"power",300,0.1,"ordpp common",0.22
"power",300,0.1,"ordpp item",0.645
"power",300,0.1,"PCA, equal scores",0.145
"power",300,0.1,"Polychoric PCA",0.105
"power",300,0.1,"Gifi princals",0.215
"power",300,0.1,"ordpp linear",0.525
"power",300,0.1,"ordpp common",0.755
"power",300,0.1,"ordpp item",0.3
"power",300,0.1,"PCA, equal scores",0.58
"power",300,0.1,"Polychoric PCA",0.615
"power",300,0.1,"Gifi princals",0.94
"power",300,0.1,"ordpp linear",0.965
"power",300,0.1,"ordpp common",0.165
"power",300,0.1,"ordpp item",0.73
"power",300,0.1,"PCA, equal scores",0.825
"power",300,0.1,"Polychoric PCA",0.845
"power",300,0.1,"Gifi princals",0.55
"power",300,0.1,"ordpp linear",0.555
"power",300,0.1,"ordpp common",0.75
"power",300,0.1,"ordpp item",0.24
"power",300,0.1,"PCA, equal scores",0.56
"power",300,0.1,"Polychoric PCA",0.525
"power",300,0.1,"Gifi princals",0.245
"power",300,0.1,"ordpp linear",0.29
"power",300,0.1,"ordpp common",0.395
"power",300,0.1,"ordpp item",0.185
"power",300,0.1,"PCA, equal scores",0.34
"power",300,0.1,"Polychoric PCA",0.215
"power",300,0.1,"Gifi princals",0.52
"power",300,0.1,"ordpp linear",0.37
"power",300,0.1,"ordpp common",0.345
"power",300,0.1,"ordpp item",1
"power",300,0.1,"PCA, equal scores",0.295
"power",300,0.1,"Polychoric PCA",0.55
"power",300,0.1,"Gifi princals",0.49
"power",300,0.1,"ordpp linear",0.555
"power",300,0.1,"ordpp common",0.5
"power",300,0.1,"ordpp item",0.86
"power",300,0.1,"PCA, equal scores",0.545
"power",300,0.1,"Polychoric PCA",0.51
"power",300,0.1,"Gifi princals",0.675
"power",300,0.1,"ordpp linear",0.8
"power",300,0.1,"ordpp common",0.5
"power",300,0.1,"ordpp item",0.935
"power",300,0.1,"PCA, equal scores",0.5
"power",300,0.1,"Polychoric PCA",0.435
"power",300,0.1,"Gifi princals",0.395
"power",300,0.1,"ordpp linear",0.89
"power",300,0.1,"ordpp common",0.32
"power",300,0.1,"ordpp item",0.94
"power",300,0.1,"PCA, equal scores",0.985
"power",300,0.1,"Polychoric PCA",0.995
"power",300,0.1,"Gifi princals",0.18
"power",300,0.1,"ordpp linear",0.265
"power",300,0.1,"ordpp common",0.045
"power",300,0.1,"ordpp item",0.355
"power",300,0.1,"PCA, equal scores",0.465
"power",300,0.1,"Polychoric PCA",0.62
"power",300,0.1,"Gifi princals",0.56
"power",300,0.1,"ordpp linear",0.655
"power",300,0.1,"ordpp common",0.66
"power",300,0.1,"ordpp item",0.465
"power",300,0.1,"PCA, equal scores",0.04
"power",300,0.1,"Polychoric PCA",0.07
"power",300,0.1,"Gifi princals",0.035
"power",300,0.1,"ordpp linear",0.135
"power",300,0.1,"ordpp common",0.6
"power",300,0.1,"ordpp item",0.065
"power",300,0.1,"PCA, equal scores",0.04
"power",300,0.1,"Polychoric PCA",0.075
"power",300,0.1,"Gifi princals",0.52
"power",300,0.1,"ordpp linear",0.805
"power",300,0.1,"ordpp common",0.415
"power",300,0.1,"ordpp item",0.595
"power",300,0.1,"PCA, equal scores",0.005
"power",300,0.1,"Polychoric PCA",0.005
"power",300,0.1,"Gifi princals",0.465
"power",300,0.1,"ordpp linear",0.405
"power",300,0.1,"ordpp common",0.405
"power",300,0.1,"ordpp item",0.685
"power",300,0.1,"PCA, equal scores",0.4
"power",300,0.1,"Polychoric PCA",0.15
"power",300,0.1,"Gifi princals",0.235
"power",300,0.1,"ordpp linear",0.37
"power",300,0.1,"ordpp common",0.315
"power",300,0.1,"ordpp item",0.89
"power",300,0.1,"PCA, equal scores",0.86
"power",300,0.1,"Polychoric PCA",0.26
"power",300,0.1,"Gifi princals",0.565
"power",300,0.1,"ordpp linear",0.875
"power",300,0.1,"ordpp common",0.975
"power",300,0.1,"ordpp item",0.675
"power",300,0.1,"PCA, equal scores",0.31
"power",300,0.1,"Polychoric PCA",0.15
"power",300,0.1,"Gifi princals",0.175
"power",300,0.1,"ordpp linear",0.71
"power",300,0.1,"ordpp common",0.76
"power",300,0.1,"ordpp item",0.825
"power",300,0.1,"PCA, equal scores",0.365
"power",300,0.1,"Polychoric PCA",0.52
"power",300,0.1,"Gifi princals",0.68
"power",300,0.1,"ordpp linear",0.555
"power",300,0.1,"ordpp common",0.375
"power",300,0.1,"ordpp item",0.6
"power",300,0.1,"PCA, equal scores",0.195
"power",300,0.1,"Polychoric PCA",0.18
"power",300,0.1,"Gifi princals",0.495
"power",300,0.1,"ordpp linear",0.465
"power",300,0.1,"ordpp common",0.45
"power",300,0.1,"ordpp item",0.24
"power",300,0.1,"PCA, equal scores",0.74
"power",300,0.1,"Polychoric PCA",0.65
"power",300,0.1,"Gifi princals",0.27
"power",300,0.1,"ordpp linear",0.595
"power",300,0.1,"ordpp common",0.815
"power",300,0.1,"ordpp item",1
"power",300,0.1,"PCA, equal scores",0.95
"power",300,0.1,"Polychoric PCA",0.975
"power",300,0.1,"Gifi princals",0.905
"power",300,0.1,"ordpp linear",0.17
"power",300,0.1,"ordpp common",0.355
"power",300,0.1,"ordpp item",0.92
"power",300,0.1,"PCA, equal scores",0.475
"power",300,0.1,"Polychoric PCA",0.42
"power",300,0.1,"Gifi princals",0.085
"power",300,0.1,"ordpp linear",0.99
"power",300,0.1,"ordpp common",0.635
"power",300,0.1,"ordpp item",0.08
"power",300,0.1,"PCA, equal scores",0.99
"power",300,0.1,"Polychoric PCA",0.855
"power",300,0.1,"Gifi princals",0.53
"power",300,0.1,"ordpp linear",0.815
"power",300,0.1,"ordpp common",0.985
"power",300,0.1,"ordpp item",0.425
"power",300,0.1,"PCA, equal scores",0.53
"power",300,0.1,"Polychoric PCA",0.585
"power",300,0.1,"Gifi princals",0.495
"power",300,0.1,"ordpp linear",0.34
"power",300,0.1,"ordpp common",0.36
"power",300,0.1,"ordpp item",0.655
"power",300,0.1,"PCA, equal scores",0.675
"power",300,0.1,"Polychoric PCA",0.675
"power",300,0.1,"Gifi princals",0.66
"power",300,0.1,"ordpp linear",0.84
"power",300,0.1,"ordpp common",0.99
"power",300,0.1,"ordpp item",0.84
"power",300,0.1,"PCA, equal scores",0.77
"power",300,0.1,"Polychoric PCA",0.695
"power",300,0.1,"Gifi princals",0.72
"power",300,0.1,"ordpp linear",0.21
"power",300,0.1,"ordpp common",0.175
"power",300,0.1,"ordpp item",0.285
"power",300,0.1,"PCA, equal scores",0.09
"power",300,0.1,"Polychoric PCA",0.07
"power",300,0.1,"Gifi princals",0.225
"power",300,0.1,"ordpp linear",0.3
"power",300,0.1,"ordpp common",0.27
"power",300,0.1,"ordpp item",0.095
"power",300,0.1,"PCA, equal scores",0.17
"power",300,0.1,"Polychoric PCA",0.205
"power",300,0.1,"Gifi princals",0.83
"power",300,0.1,"ordpp linear",0.3
"power",300,0.1,"ordpp common",0.23
"power",300,0.1,"ordpp item",0.62
"power",300,0.1,"PCA, equal scores",0.21
"power",300,0.1,"Polychoric PCA",0.115
"power",300,0.1,"Gifi princals",0.02
"power",300,0.1,"ordpp linear",0.705
"power",300,0.1,"ordpp common",0.635
"power",300,0.1,"ordpp item",0.565
"power",300,0.1,"PCA, equal scores",0.68
"power",300,0.1,"Polychoric PCA",0.655
"power",300,0.1,"Gifi princals",0.955
"power",300,0.1,"ordpp linear",0.405
"power",300,0.1,"ordpp common",0.395
"power",300,0.1,"ordpp item",0.48
"power",300,0.1,"PCA, equal scores",0.865
"power",300,0.1,"Polychoric PCA",0.775
"power",300,0.1,"Gifi princals",0.685
"power",300,0.1,"ordpp linear",0.77
"power",300,0.1,"ordpp common",0.86
"power",300,0.1,"ordpp item",0.875
"power",300,0.1,"PCA, equal scores",0.725
"power",300,0.1,"Polychoric PCA",0.805
"power",300,0.1,"Gifi princals",0.895
"power",300,0.1,"ordpp linear",0.69
"power",300,0.1,"ordpp common",0.535
"power",300,0.1,"ordpp item",0.405
"power",300,0.1,"PCA, equal scores",0.18
"power",300,0.1,"Polychoric PCA",0.16
"power",300,0.1,"Gifi princals",0.495
"power",300,0.1,"ordpp linear",0.21
"power",300,0.1,"ordpp common",0.09
"power",300,0.1,"ordpp item",0.72
"power",300,0.1,"PCA, equal scores",0.23
"power",300,0.1,"Polychoric PCA",0.4
"power",300,0.1,"Gifi princals",0.755
"power",300,0.1,"ordpp linear",0.865
"power",300,0.1,"ordpp common",0.815
"power",300,0.1,"ordpp item",0.645
"power",300,0.1,"PCA, equal scores",0.555
"power",300,0.1,"Polychoric PCA",0.59
"power",300,0.1,"Gifi princals",0.835
"power",300,0.1,"ordpp linear",0.78
"power",300,0.1,"ordpp common",0.355
"power",300,0.1,"ordpp item",0.265
"power",300,0.1,"PCA, equal scores",0.955
"power",300,0.1,"Polychoric PCA",0.955
"power",300,0.1,"Gifi princals",0.57
"power",300,0.1,"ordpp linear",0.295
"power",300,0.1,"ordpp common",0.355
"power",300,0.1,"ordpp item",0.29
"power",300,0.1,"PCA, equal scores",0.205
"power",300,0.1,"Polychoric PCA",0.21
"power",300,0.1,"Gifi princals",0.53
"power",300,0.1,"ordpp linear",0.895
"power",300,0.1,"ordpp common",0.73
"power",300,0.1,"ordpp item",0.7
"power",300,0.1,"PCA, equal scores",0.805
"power",300,0.1,"Polychoric PCA",0.615
"power",300,0.1,"Gifi princals",0.435
"power",300,0.1,"ordpp linear",0.01
"power",300,0.1,"ordpp common",0.015
"power",300,0.1,"ordpp item",0.12
"power",300,0.1,"PCA, equal scores",0.345
"power",300,0.1,"Polychoric PCA",0.255
"power",300,0.1,"Gifi princals",0.39
"power",300,0.1,"ordpp linear",0.93
"power",300,0.1,"ordpp common",0.925
"power",300,0.1,"ordpp item",0.795
"power",300,0.1,"PCA, equal scores",0.915
"power",300,0.1,"Polychoric PCA",0.91
"power",300,0.1,"Gifi princals",0.545
"power",300,0.1,"ordpp linear",0.77
"power",300,0.1,"ordpp common",0.82
"power",300,0.1,"ordpp item",0.165
"power",300,0.1,"PCA, equal scores",0.715
"power",300,0.1,"Polychoric PCA",0.615
"power",300,0.1,"Gifi princals",0.32
"power",300,0.1,"ordpp linear",0.465
"power",300,0.1,"ordpp common",0.635
"power",300,0.1,"ordpp item",0.31
"power",300,0.1,"PCA, equal scores",0.99
"power",300,0.1,"Polychoric PCA",1
"power",300,0.1,"Gifi princals",0.82
"power",300,0.1,"ordpp linear",0.35
"power",300,0.1,"ordpp common",0.095
"power",300,0.1,"ordpp item",0.025
"power",300,0.1,"PCA, equal scores",0.93
"power",300,0.1,"Polychoric PCA",0.945
"power",300,0.1,"Gifi princals",0.38
"power",300,0.1,"ordpp linear",0.66
"power",300,0.1,"ordpp common",0.56
"power",300,0.1,"ordpp item",0.135
"power",300,0.1,"PCA, equal scores",0.815
"power",300,0.1,"Polychoric PCA",0.835
"power",300,0.1,"Gifi princals",0.985
"power",300,0.1,"ordpp linear",0.045
"power",300,0.1,"ordpp common",0.48
"power",300,0.1,"ordpp item",0.445
"power",300,0.1,"PCA, equal scores",0.075
"power",300,0.1,"Polychoric PCA",0.395
"power",300,0.1,"Gifi princals",0.34
"power",300,0.1,"ordpp linear",0.39
"power",300,0.1,"ordpp common",0.62
"power",300,0.1,"ordpp item",0.53
"power",300,0.1,"PCA, equal scores",0.78
"power",300,0.1,"Polychoric PCA",0.85
"power",300,0.1,"Gifi princals",0.475
"power",300,0.1,"ordpp linear",0.39
"power",300,0.1,"ordpp common",0.65
"power",300,0.1,"ordpp item",0.765
"power",300,0.1,"PCA, equal scores",0.425
"power",300,0.1,"Polychoric PCA",0.15
"power",300,0.1,"Gifi princals",0.51
"power",300,0.1,"ordpp linear",0.325
"power",300,0.1,"ordpp common",0.355
"power",300,0.1,"ordpp item",0.635
"power",300,0.1,"PCA, equal scores",0.465
"power",300,0.1,"Polychoric PCA",0.375
"power",300,0.1,"Gifi princals",0.575
"power",300,0.1,"ordpp linear",0.915
"power",300,0.1,"ordpp common",0.905
"power",300,0.1,"ordpp item",0.725
"power",300,0.1,"PCA, equal scores",0.42
"power",300,0.1,"Polychoric PCA",0.255
"power",300,0.1,"Gifi princals",0.54
"power",300,0.1,"ordpp linear",0.88
"power",300,0.1,"ordpp common",0.97
"power",300,0.1,"ordpp item",0.55
"power",300,0.1,"PCA, equal scores",0.375
"power",300,0.1,"Polychoric PCA",0.83
"power",300,0.1,"Gifi princals",0.33
"power",300,0.1,"ordpp linear",0.67
"power",300,0.1,"ordpp common",0.61
"power",300,0.1,"ordpp item",0.365
"power",300,0.1,"PCA, equal scores",0.945
"power",300,0.1,"Polychoric PCA",0.915
"power",300,0.1,"Gifi princals",0.34
"power",300,0.1,"ordpp linear",0.63
"power",300,0.1,"ordpp common",0.535
"power",300,0.1,"ordpp item",0.59
"power",300,0.1,"PCA, equal scores",0.14
"power",300,0.1,"Polychoric PCA",0.16
"power",300,0.1,"Gifi princals",0.61
"power",300,0.1,"ordpp linear",0.11
"power",300,0.1,"ordpp common",0.165
"power",300,0.1,"ordpp item",0.925
"power",300,0.1,"PCA, equal scores",0.62
"power",300,0.1,"Polychoric PCA",0.66
"power",300,0.1,"Gifi princals",0.77
"power",300,0.1,"ordpp linear",0.83
"power",300,0.1,"ordpp common",0.77
"power",300,0.1,"ordpp item",0.64
"power",300,0.1,"PCA, equal scores",0.675
"power",300,0.1,"Polychoric PCA",0.61
"power",300,0.1,"Gifi princals",0.46
"power",300,0.1,"ordpp linear",0.435
"power",300,0.1,"ordpp common",0.42
"power",300,0.1,"ordpp item",0.92
"power",300,0.1,"PCA, equal scores",0.305
"power",300,0.1,"Polychoric PCA",0.365
"power",300,0.1,"Gifi princals",0.805
"power",300,0.1,"ordpp linear",0.475
"power",300,0.1,"ordpp common",0.27
"power",300,0.1,"ordpp item",0.215
"power",300,0.1,"PCA, equal scores",0.23
"power",300,0.1,"Polychoric PCA",0.16
"power",300,0.1,"Gifi princals",0.995
"power",300,0.1,"ordpp linear",0.295
"power",300,0.1,"ordpp common",0.21
"power",300,0.1,"ordpp item",0.575
"power",300,0.1,"PCA, equal scores",0.035
"power",300,0.1,"Polychoric PCA",0.03
"power",300,0.1,"Gifi princals",1
"power",300,0.1,"ordpp linear",0.85
"power",300,0.1,"ordpp common",0.77
"power",300,0.1,"ordpp item",0.51
"power",300,0.1,"PCA, equal scores",0.64
"power",300,0.1,"Polychoric PCA",0.71
"power",300,0.1,"Gifi princals",0.575
"power",300,0.1,"ordpp linear",0.255
"power",300,0.1,"ordpp common",0.34
"power",300,0.1,"ordpp item",0.475
"power",300,0.1,"PCA, equal scores",0.725
"power",300,0.1,"Polychoric PCA",0.7
"power",300,0.1,"Gifi princals",0.29
"power",300,0.1,"ordpp linear",0.02
"power",300,0.1,"ordpp common",0.025
"power",300,0.1,"ordpp item",0.005
"power",300,0.1,"PCA, equal scores",0.015
"power",300,0.1,"Polychoric PCA",0.045
"power",300,0.1,"Gifi princals",0.035
"power",300,0.1,"ordpp linear",0.955
"power",300,0.1,"ordpp common",0.995
"power",300,0.1,"ordpp item",0.135
"power",300,0.1,"PCA, equal scores",0.695
"power",300,0.1,"Polychoric PCA",0.45
"power",300,0.1,"Gifi princals",0.6
"power",300,0.1,"ordpp linear",0.71
"power",300,0.1,"ordpp common",0.77
"power",300,0.1,"ordpp item",0.6
"power",300,0.1,"PCA, equal scores",0.315
"power",300,0.1,"Polychoric PCA",0.46
"power",300,0.1,"Gifi princals",0.93
"power",300,0.1,"ordpp linear",0.855
"power",300,0.1,"ordpp common",0.765
"power",300,0.1,"ordpp item",0.455
"power",300,0.1,"PCA, equal scores",0.74
"power",300,0.1,"Polychoric PCA",0.85
"power",300,0.1,"Gifi princals",0.795
"power",300,0.1,"ordpp linear",0.055
"power",300,0.1,"ordpp common",0.035
"power",300,0.1,"ordpp item",0.385
"power",300,0.1,"PCA, equal scores",0.13
"power",300,0.1,"Polychoric PCA",0.875
"power",300,0.1,"Gifi princals",0.2
"power",300,0.1,"ordpp linear",0.555
"power",300,0.1,"ordpp common",0.415
"power",300,0.1,"ordpp item",0.19
"power",300,0.1,"PCA, equal scores",0.675
"power",300,0.1,"Polychoric PCA",0.325
"power",300,0.1,"Gifi princals",0.97
"power",300,0.1,"ordpp linear",0.81
"power",300,0.1,"ordpp common",0.765
"power",300,0.1,"ordpp item",0.88
"power",300,0.1,"PCA, equal scores",0.855
"power",300,0.1,"Polychoric PCA",0.82
"power",300,0.1,"Gifi princals",0.185
"power",300,0.1,"ordpp linear",0.465
"power",300,0.1,"ordpp common",0.45
"power",300,0.1,"ordpp item",0.105
"power",300,0.1,"PCA, equal scores",0.05
"power",300,0.1,"Polychoric PCA",0.055
"power",300,0.1,"Gifi princals",0.44
"power",300,0.1,"ordpp linear",0.075
"power",300,0.1,"ordpp common",0.505
"power",300,0.1,"ordpp item",0.435
"power",300,0.1,"PCA, equal scores",0.08
"power",300,0.1,"Polychoric PCA",0.03
"power",300,0.1,"Gifi princals",0.84
"power",300,0.1,"ordpp linear",0.17
"power",300,0.1,"ordpp common",0.445
"power",300,0.1,"ordpp item",0.43
"power",300,0.1,"PCA, equal scores",0.79
"power",300,0.1,"Polychoric PCA",0.94
"power",300,0.1,"Gifi princals",0.9
"power",300,0.1,"ordpp linear",0.835
"power",300,0.1,"ordpp common",0.685
"power",300,0.1,"ordpp item",0.84
"power",300,0.1,"PCA, equal scores",0.41
"power",300,0.1,"Polychoric PCA",0.72
"power",300,0.1,"Gifi princals",0.155
"power",300,0.1,"ordpp linear",0.485
"power",300,0.1,"ordpp common",0.045
"power",300,0.1,"ordpp item",0.025
"power",300,0.1,"PCA, equal scores",0.28
"power",300,0.1,"Polychoric PCA",0.29
"power",300,0.1,"Gifi princals",0.4
"power",300,0.1,"ordpp linear",0.595
"power",300,0.1,"ordpp common",0.95
"power",300,0.1,"ordpp item",0.355
"power",300,0.1,"PCA, equal scores",0.32
"power",300,0.1,"Polychoric PCA",0.36
"power",300,0.1,"Gifi princals",0.31
"power",300,0.1,"ordpp linear",0.16
"power",300,0.1,"ordpp common",0.23
"power",300,0.1,"ordpp item",0.025
"power",300,0.1,"PCA, equal scores",0.12
"power",300,0.1,"Polychoric PCA",0.205
"power",300,0.1,"Gifi princals",0.735
"power",300,0.1,"ordpp linear",0.605
"power",300,0.1,"ordpp common",0.525
"power",300,0.1,"ordpp item",0.55
"power",300,0.1,"PCA, equal scores",0.545
"power",300,0.1,"Polychoric PCA",0.77
"power",300,0.1,"Gifi princals",0.145
"power",300,0.1,"ordpp linear",0.325
"power",300,0.1,"ordpp common",0.345
"power",300,0.1,"ordpp item",0.325
"power",300,0.1,"PCA, equal scores",0.575
"power",300,0.1,"Polychoric PCA",0.51
"power",300,0.1,"Gifi princals",0.895
"power",300,0.1,"ordpp linear",0.34
"power",300,0.1,"ordpp common",0.495
"power",300,0.1,"ordpp item",0.175
"power",300,0.1,"PCA, equal scores",0.44
"power",300,0.1,"Polychoric PCA",0.38
"power",300,0.1,"Gifi princals",0.62
"power",300,0.1,"ordpp linear",0.135
"power",300,0.1,"ordpp common",0.155
"power",300,0.1,"ordpp item",0.12
"power",300,0.1,"PCA, equal scores",0.02
"power",300,0.1,"Polychoric PCA",0.015
"power",300,0.1,"Gifi princals",0.65
"power",300,0.1,"ordpp linear",0.21
"power",300,0.1,"ordpp common",0.205
"power",300,0.1,"ordpp item",0.98
"power",300,0.1,"PCA, equal scores",0.95
"power",300,0.1,"Polychoric PCA",0.99
"power",300,0.1,"Gifi princals",0.56
"power",300,0.1,"ordpp linear",0.97
"power",300,0.1,"ordpp common",0.765
"power",300,0.1,"ordpp item",0.945
"power",300,0.1,"PCA, equal scores",0.97
"power",300,0.1,"Polychoric PCA",0.545
"power",300,0.1,"Gifi princals",0.635
"power",300,0.1,"ordpp linear",0.68
"power",300,0.1,"ordpp common",0.49
"power",300,0.1,"ordpp item",0.54
"power",300,0.1,"PCA, equal scores",0.94
"power",300,0.1,"Polychoric PCA",0.07
"power",300,0.1,"Gifi princals",0.045
"power",300,0.1,"ordpp linear",0.815
"power",300,0.1,"ordpp common",0.905
"power",300,0.1,"ordpp item",0.92
"power",300,0.1,"PCA, equal scores",0.72
"power",300,0.1,"Polychoric PCA",0.745
"power",300,0.1,"Gifi princals",0.255
"power",300,0.1,"ordpp linear",0.67
"power",300,0.1,"ordpp common",0.775
"power",300,0.1,"ordpp item",0.915
"power",300,0.1,"PCA, equal scores",0.75
"power",300,0.1,"Polychoric PCA",0.23
"power",300,0.1,"Gifi princals",0.11
"power",300,0.1,"ordpp linear",0.485
"power",300,0.1,"ordpp common",0.245
"power",300,0.1,"ordpp item",0.445
"power",300,0.1,"PCA, equal scores",0.315
"power",300,0.1,"Polychoric PCA",0.345
"power",300,0.1,"Gifi princals",0.94
"power",300,0.1,"ordpp linear",0.43
"power",300,0.1,"ordpp common",0.665
"power",300,0.1,"ordpp item",0.35
"power",300,0.1,"PCA, equal scores",0.655
"power",300,0.1,"Polychoric PCA",0.885
"power",300,0.1,"Gifi princals",0.39
"power",300,0.1,"ordpp linear",0.93
"power",300,0.1,"ordpp common",0.99
"power",300,0.1,"ordpp item",0.37
"power",300,0.1,"PCA, equal scores",0.925
"power",300,0.1,"Polychoric PCA",0.95
"power",300,0.1,"Gifi princals",0.545
"power",300,0.1,"ordpp linear",0.055
"power",300,0.1,"ordpp common",0.03
"power",300,0.1,"ordpp item",0.045
"power",300,0.1,"PCA, equal scores",0.41
"power",300,0.1,"Polychoric PCA",0.32
"power",300,0.1,"Gifi princals",0.435
"power",300,0.1,"ordpp linear",0.05
"power",300,0.1,"ordpp common",0.64
"power",300,0.1,"ordpp item",0.34
"power",300,0.1,"PCA, equal scores",0.66
"power",300,0.1,"Polychoric PCA",0.66
"power",300,0.1,"Gifi princals",0.7
"power",300,0.1,"ordpp linear",0.345
"power",300,0.1,"ordpp common",0.38
"power",300,0.1,"ordpp item",0.465
"power",300,0.1,"PCA, equal scores",0.3
"power",300,0.1,"Polychoric PCA",0.24
"power",300,0.1,"Gifi princals",0.38
"power",300,0.1,"ordpp linear",0.145
"power",300,0.1,"ordpp common",0.045
"power",300,0.1,"ordpp item",0.025
"power",300,0.1,"PCA, equal scores",0.94
"power",300,0.1,"Polychoric PCA",0.93
"power",300,0.1,"Gifi princals",0.82
"power",300,0.1,"ordpp linear",0.035
"power",300,0.1,"ordpp common",0.035
"power",300,0.1,"ordpp item",0.4
"power",300,0.1,"PCA, equal scores",0.38
"power",300,0.1,"Polychoric PCA",0.4
"power",300,0.1,"Gifi princals",0.235
"power",300,0.1,"ordpp linear",0.715
"power",300,0.1,"ordpp common",0.425
"power",300,0.1,"ordpp item",0.765
"power",300,0.1,"PCA, equal scores",0.635
"power",300,0.1,"Polychoric PCA",0.715
"power",300,0.1,"Gifi princals",0.765
"power",300,0.1,"ordpp linear",0.7
"power",300,0.1,"ordpp common",0.745
"power",300,0.1,"ordpp item",0.345
"power",300,0.1,"PCA, equal scores",0.985
"power",300,0.1,"Polychoric PCA",0.995
"power",300,0.1,"Gifi princals",0.555
"power",300,0.2,"ordpp linear",0.795
"power",300,0.2,"ordpp common",0.89
"power",300,0.2,"ordpp item",0.465
"power",300,0.2,"PCA, equal scores",0.835
"power",300,0.2,"Polychoric PCA",0.56
"power",300,0.2,"Gifi princals",0.485
"power",300,0.2,"ordpp linear",0.745
"power",300,0.2,"ordpp common",0.53
"power",300,0.2,"ordpp item",0.365
"power",300,0.2,"PCA, equal scores",0.06
"power",300,0.2,"Polychoric PCA",0.07
"power",300,0.2,"Gifi princals",0.77
"power",300,0.2,"ordpp linear",0.79
"power",300,0.2,"ordpp common",0.46
"power",300,0.2,"ordpp item",0.145
"power",300,0.2,"PCA, equal scores",0.81
"power",300,0.2,"Polychoric PCA",0.775
"power",300,0.2,"Gifi princals",0.995
"power",300,0.2,"ordpp linear",0.815
"power",300,0.2,"ordpp common",0.12
"power",300,0.2,"ordpp item",0.145
"power",300,0.2,"PCA, equal scores",0.535
"power",300,0.2,"Polychoric PCA",0.725
"power",300,0.2,"Gifi princals",0.11
"power",300,0.2,"ordpp linear",0.535
"power",300,0.2,"ordpp common",0.26
"power",300,0.2,"ordpp item",0.72
"power",300,0.2,"PCA, equal scores",0.35
"power",300,0.2,"Polychoric PCA",0.545
"power",300,0.2,"Gifi princals",0.335
"power",300,0.2,"ordpp linear",0.035
"power",300,0.2,"ordpp common",0.02
"power",300,0.2,"ordpp item",0.115
"power",300,0.2,"PCA, equal scores",0.21
"power",300,0.2,"Polychoric PCA",0.135
"power",300,0.2,"Gifi princals",0.93
"power",300,0.2,"ordpp linear",0.195
"power",300,0.2,"ordpp common",0.245
"power",300,0.2,"ordpp item",0.24
"power",300,0.2,"PCA, equal scores",0.025
"power",300,0.2,"Polychoric PCA",0.035
"power",300,0.2,"Gifi princals",0.58
"power",300,0.2,"ordpp linear",0.375
"power",300,0.2,"ordpp common",0.445
"power",300,0.2,"ordpp item",0.34
"power",300,0.2,"PCA, equal scores",0.445
"power",300,0.2,"Polychoric PCA",0.67
"power",300,0.2,"Gifi princals",0.105
"power",300,0.2,"ordpp linear",0.465
"power",300,0.2,"ordpp common",0.695
"power",300,0.2,"ordpp item",0.585
"power",300,0.2,"PCA, equal scores",0.935
"power",300,0.2,"Polychoric PCA",0.97
"power",300,0.2,"Gifi princals",0.43
"power",300,0.2,"ordpp linear",0.945
"power",300,0.2,"ordpp common",0.9
"power",300,0.2,"ordpp item",0.85
"power",300,0.2,"PCA, equal scores",0.735
"power",300,0.2,"Polychoric PCA",0.845
"power",300,0.2,"Gifi princals",0.145
"power",300,0.2,"ordpp linear",0.96
"power",300,0.2,"ordpp common",0.79
"power",300,0.2,"ordpp item",0.835
"power",300,0.2,"PCA, equal scores",1
"power",300,0.2,"Polychoric PCA",0.245
"power",300,0.2,"Gifi princals",0.725
"power",300,0.2,"ordpp linear",0.67
"power",300,0.2,"ordpp common",0.73
"power",300,0.2,"ordpp item",0.09
"power",300,0.2,"PCA, equal scores",0.49
"power",300,0.2,"Polychoric PCA",0.425
"power",300,0.2,"Gifi princals",0.385
"power",300,0.2,"ordpp linear",0.955
"power",300,0.2,"ordpp common",0.93
"power",300,0.2,"ordpp item",0.935
"power",300,0.2,"PCA, equal scores",0.42
"power",300,0.2,"Polychoric PCA",0.51
"power",300,0.2,"Gifi princals",0.565
"power",300,0.2,"ordpp linear",0.275
"power",300,0.2,"ordpp common",0.205
"power",300,0.2,"ordpp item",0.455
"power",300,0.2,"PCA, equal scores",0.46
"power",300,0.2,"Polychoric PCA",0.515
"power",300,0.2,"Gifi princals",0.435
"power",300,0.2,"ordpp linear",0.515
"power",300,0.2,"ordpp common",0.52
"power",300,0.2,"ordpp item",0.965
"power",300,0.2,"PCA, equal scores",0.77
"power",300,0.2,"Polychoric PCA",0.635
"power",300,0.2,"Gifi princals",0.385
"power",300,0.2,"ordpp linear",0.24
"power",300,0.2,"ordpp common",0.575
"power",300,0.2,"ordpp item",0.52
"power",300,0.2,"PCA, equal scores",0.26
"power",300,0.2,"Polychoric PCA",0.23
"power",300,0.2,"Gifi princals",0.02
"power",300,0.2,"ordpp linear",0.89
"power",300,0.2,"ordpp common",0.595
"power",300,0.2,"ordpp item",0.47
"power",300,0.2,"PCA, equal scores",0.355
"power",300,0.2,"Polychoric PCA",0.33
"power",300,0.2,"Gifi princals",0.16
"power",300,0.2,"ordpp linear",0.88
"power",300,0.2,"ordpp common",0.985
"power",300,0.2,"ordpp item",0.93
"power",300,0.2,"PCA, equal scores",0.17
"power",300,0.2,"Polychoric PCA",0.065
"power",300,0.2,"Gifi princals",0.535
"power",300,0.2,"ordpp linear",0.055
"power",300,0.2,"ordpp common",0.22
"power",300,0.2,"ordpp item",0.18
"power",300,0.2,"PCA, equal scores",0.365
"power",300,0.2,"Polychoric PCA",0.03
"power",300,0.2,"Gifi princals",0.255
"power",300,0.2,"ordpp linear",0.385
"power",300,0.2,"ordpp common",0.43
"power",300,0.2,"ordpp item",0.045
"power",300,0.2,"PCA, equal scores",0.31
"power",300,0.2,"Polychoric PCA",0.23
"power",300,0.2,"Gifi princals",0.985
"power",300,0.2,"ordpp linear",0.505
"power",300,0.2,"ordpp common",0.385
"power",300,0.2,"ordpp item",0.86
"power",300,0.2,"PCA, equal scores",0.98
"power",300,0.2,"Polychoric PCA",0.98
"power",300,0.2,"Gifi princals",0.77
"power",300,0.2,"ordpp linear",0.675
"power",300,0.2,"ordpp common",0.84
"power",300,0.2,"ordpp item",0.995
"power",300,0.2,"PCA, equal scores",0.9
"power",300,0.2,"Polychoric PCA",0.86
"power",300,0.2,"Gifi princals",0.585
"power",300,0.2,"ordpp linear",0.075
"power",300,0.2,"ordpp common",0.045
"power",300,0.2,"ordpp item",0.52
"power",300,0.2,"PCA, equal scores",0.025
"power",300,0.2,"Polychoric PCA",0.02
"power",300,0.2,"Gifi princals",0.63
"power",300,0.2,"ordpp linear",0.3
"power",300,0.2,"ordpp common",0.305
"power",300,0.2,"ordpp item",0.825
"power",300,0.2,"PCA, equal scores",0.04
"power",300,0.2,"Polychoric PCA",0.025
"power",300,0.2,"Gifi princals",0.44
"power",300,0.2,"ordpp linear",0.565
"power",300,0.2,"ordpp common",0.63
"power",300,0.2,"ordpp item",0.69
"power",300,0.2,"PCA, equal scores",0.555
"power",300,0.2,"Polychoric PCA",0.62
"power",300,0.2,"Gifi princals",0.365
"power",300,0.2,"ordpp linear",0.25
"power",300,0.2,"ordpp common",0.085
"power",300,0.2,"ordpp item",0.06
"power",300,0.2,"PCA, equal scores",0.025
"power",300,0.2,"Polychoric PCA",0.17
"power",300,0.2,"Gifi princals",0.61
"power",300,0.2,"ordpp linear",0.73
"power",300,0.2,"ordpp common",0.7
"power",300,0.2,"ordpp item",0.29
"power",300,0.2,"PCA, equal scores",0.34
"power",300,0.2,"Polychoric PCA",0.5
"power",300,0.2,"Gifi princals",0.73
"power",300,0.2,"ordpp linear",0.47
"power",300,0.2,"ordpp common",0.06
"power",300,0.2,"ordpp item",0.045
"power",300,0.2,"PCA, equal scores",0.325
"power",300,0.2,"Polychoric PCA",0.52
"power",300,0.2,"Gifi princals",0.585
"power",300,0.2,"ordpp linear",0.025
"power",300,0.2,"ordpp common",0.03
"power",300,0.2,"ordpp item",0.565
"power",300,0.2,"PCA, equal scores",0.015
"power",300,0.2,"Polychoric PCA",0.005
"power",300,0.2,"Gifi princals",0.125
"power",300,0.2,"ordpp linear",0.605
"power",300,0.2,"ordpp common",0.545
"power",300,0.2,"ordpp item",0.34
"power",300,0.2,"PCA, equal scores",0.855
"power",300,0.2,"Polychoric PCA",0.81
"power",300,0.2,"Gifi princals",0.465
"power",300,0.2,"ordpp linear",0.56
"power",300,0.2,"ordpp common",0.305
"power",300,0.2,"ordpp item",0.63
"power",300,0.2,"PCA, equal scores",0.87
"power",300,0.2,"Polychoric PCA",0.605
"power",300,0.2,"Gifi princals",0.205
"power",300,0.2,"ordpp linear",0.605
"power",300,0.2,"ordpp common",0.29
"power",300,0.2,"ordpp item",0.1
"power",300,0.2,"PCA, equal scores",0.69
"power",300,0.2,"Polychoric PCA",0.71
"power",300,0.2,"Gifi princals",0.835
"power",300,0.2,"ordpp linear",0.47
"power",300,0.2,"ordpp common",0.47
"power",300,0.2,"ordpp item",0.97
"power",300,0.2,"PCA, equal scores",0.425
"power",300,0.2,"Polychoric PCA",0.25
"power",300,0.2,"Gifi princals",0.635
"power",300,0.2,"ordpp linear",0.93
"power",300,0.2,"ordpp common",0.97
"power",300,0.2,"ordpp item",0.64
"power",300,0.2,"PCA, equal scores",0.76
"power",300,0.2,"Polychoric PCA",0.845
"power",300,0.2,"Gifi princals",0.015
"power",300,0.2,"ordpp linear",0.06
"power",300,0.2,"ordpp common",0.08
"power",300,0.2,"ordpp item",0.88
"power",300,0.2,"PCA, equal scores",0.565
"power",300,0.2,"Polychoric PCA",0.485
"power",300,0.2,"Gifi princals",0.705
"power",300,0.2,"ordpp linear",0.44
"power",300,0.2,"ordpp common",0.46
"power",300,0.2,"ordpp item",0.615
"power",300,0.2,"PCA, equal scores",0.13
"power",300,0.2,"Polychoric PCA",0.14
"power",300,0.2,"Gifi princals",0.705
"power",300,0.2,"ordpp linear",0.04
"power",300,0.2,"ordpp common",0.035
"power",300,0.2,"ordpp item",0.585
"power",300,0.2,"PCA, equal scores",0.265
"power",300,0.2,"Polychoric PCA",0.22
"power",300,0.2,"Gifi princals",0.42
"power",300,0.2,"ordpp linear",0.05
"power",300,0.2,"ordpp common",0.025
"power",300,0.2,"ordpp item",0.015
"power",300,0.2,"PCA, equal scores",0.01
"power",300,0.2,"Polychoric PCA",0.04
"power",300,0.2,"Gifi princals",0.405
"power",300,0.2,"ordpp linear",0.4
"power",300,0.2,"ordpp common",0.365
"power",300,0.2,"ordpp item",0.545
"power",300,0.2,"PCA, equal scores",0.69
"power",300,0.2,"Polychoric PCA",0.815
"power",300,0.2,"Gifi princals",0.715
"power",300,0.2,"ordpp linear",0.635
"power",300,0.2,"ordpp common",0.6
"power",300,0.2,"ordpp item",0.25
"power",300,0.2,"PCA, equal scores",0.435
"power",300,0.2,"Polychoric PCA",0.28
"power",300,0.2,"Gifi princals",0.265
"power",300,0.2,"ordpp linear",0.225
"power",300,0.2,"ordpp common",0.215
"power",300,0.2,"ordpp item",0.205
"power",300,0.2,"PCA, equal scores",0.74
"power",300,0.2,"Polychoric PCA",0.825
"power",300,0.2,"Gifi princals",0.69
"power",300,0.2,"ordpp linear",0.79
"power",300,0.2,"ordpp common",0.71
"power",300,0.2,"ordpp item",0.925
"power",300,0.2,"PCA, equal scores",0.445
"power",300,0.2,"Polychoric PCA",0.64
"power",300,0.2,"Gifi princals",0.565
"power",300,0.2,"ordpp linear",0.7
"power",300,0.2,"ordpp common",0.17
"power",300,0.2,"ordpp item",0.59
"power",300,0.2,"PCA, equal scores",0.095
"power",300,0.2,"Polychoric PCA",0.1
"power",300,0.2,"Gifi princals",0.275
"power",300,0.2,"ordpp linear",0.075
"power",300,0.2,"ordpp common",0.205
"power",300,0.2,"ordpp item",0.235
"power",300,0.2,"PCA, equal scores",0.07
"power",300,0.2,"Polychoric PCA",0.02
"power",300,0.2,"Gifi princals",0.04
"power",300,0.2,"ordpp linear",0.67
"power",300,0.2,"ordpp common",0.545
"power",300,0.2,"ordpp item",0.865
"power",300,0.2,"PCA, equal scores",0.255
"power",300,0.2,"Polychoric PCA",0.255
"power",300,0.2,"Gifi princals",0.165
"power",300,0.2,"ordpp linear",0.67
"power",300,0.2,"ordpp common",0.73
"power",300,0.2,"ordpp item",0.71
"power",300,0.2,"PCA, equal scores",0.79
"power",300,0.2,"Polychoric PCA",0.79
"power",300,0.2,"Gifi princals",0.71
"power",300,0.2,"ordpp linear",0.555
"power",300,0.2,"ordpp common",0.86
"power",300,0.2,"ordpp item",0.865
"power",300,0.2,"PCA, equal scores",0.995
"power",300,0.2,"Polychoric PCA",1
"power",300,0.2,"Gifi princals",0.965
"power",300,0.2,"ordpp linear",0.19
"power",300,0.2,"ordpp common",0.185
"power",300,0.2,"ordpp item",0.235
"power",300,0.2,"PCA, equal scores",0.27
"power",300,0.2,"Polychoric PCA",0.165
"power",300,0.2,"Gifi princals",0.27
"power",300,0.2,"ordpp linear",0.105
"power",300,0.2,"ordpp common",0.1
"power",300,0.2,"ordpp item",0.225
"power",300,0.2,"PCA, equal scores",0.08
"power",300,0.2,"Polychoric PCA",0.055
"power",300,0.2,"Gifi princals",0.615
"power",300,0.2,"ordpp linear",0.415
"power",300,0.2,"ordpp common",0.485
"power",300,0.2,"ordpp item",0.685
"power",300,0.2,"PCA, equal scores",0.71
"power",300,0.2,"Polychoric PCA",0.595
"power",300,0.2,"Gifi princals",0.245
"power",300,0.2,"ordpp linear",0.775
"power",300,0.2,"ordpp common",0.75
"power",300,0.2,"ordpp item",0.835
"power",300,0.2,"PCA, equal scores",0.96
"power",300,0.2,"Polychoric PCA",0.985
"power",300,0.2,"Gifi princals",0.165
"power",300,0.2,"ordpp linear",0.645
"power",300,0.2,"ordpp common",0.6
"power",300,0.2,"ordpp item",0.475
"power",300,0.2,"PCA, equal scores",0.545
"power",300,0.2,"Polychoric PCA",0.58
"power",300,0.2,"Gifi princals",0.875
"power",300,0.2,"ordpp linear",0.69
"power",300,0.2,"ordpp common",0.65
"power",300,0.2,"ordpp item",0.89
"power",300,0.2,"PCA, equal scores",0.06
"power",300,0.2,"Polychoric PCA",0.075
"power",300,0.2,"Gifi princals",0.175
"power",300,0.2,"ordpp linear",0.305
"power",300,0.2,"ordpp common",0.27
"power",300,0.2,"ordpp item",0.205
"power",300,0.2,"PCA, equal scores",0.46
"power",300,0.2,"Polychoric PCA",0.51
"power",300,0.2,"Gifi princals",0.365
"power",300,0.2,"ordpp linear",0.72
"power",300,0.2,"ordpp common",0.81
"power",300,0.2,"ordpp item",0.675
"power",300,0.2,"PCA, equal scores",0.435
"power",300,0.2,"Polychoric PCA",0.405
"power",300,0.2,"Gifi princals",0.05
"power",300,0.2,"ordpp linear",0.68
"power",300,0.2,"ordpp common",0.645
"power",300,0.2,"ordpp item",0.925
"power",300,0.2,"PCA, equal scores",0.37
"power",300,0.2,"Polychoric PCA",0.445
"power",300,0.2,"Gifi princals",0.535
"power",300,0.2,"ordpp linear",0.525
"power",300,0.2,"ordpp common",0.385
"power",300,0.2,"ordpp item",0.77
"power",300,0.2,"PCA, equal scores",0.165
"power",300,0.2,"Polychoric PCA",0.315
"power",300,0.2,"Gifi princals",0.685
"power",300,0.2,"ordpp linear",0.26
"power",300,0.2,"ordpp common",0.845
"power",300,0.2,"ordpp item",0.995
"power",300,0.2,"PCA, equal scores",0.615
"power",300,0.2,"Polychoric PCA",0.745
"power",300,0.2,"Gifi princals",0.87
"power",300,0.2,"ordpp linear",0.645
"power",300,0.2,"ordpp common",0.68
"power",300,0.2,"ordpp item",0.015
"power",300,0.2,"PCA, equal scores",0.26
"power",300,0.2,"Polychoric PCA",0.28
"power",300,0.2,"Gifi princals",0.615
"power",300,0.2,"ordpp linear",0.705
"power",300,0.2,"ordpp common",0.14
"power",300,0.2,"ordpp item",0.41
"power",300,0.2,"PCA, equal scores",0.44
"power",300,0.2,"Polychoric PCA",0.38
"power",300,0.2,"Gifi princals",0.955
"power",300,0.2,"ordpp linear",0.86
"power",300,0.2,"ordpp common",0.9
"power",300,0.2,"ordpp item",0.4
"power",300,0.2,"PCA, equal scores",0.595
"power",300,0.2,"Polychoric PCA",0.72
"power",300,0.2,"Gifi princals",0.385
"power",300,0.2,"ordpp linear",0.14
"power",300,0.2,"ordpp common",0.205
"power",300,0.2,"ordpp item",0.85
"power",300,0.2,"PCA, equal scores",0.72
"power",300,0.2,"Polychoric PCA",0.75
"power",300,0.2,"Gifi princals",0.12
"power",300,0.2,"ordpp linear",0.44
"power",300,0.2,"ordpp common",0.345
"power",300,0.2,"ordpp item",0.38
"power",300,0.2,"PCA, equal scores",0.88
"power",300,0.2,"Polychoric PCA",0.905
"power",300,0.2,"Gifi princals",0.545
"power",300,0.2,"ordpp linear",0.88
"power",300,0.2,"ordpp common",0.94
"power",300,0.2,"ordpp item",0.865
"power",300,0.2,"PCA, equal scores",0.125
"power",300,0.2,"Polychoric PCA",0.08
"power",300,0.2,"Gifi princals",0.66
"power",300,0.2,"ordpp linear",0.55
"power",300,0.2,"ordpp common",0.59
"power",300,0.2,"ordpp item",0.665
"power",300,0.2,"PCA, equal scores",0.16
"power",300,0.2,"Polychoric PCA",0.265
"power",300,0.2,"Gifi princals",0.385
"power",300,0.2,"ordpp linear",0.095
"power",300,0.2,"ordpp common",0.38
"power",300,0.2,"ordpp item",0.285
"power",300,0.2,"PCA, equal scores",0.16
"power",300,0.2,"Polychoric PCA",0.16
"power",300,0.2,"Gifi princals",0.345
"power",300,0.2,"ordpp linear",0.315
"power",300,0.2,"ordpp common",0.335
"power",300,0.2,"ordpp item",0.41
"power",300,0.2,"PCA, equal scores",0.29
"power",300,0.2,"Polychoric PCA",0.27
"power",300,0.2,"Gifi princals",0.17
"power",300,0.2,"ordpp linear",0.435
"power",300,0.2,"ordpp common",0.52
"power",300,0.2,"ordpp item",0.1
"power",300,0.2,"PCA, equal scores",0.095
"power",300,0.2,"Polychoric PCA",0.08
"power",300,0.2,"Gifi princals",0.535
"power",300,0.2,"ordpp linear",0.105
"power",300,0.2,"ordpp common",0.475
"power",300,0.2,"ordpp item",0.07
"power",300,0.2,"PCA, equal scores",0.76
"power",300,0.2,"Polychoric PCA",0.935
"power",300,0.2,"Gifi princals",0.055
"power",300,0.2,"ordpp linear",0.985
"power",300,0.2,"ordpp common",0.965
"power",300,0.2,"ordpp item",0.61
"power",300,0.2,"PCA, equal scores",0.985
"power",300,0.2,"Polychoric PCA",0.965
"power",300,0.2,"Gifi princals",0.04
"power",300,0.2,"ordpp linear",0.18
"power",300,0.2,"ordpp common",0.235
"power",300,0.2,"ordpp item",0.06
"power",300,0.2,"PCA, equal scores",0.11
"power",300,0.2,"Polychoric PCA",0.12
"power",300,0.2,"Gifi princals",0.475
"power",300,0.2,"ordpp linear",0.16
"power",300,0.2,"ordpp common",0.125
"power",300,0.2,"ordpp item",0.095
"power",300,0.2,"PCA, equal scores",0.405
"power",300,0.2,"Polychoric PCA",0.405
"power",300,0.2,"Gifi princals",0.2
"power",300,0.2,"ordpp linear",0.9
"power",300,0.2,"ordpp common",0.655
"power",300,0.2,"ordpp item",0.525
"power",300,0.2,"PCA, equal scores",0.705
"power",300,0.2,"Polychoric PCA",0.705
"power",300,0.2,"Gifi princals",0.72
"power",300,0.2,"ordpp linear",0.165
"power",300,0.2,"ordpp common",0.625
"power",300,0.2,"ordpp item",0.46
"power",300,0.2,"PCA, equal scores",0.135
"power",300,0.2,"Polychoric PCA",0.125
"power",300,0.2,"Gifi princals",0.595
"power",300,0.2,"ordpp linear",0.365
"power",300,0.2,"ordpp common",0.34
"power",300,0.2,"ordpp item",0.62
"power",300,0.2,"PCA, equal scores",0.33
"power",300,0.2,"Polychoric PCA",0.46
"power",300,0.2,"Gifi princals",0.85
"power",300,0.2,"ordpp linear",0.045
"power",300,0.2,"ordpp common",0.04
"power",300,0.2,"ordpp item",0.035
"power",300,0.2,"PCA, equal scores",0.02
"power",300,0.2,"Polychoric PCA",0.015
"power",300,0.2,"Gifi princals",0.415
"power",300,0.2,"ordpp linear",0.525
"power",300,0.2,"ordpp common",0.595
"power",300,0.2,"ordpp item",0.665
"power",300,0.2,"PCA, equal scores",0.63
"power",300,0.2,"Polychoric PCA",0.735
"power",300,0.2,"Gifi princals",0.505
"power",300,0.2,"ordpp linear",0.3
"power",300,0.2,"ordpp common",0.405
"power",300,0.2,"ordpp item",0.545
"power",300,0.2,"PCA, equal scores",0.76
"power",300,0.2,"Polychoric PCA",0.825
"power",300,0.2,"Gifi princals",0.24
"power",300,0.2,"ordpp linear",0.725
"power",300,0.2,"ordpp common",0.73
"power",300,0.2,"ordpp item",0.79
"power",300,0.2,"PCA, equal scores",0.5
"power",300,0.2,"Polychoric PCA",0.56
"power",300,0.2,"Gifi princals",0.415
"power",300,0.2,"ordpp linear",0.815
"power",300,0.2,"ordpp common",0.615
"power",300,0.2,"ordpp item",0.86
"power",300,0.2,"PCA, equal scores",0.165
"power",300,0.2,"Polychoric PCA",0.145
"power",300,0.2,"Gifi princals",0.895
"power",300,0.2,"ordpp linear",0.105
"power",300,0.2,"ordpp common",0.43
"power",300,0.2,"ordpp item",0.31
"power",300,0.2,"PCA, equal scores",0.08
"power",300,0.2,"Polychoric PCA",0.07
"power",300,0.2,"Gifi princals",0.925
"power",300,0.2,"ordpp linear",0.845
"power",300,0.2,"ordpp common",0.69
"power",300,0.2,"ordpp item",0.305
"power",300,0.2,"PCA, equal scores",0.075
"power",300,0.2,"Polychoric PCA",0.125
"power",300,0.2,"Gifi princals",0.91
"power",300,0.2,"ordpp linear",0.22
"power",300,0.2,"ordpp common",0.355
"power",300,0.2,"ordpp item",0.91
"power",300,0.2,"PCA, equal scores",0.49
"power",300,0.2,"Polychoric PCA",0.525
"power",300,0.2,"Gifi princals",0.875
"power",300,0.2,"ordpp linear",0.68
"power",300,0.2,"ordpp common",0.73
"power",300,0.2,"ordpp item",0.99
"power",300,0.2,"PCA, equal scores",0.03
"power",300,0.2,"Polychoric PCA",0.03
"power",300,0.2,"Gifi princals",0.285
"power",300,0.2,"ordpp linear",0.92
"power",300,0.2,"ordpp common",0.72
"power",300,0.2,"ordpp item",0.63
"power",300,0.2,"PCA, equal scores",0.21
"power",300,0.2,"Polychoric PCA",0.205
"power",300,0.2,"Gifi princals",0.43
"power",300,0.2,"ordpp linear",0.625
"power",300,0.2,"ordpp common",0.65
"power",300,0.2,"ordpp item",0.675
"power",300,0.2,"PCA, equal scores",0.305
"power",300,0.2,"Polychoric PCA",0.165
"power",300,0.2,"Gifi princals",0.84
"power",300,0.2,"ordpp linear",0.205
"power",300,0.2,"ordpp common",0.295
"power",300,0.2,"ordpp item",0.345
"power",300,0.2,"PCA, equal scores",0.07
"power",300,0.2,"Polychoric PCA",0.145
"power",300,0.2,"Gifi princals",0.14
"power",300,0.2,"ordpp linear",0.005
"power",300,0.2,"ordpp common",0.015
"power",300,0.2,"ordpp item",0.01
"power",300,0.2,"PCA, equal scores",0.01
"power",300,0.2,"Polychoric PCA",0.01
"power",300,0.2,"Gifi princals",0.49
"power",300,0.2,"ordpp linear",0.34
"power",300,0.2,"ordpp common",0.305
"power",300,0.2,"ordpp item",0.515
"power",300,0.2,"PCA, equal scores",0.03
"power",300,0.2,"Polychoric PCA",0.04
"power",300,0.2,"Gifi princals",0.075
"power",300,0.2,"ordpp linear",0.655
"power",300,0.2,"ordpp common",0.085
"power",300,0.2,"ordpp item",0.19
"power",300,0.2,"PCA, equal scores",0.805
"power",300,0.2,"Polychoric PCA",0.86
"power",300,0.2,"Gifi princals",0.27
"power",300,0.2,"ordpp linear",0.075
"power",300,0.2,"ordpp common",0.87
"power",300,0.2,"ordpp item",0.17
"power",300,0.2,"PCA, equal scores",0.07
"power",300,0.2,"Polychoric PCA",0.11
"power",300,0.2,"Gifi princals",0.735
"power",300,0.2,"ordpp linear",0.53
"power",300,0.2,"ordpp common",0.725
"power",300,0.2,"ordpp item",0.325
"power",300,0.2,"PCA, equal scores",0.245
"power",300,0.2,"Polychoric PCA",0.14
"power",300,0.2,"Gifi princals",0.39
"power",300,0.2,"ordpp linear",0.955
"power",300,0.2,"ordpp common",0.745
"power",300,0.2,"ordpp item",0.44
"power",300,0.2,"PCA, equal scores",0.67
"power",300,0.2,"Polychoric PCA",0.695
"power",300,0.2,"Gifi princals",0.66
"power",300,0.2,"ordpp linear",0.81
"power",300,0.2,"ordpp common",0.175
"power",300,0.2,"ordpp item",0.185
"power",300,0.2,"PCA, equal scores",0.305
"power",300,0.2,"Polychoric PCA",0.325
"power",300,0.2,"Gifi princals",0.79
"power",300,0.2,"ordpp linear",0.105
"power",300,0.2,"ordpp common",0.35
"power",300,0.2,"ordpp item",0.51
"power",300,0.2,"PCA, equal scores",0.63
"power",300,0.2,"Polychoric PCA",0.655
"power",300,0.2,"Gifi princals",0.81
"power",300,0.2,"ordpp linear",0.05
"power",300,0.2,"ordpp common",0.075
"power",300,0.2,"ordpp item",0.03
"power",300,0.2,"PCA, equal scores",0.32
"power",300,0.2,"Polychoric PCA",0.305
"power",300,0.2,"Gifi princals",0.515
"power",300,0.2,"ordpp linear",0.06
"power",300,0.2,"ordpp common",0.1
"power",300,0.2,"ordpp item",0.945
"power",300,0.2,"PCA, equal scores",0.235
"power",300,0.2,"Polychoric PCA",0.56
"power",300,0.2,"Gifi princals",0.755
"power",300,0.2,"ordpp linear",0.52
"power",300,0.2,"ordpp common",0.34
"power",300,0.2,"ordpp item",0.475
"power",300,0.2,"PCA, equal scores",0.21
"power",300,0.2,"Polychoric PCA",0.135
"power",300,0.2,"Gifi princals",0.87
"power",300,0.2,"ordpp linear",0.74
"power",300,0.2,"ordpp common",0.87
"power",300,0.2,"ordpp item",0.405
"power",300,0.2,"PCA, equal scores",0.41
"power",300,0.2,"Polychoric PCA",0.58
"power",300,0.2,"Gifi princals",0.695
"power",300,0.2,"ordpp linear",0.78
"power",300,0.2,"ordpp common",0.715
"power",300,0.2,"ordpp item",0.235
"power",300,0.2,"PCA, equal scores",1
"power",300,0.2,"Polychoric PCA",0.99
"power",300,0.2,"Gifi princals",0.955
"power",300,0.2,"ordpp linear",0.195
"power",300,0.2,"ordpp common",0.29
"power",300,0.2,"ordpp item",0.41
"power",300,0.2,"PCA, equal scores",0.08
"power",300,0.2,"Polychoric PCA",0.035
"power",300,0.2,"Gifi princals",0.415
"power",300,0.2,"ordpp linear",0.3
"power",300,0.2,"ordpp common",0.475
"power",300,0.2,"ordpp item",0.795
"power",300,0.2,"PCA, equal scores",0.23
"power",300,0.2,"Polychoric PCA",0.175
"power",300,0.2,"Gifi princals",0.72
"power",300,0.2,"ordpp linear",0.305
"power",300,0.2,"ordpp common",0.5
"power",300,0.2,"ordpp item",0.025
"power",300,0.2,"PCA, equal scores",0.245
"power",300,0.2,"Polychoric PCA",0.2
"power",300,0.2,"Gifi princals",0.31
"power",300,0.2,"ordpp linear",0.955
"power",300,0.2,"ordpp common",0.975
"power",300,0.2,"ordpp item",0.775
"power",300,0.2,"PCA, equal scores",0.4
"power",300,0.2,"Polychoric PCA",0.54
"power",300,0.2,"Gifi princals",0.515
"power",300,0.2,"ordpp linear",0.635
"power",300,0.2,"ordpp common",0.71
"power",300,0.2,"ordpp item",0.415
"power",300,0.2,"PCA, equal scores",0.52
"power",300,0.2,"Polychoric PCA",0.4
"power",300,0.2,"Gifi princals",0.45
"power",300,0.2,"ordpp linear",0.25
"power",300,0.2,"ordpp common",0.105
"power",300,0.2,"ordpp item",0.55
"power",300,0.2,"PCA, equal scores",0.84
"power",300,0.2,"Polychoric PCA",0.86
"power",300,0.2,"Gifi princals",0.305
"power",300,0.2,"ordpp linear",0.785
"power",300,0.2,"ordpp common",0.79
"power",300,0.2,"ordpp item",0.74
"power",300,0.2,"PCA, equal scores",0.695
"power",300,0.2,"Polychoric PCA",0.75
"power",300,0.2,"Gifi princals",0.905
"power",300,0.2,"ordpp linear",0.545
"power",300,0.2,"ordpp common",0.785
"power",300,0.2,"ordpp item",0.445
"power",300,0.2,"PCA, equal scores",0.845
"power",300,0.2,"Polychoric PCA",0.89
"power",300,0.2,"Gifi princals",0.17
"power",300,0.2,"ordpp linear",0.99
"power",300,0.2,"ordpp common",0.975
"power",300,0.2,"ordpp item",0.24
"power",300,0.2,"PCA, equal scores",0.1
"power",300,0.2,"Polychoric PCA",0.095
"power",300,0.2,"Gifi princals",0.735
"power",300,0.2,"ordpp linear",0.94
"power",300,0.2,"ordpp common",0.745
"power",300,0.2,"ordpp item",0.865
"power",300,0.2,"PCA, equal scores",0.92
"power",300,0.2,"Polychoric PCA",0.955
"power",300,0.2,"Gifi princals",0.77
"power",300,0.2,"ordpp linear",0.605
"power",300,0.2,"ordpp common",0.505
"power",300,0.2,"ordpp item",0.335
"power",300,0.2,"PCA, equal scores",0.685
"power",300,0.2,"Polychoric PCA",0.71
"power",300,0.2,"Gifi princals",0.475
"power",300,0.2,"ordpp linear",0.28
"power",300,0.2,"ordpp common",0.355
"power",300,0.2,"ordpp item",0.345
"power",300,0.2,"PCA, equal scores",0.035
"power",300,0.2,"Polychoric PCA",0.025
"power",300,0.2,"Gifi princals",0.155
"power",300,0.2,"ordpp linear",0.26
"power",300,0.2,"ordpp common",0.175
"power",300,0.2,"ordpp item",0.835
"power",300,0.2,"PCA, equal scores",0.015
"power",300,0.2,"Polychoric PCA",0.01
"power",300,0.2,"Gifi princals",0.06
"power",300,0.2,"ordpp linear",0.29
"power",300,0.2,"ordpp common",0.185
"power",300,0.2,"ordpp item",0.005
"power",300,0.2,"PCA, equal scores",0.18
"power",300,0.2,"Polychoric PCA",0.085
"power",300,0.2,"Gifi princals",0.545
"power",300,0.2,"ordpp linear",0.12
"power",300,0.2,"ordpp common",0.085
"power",300,0.2,"ordpp item",0.31
"power",300,0.2,"PCA, equal scores",0.05
"power",300,0.2,"Polychoric PCA",0.075
"power",300,0.2,"Gifi princals",0.8
"power",300,0.2,"ordpp linear",0.59
"power",300,0.2,"ordpp common",0.92
"power",300,0.2,"ordpp item",1
"power",300,0.2,"PCA, equal scores",0.955
"power",300,0.2,"Polychoric PCA",0.58
"power",300,0.2,"Gifi princals",0.325
"power",300,0.2,"ordpp linear",0.35
"power",300,0.2,"ordpp common",0.275
"power",300,0.2,"ordpp item",0.015
"power",300,0.2,"PCA, equal scores",0.05
"power",300,0.2,"Polychoric PCA",0.09
"power",300,0.2,"Gifi princals",0.065
"power",300,0.2,"ordpp linear",0.095
"power",300,0.2,"ordpp common",0.145
"power",300,0.2,"ordpp item",0.095
"power",300,0.2,"PCA, equal scores",0.235
"power",300,0.2,"Polychoric PCA",0.25
"power",300,0.2,"Gifi princals",0.21
"power",300,0.2,"ordpp linear",0.265
"power",300,0.2,"ordpp common",0.245
"power",300,0.2,"ordpp item",0.575
"power",300,0.2,"PCA, equal scores",0.935
"power",300,0.2,"Polychoric PCA",0.79
"power",300,0.2,"Gifi princals",0.52
"power",300,0.2,"ordpp linear",0.35
"power",300,0.2,"ordpp common",0.38
"power",300,0.2,"ordpp item",0.885
"power",300,0.2,"PCA, equal scores",0.92
"power",300,0.2,"Polychoric PCA",0.9
"power",300,0.2,"Gifi princals",0.955
"power",300,0.2,"ordpp linear",0.16
"power",300,0.2,"ordpp common",0.08
"power",300,0.2,"ordpp item",0.84
"power",300,0.2,"PCA, equal scores",0.2
"power",300,0.2,"Polychoric PCA",0.03
"power",300,0.2,"Gifi princals",0.195
"power",300,0.2,"ordpp linear",0.62
"power",300,0.2,"ordpp common",0.7
"power",300,0.2,"ordpp item",0.9
"power",300,0.2,"PCA, equal scores",0.17
"power",300,0.2,"Polychoric PCA",0.13
"power",300,0.2,"Gifi princals",0.065
"power",300,0.2,"ordpp linear",0.295
"power",300,0.2,"ordpp common",0.475
"power",300,0.2,"ordpp item",0.7
"power",300,0.2,"PCA, equal scores",0.65
"power",300,0.2,"Polychoric PCA",0.61
"power",300,0.2,"Gifi princals",0.215
"power",300,0.2,"ordpp linear",0.345
"power",300,0.2,"ordpp common",0.4
"power",300,0.2,"ordpp item",0.65
"power",300,0.2,"PCA, equal scores",0.235
"power",300,0.2,"Polychoric PCA",0.205
"power",300,0.2,"Gifi princals",0.075
"power",300,0.2,"ordpp linear",0.33
"power",300,0.2,"ordpp common",0.29
"power",300,0.2,"ordpp item",0.475
"power",300,0.2,"PCA, equal scores",0.305
"power",300,0.2,"Polychoric PCA",0.45
"power",300,0.2,"Gifi princals",0.685
"power",300,0.2,"ordpp linear",0.5
"power",300,0.2,"ordpp common",0.33
"power",300,0.2,"ordpp item",0.35
"power",300,0.2,"PCA, equal scores",0.23
"power",300,0.2,"Polychoric PCA",0.265
"power",300,0.2,"Gifi princals",0.245
"power",300,0.2,"ordpp linear",0.575
"power",300,0.2,"ordpp common",0.035
"power",300,0.2,"ordpp item",0.575
"power",300,0.2,"PCA, equal scores",0.835
"power",300,0.2,"Polychoric PCA",0.555
"power",300,0.2,"Gifi princals",0.675
"power",300,0.2,"ordpp linear",0.345
"power",300,0.2,"ordpp common",0.735
"power",300,0.2,"ordpp item",0.585
"power",300,0.2,"PCA, equal scores",0.375
"power",300,0.2,"Polychoric PCA",0.545
"power",300,0.2,"Gifi princals",0.51
"power",300,0.2,"ordpp linear",0.245
"power",300,0.2,"ordpp common",0.245
"power",300,0.2,"ordpp item",0.3
"power",300,0.2,"PCA, equal scores",0.82
"power",300,0.2,"Polychoric PCA",0.71
"power",300,0.2,"Gifi princals",0.915
"power",300,0.2,"ordpp linear",0.03
"power",300,0.2,"ordpp common",0.04
"power",300,0.2,"ordpp item",0.145
"power",300,0.2,"PCA, equal scores",0.105
"power",300,0.2,"Polychoric PCA",0.115
"power",300,0.2,"Gifi princals",0.475
"power",300,0.2,"ordpp linear",0.12
"power",300,0.2,"ordpp common",0.37
"power",300,0.2,"ordpp item",0.44
"power",300,0.2,"PCA, equal scores",0.435
"power",300,0.2,"Polychoric PCA",0.425
"power",300,0.2,"Gifi princals",0.255
"power",300,0.2,"ordpp linear",0.28
"power",300,0.2,"ordpp common",0.285
"power",300,0.2,"ordpp item",0.18
"power",300,0.2,"PCA, equal scores",0.32
"power",300,0.2,"Polychoric PCA",0.21
"power",300,0.2,"Gifi princals",0.035
"power",300,0.2,"ordpp linear",0.025
"power",300,0.2,"ordpp common",0.145
"power",300,0.2,"ordpp item",0.03
"power",300,0.2,"PCA, equal scores",0.02
"power",300,0.2,"Polychoric PCA",0.015
"power",300,0.2,"Gifi princals",0.09
"power",300,0.2,"ordpp linear",0.11
"power",300,0.2,"ordpp common",0.12
"power",300,0.2,"ordpp item",0.365
"power",300,0.2,"PCA, equal scores",0.395
"power",300,0.2,"Polychoric PCA",0.375
"power",300,0.2,"Gifi princals",0.445
"power",300,0.2,"ordpp linear",0.4
"power",300,0.2,"ordpp common",0.685
"power",300,0.2,"ordpp item",0.945
"power",300,0.2,"PCA, equal scores",0.145
"power",300,0.2,"Polychoric PCA",0.155
"power",300,0.2,"Gifi princals",0.275
"power",300,0.2,"ordpp linear",0.65
"power",300,0.2,"ordpp common",0.635
"power",300,0.2,"ordpp item",0.36
"power",300,0.2,"PCA, equal scores",0.355
"power",300,0.2,"Polychoric PCA",0.47
"power",300,0.2,"Gifi princals",0.86
"power",300,0.2,"ordpp linear",0.125
"power",300,0.2,"ordpp common",0.075
"power",300,0.2,"ordpp item",0.07
"power",300,0.2,"PCA, equal scores",0.21
"power",300,0.2,"Polychoric PCA",0.085
"power",300,0.2,"Gifi princals",0.555
"power",300,0.2,"ordpp linear",0.98
"power",300,0.2,"ordpp common",0.385
"power",300,0.2,"ordpp item",0.175
"power",300,0.2,"PCA, equal scores",0.62
"power",300,0.2,"Polychoric PCA",0.32
"power",300,0.2,"Gifi princals",0.2
"power",300,0.2,"ordpp linear",0.335
"power",300,0.2,"ordpp common",0.975
"power",300,0.2,"ordpp item",0.915
"power",300,0.2,"PCA, equal scores",0.47
"power",300,0.2,"Polychoric PCA",0.565
"power",300,0.2,"Gifi princals",0.345
"power",300,0.2,"ordpp linear",0.96
"power",300,0.2,"ordpp common",0.94
"power",300,0.2,"ordpp item",0.66
"power",300,0.2,"PCA, equal scores",0.865
"power",300,0.2,"Polychoric PCA",0.89
"power",300,0.2,"Gifi princals",0.53
"power",300,0.2,"ordpp linear",0.445
"power",300,0.2,"ordpp common",0.3
"power",300,0.2,"ordpp item",0.53
"power",300,0.2,"PCA, equal scores",0.22
"power",300,0.2,"Polychoric PCA",0.14
"power",300,0.2,"Gifi princals",0.085
"power",300,0.2,"ordpp linear",0.73
"power",300,0.2,"ordpp common",0.605
"power",300,0.2,"ordpp item",0.62
"power",300,0.2,"PCA, equal scores",0.295
"power",300,0.2,"Polychoric PCA",0.59
"power",300,0.2,"Gifi princals",0.46
"power",300,0.2,"ordpp linear",0.355
"power",300,0.2,"ordpp common",1
"power",300,0.2,"ordpp item",0.875
"power",300,0.2,"PCA, equal scores",0.77
"power",300,0.2,"Polychoric PCA",0.585
"power",300,0.2,"Gifi princals",0.53
"power",300,0.2,"ordpp linear",0.085
"power",300,0.2,"ordpp common",0.095
"power",300,0.2,"ordpp item",0.18
"power",300,0.2,"PCA, equal scores",0.335
"power",300,0.2,"Polychoric PCA",0.36
"power",300,0.2,"Gifi princals",0.235
"power",300,0.2,"ordpp linear",0.46
"power",300,0.2,"ordpp common",0.59
"power",300,0.2,"ordpp item",0.77
"power",300,0.2,"PCA, equal scores",0.245
"power",300,0.2,"Polychoric PCA",0.235
"power",300,0.2,"Gifi princals",0.4
"power",300,0.2,"ordpp linear",0.49
"power",300,0.2,"ordpp common",0.745
"power",300,0.2,"ordpp item",0.65
"power",300,0.2,"PCA, equal scores",0.78
"power",300,0.2,"Polychoric PCA",0.605
"power",300,0.2,"Gifi princals",0.47
"power",300,0.2,"ordpp linear",0.515
"power",300,0.2,"ordpp common",0.885
"power",300,0.2,"ordpp item",0.15
"power",300,0.2,"PCA, equal scores",0.29
"power",300,0.2,"Polychoric PCA",0.245
"power",300,0.2,"Gifi princals",0.555
"power",300,0.2,"ordpp linear",0.85
"power",300,0.2,"ordpp common",0.65
"power",300,0.2,"ordpp item",0.285
"power",300,0.2,"PCA, equal scores",0.16
"power",300,0.2,"Polychoric PCA",0.115
"power",300,0.2,"Gifi princals",0.82
"power",300,0.2,"ordpp linear",0.105
"power",300,0.2,"ordpp common",0.305
"power",300,0.2,"ordpp item",0.48
"power",300,0.2,"PCA, equal scores",0.31
"power",300,0.2,"Polychoric PCA",0.32
"power",300,0.2,"Gifi princals",0.105
"power",300,0.2,"ordpp linear",0.925
"power",300,0.2,"ordpp common",0.82
"power",300,0.2,"ordpp item",0.655
"power",300,0.2,"PCA, equal scores",0.41
"power",300,0.2,"Polychoric PCA",0.32
"power",300,0.2,"Gifi princals",0.15
"power",300,0.2,"ordpp linear",0.39
"power",300,0.2,"ordpp common",0.45
"power",300,0.2,"ordpp item",0.69
"power",300,0.2,"PCA, equal scores",0.925
"power",300,0.2,"Polychoric PCA",0.965
"power",300,0.2,"Gifi princals",0.47
"power",300,0.2,"ordpp linear",0.32
"power",300,0.2,"ordpp common",0.97
"power",300,0.2,"ordpp item",0.775
"power",300,0.2,"PCA, equal scores",0.365
"power",300,0.2,"Polychoric PCA",0.64
"power",300,0.2,"Gifi princals",0.51
"power",300,0.2,"ordpp linear",0.105
"power",300,0.2,"ordpp common",0.12
"power",300,0.2,"ordpp item",0.395
"power",300,0.2,"PCA, equal scores",0.98
"power",300,0.2,"Polychoric PCA",0.98
"power",300,0.2,"Gifi princals",0.025
"power",300,0.2,"ordpp linear",0.835
"power",300,0.2,"ordpp common",0.865
"power",300,0.2,"ordpp item",0.98
"power",300,0.2,"PCA, equal scores",0.84
"power",300,0.2,"Polychoric PCA",0.77
"power",300,0.2,"Gifi princals",0.17
"power",300,0.2,"ordpp linear",0.185
"power",300,0.2,"ordpp common",0.19
"power",300,0.2,"ordpp item",0.48
"power",300,0.2,"PCA, equal scores",0.115
"power",300,0.2,"Polychoric PCA",0.085
"power",300,0.2,"Gifi princals",0.625
"power",300,0.2,"ordpp linear",0.27
"power",300,0.2,"ordpp common",0.375
"power",300,0.2,"ordpp item",0.925
"power",300,0.2,"PCA, equal scores",0.165
"power",300,0.2,"Polychoric PCA",0.265
"power",300,0.2,"Gifi princals",0.905
"power",300,0.2,"ordpp linear",0.7
"power",300,0.2,"ordpp common",0.405
"power",300,0.2,"ordpp item",0.975
"power",300,0.2,"PCA, equal scores",0.67
"power",300,0.2,"Polychoric PCA",0.535
"power",300,0.2,"Gifi princals",0.875
"power",300,0.2,"ordpp linear",0.305
"power",300,0.2,"ordpp common",0.395
"power",300,0.2,"ordpp item",0.765
"power",300,0.2,"PCA, equal scores",0.975
"power",300,0.2,"Polychoric PCA",0.905
"power",300,0.2,"Gifi princals",0.915
"power",300,0.2,"ordpp linear",0.74
"power",300,0.2,"ordpp common",0.485
"power",300,0.2,"ordpp item",0.4
"power",300,0.2,"PCA, equal scores",0.25
"power",300,0.2,"Polychoric PCA",0.115
"power",300,0.2,"Gifi princals",0.855
"power",300,0.2,"ordpp linear",0.005
"power",300,0.2,"ordpp common",0.7
"power",300,0.2,"ordpp item",0.145
"power",300,0.2,"PCA, equal scores",0.27
"power",300,0.2,"Polychoric PCA",0.395
"power",300,0.2,"Gifi princals",0.77
"power",300,0.2,"ordpp linear",0.4
"power",300,0.2,"ordpp common",0.485
"power",300,0.2,"ordpp item",0.45
"power",300,0.2,"PCA, equal scores",0.565
"power",300,0.2,"Polychoric PCA",0.8
"power",300,0.2,"Gifi princals",0.95
"power",300,0.2,"ordpp linear",0.445
"power",300,0.2,"ordpp common",0.365
"power",300,0.2,"ordpp item",0.645
"power",300,0.2,"PCA, equal scores",0.725
"power",300,0.2,"Polychoric PCA",0.93
"power",300,0.2,"Gifi princals",0.29
"power",300,0.2,"ordpp linear",0.13
"power",300,0.2,"ordpp common",0.085
"power",300,0.2,"ordpp item",0.15
"power",300,0.2,"PCA, equal scores",0.25
"power",300,0.2,"Polychoric PCA",0.485
"power",300,0.2,"Gifi princals",0.865
"power",300,0.2,"ordpp linear",0.7
"power",300,0.2,"ordpp common",0.855
"power",300,0.2,"ordpp item",0.205
"power",300,0.2,"PCA, equal scores",0.425
"power",300,0.2,"Polychoric PCA",0.59
"power",300,0.2,"Gifi princals",0.035
"power",300,0.2,"ordpp linear",0.44
"power",300,0.2,"ordpp common",0.495
"power",300,0.2,"ordpp item",0.88
"power",300,0.2,"PCA, equal scores",0.515
"power",300,0.2,"Polychoric PCA",0.445
"power",300,0.2,"Gifi princals",0.04
"power",300,0.2,"ordpp linear",0.805
"power",300,0.2,"ordpp common",0.815
"power",300,0.2,"ordpp item",0.555
"power",300,0.2,"PCA, equal scores",0.06
"power",300,0.2,"Polychoric PCA",0.04
"power",300,0.2,"Gifi princals",0.48
"power",300,0.2,"ordpp linear",0.475
"power",300,0.2,"ordpp common",0.625
"power",300,0.2,"ordpp item",0.87
"power",300,0.2,"PCA, equal scores",0.325
"power",300,0.2,"Polychoric PCA",0.24
"power",300,0.2,"Gifi princals",0.015
"power",300,0.2,"ordpp linear",0.025
"power",300,0.2,"ordpp common",0.01
"power",300,0.2,"ordpp item",0.97
"power",300,0.2,"PCA, equal scores",0.235
"power",300,0.2,"Polychoric PCA",0.405
"power",300,0.2,"Gifi princals",0.925
"power",300,0.2,"ordpp linear",0.21
"power",300,0.2,"ordpp common",0.315
"power",300,0.2,"ordpp item",0.465
"power",300,0.2,"PCA, equal scores",0.56
"power",300,0.2,"Polychoric PCA",0.445
"power",300,0.2,"Gifi princals",0.615
"power",300,0.2,"ordpp linear",0.46
"power",300,0.2,"ordpp common",0.81
"power",300,0.2,"ordpp item",0.29
"power",300,0.2,"PCA, equal scores",0.8
"power",300,0.2,"Polychoric PCA",0.63
"power",300,0.2,"Gifi princals",0.375
"power",300,0.2,"ordpp linear",0.805
"power",300,0.2,"ordpp common",0.695
"power",300,0.2,"ordpp item",0.51
"power",300,0.2,"PCA, equal scores",0.525
"power",300,0.2,"Polychoric PCA",0.445
"power",300,0.2,"Gifi princals",0.23
"power",300,0.2,"ordpp linear",0.22
"power",300,0.2,"ordpp common",0.27
"power",300,0.2,"ordpp item",0.405
"power",300,0.2,"PCA, equal scores",0.345
"power",300,0.2,"Polychoric PCA",0.255
"power",300,0.2,"Gifi princals",0.335
"power",300,0.2,"ordpp linear",0.245
"power",300,0.2,"ordpp common",0.35
"power",300,0.2,"ordpp item",0.16
"power",300,0.2,"PCA, equal scores",0.415
"power",300,0.2,"Polychoric PCA",0.505
"power",300,0.2,"Gifi princals",0.88
"power",300,0.2,"ordpp linear",0.085
"power",300,0.2,"ordpp common",0.105
"power",300,0.2,"ordpp item",0.105
"power",300,0.2,"PCA, equal scores",0.215
"power",300,0.2,"Polychoric PCA",0.435
"power",300,0.2,"Gifi princals",0.84
"power",300,0.2,"ordpp linear",0.535
"power",300,0.2,"ordpp common",0.55
"power",300,0.2,"ordpp item",0.01
"power",300,0.2,"PCA, equal scores",0.45
"power",300,0.2,"Polychoric PCA",0.615
"power",300,0.2,"Gifi princals",0.07
"power",300,0.2,"ordpp linear",0.95
"power",300,0.2,"ordpp common",0.745
"power",300,0.2,"ordpp item",0.47
"power",300,0.2,"PCA, equal scores",0.925
"power",300,0.2,"Polychoric PCA",0.91
"power",300,0.2,"Gifi princals",0.465
"power",300,0.2,"ordpp linear",0.745
"power",300,0.2,"ordpp common",0.895
"power",300,0.2,"ordpp item",0.815
"power",300,0.2,"PCA, equal scores",0.885
"power",300,0.2,"Polychoric PCA",0.78
"power",300,0.2,"Gifi princals",0.205
"power",300,0.2,"ordpp linear",0.68
"power",300,0.2,"ordpp common",0.89
"power",300,0.2,"ordpp item",0.845
"power",300,0.2,"PCA, equal scores",0.61
"power",300,0.2,"Polychoric PCA",0.675
"power",300,0.2,"Gifi princals",0.315
"power",300,0.2,"ordpp linear",0.625
"power",300,0.2,"ordpp common",0.515
"power",300,0.2,"ordpp item",0.78
"power",300,0.2,"PCA, equal scores",0.89
"power",300,0.2,"Polychoric PCA",0.85
"power",300,0.2,"Gifi princals",0.48
"power",300,0.2,"ordpp linear",0.16
"power",300,0.2,"ordpp common",0.42
"power",300,0.2,"ordpp item",0.74
"power",300,0.2,"PCA, equal scores",0.29
"power",300,0.2,"Polychoric PCA",0.27
"power",300,0.2,"Gifi princals",0.99
"power",300,0.2,"ordpp linear",0.17
"power",300,0.2,"ordpp common",0.145
"power",300,0.2,"ordpp item",0.475
"power",300,0.2,"PCA, equal scores",0.705
"power",300,0.2,"Polychoric PCA",0.585
"power",300,0.2,"Gifi princals",0.6
"power",300,0.2,"ordpp linear",0.405
"power",300,0.2,"ordpp common",0.415
"power",300,0.2,"ordpp item",0.06
"power",300,0.2,"PCA, equal scores",0.19
"power",300,0.2,"Polychoric PCA",0.17
"power",300,0.2,"Gifi princals",0.78
"power",300,0.2,"ordpp linear",0.49
"power",300,0.2,"ordpp common",0.18
"power",300,0.2,"ordpp item",0.72
"power",300,0.2,"PCA, equal scores",0.595
"power",300,0.2,"Polychoric PCA",0.42
"power",300,0.2,"Gifi princals",0.305
"power",300,0.2,"ordpp linear",0.18
"power",300,0.2,"ordpp common",0.175
"power",300,0.2,"ordpp item",0.05
"power",300,0.2,"PCA, equal scores",0.155
"power",300,0.2,"Polychoric PCA",0.15
"power",300,0.2,"Gifi princals",0.765
"power",300,0.2,"ordpp linear",0.05
"power",300,0.2,"ordpp common",0.27
"power",300,0.2,"ordpp item",0.35
"power",300,0.2,"PCA, equal scores",0.44
"power",300,0.2,"Polychoric PCA",0.555
"power",300,0.2,"Gifi princals",0.275
"power",300,0.2,"ordpp linear",0.665
"power",300,0.2,"ordpp common",0.89
"power",300,0.2,"ordpp item",0.87
"power",300,0.2,"PCA, equal scores",0.295
"power",300,0.2,"Polychoric PCA",0.025
"power",300,0.2,"Gifi princals",0.915
"power",300,0.2,"ordpp linear",0.425
"power",300,0.2,"ordpp common",0.665
"power",300,0.2,"ordpp item",0.045
"power",300,0.2,"PCA, equal scores",0.735
"power",300,0.2,"Polychoric PCA",0.675
"power",300,0.2,"Gifi princals",0.25
"power",300,0.2,"ordpp linear",0.64
"power",300,0.2,"ordpp common",0.63
"power",300,0.2,"ordpp item",0.685
"power",300,0.2,"PCA, equal scores",0.44
"power",300,0.2,"Polychoric PCA",0.585
"power",300,0.2,"Gifi princals",0.41
"power",300,0.2,"ordpp linear",0.24
"power",300,0.2,"ordpp common",0.005
"power",300,0.2,"ordpp item",0.5
"power",300,0.2,"PCA, equal scores",0.05
"power",300,0.2,"Polychoric PCA",0.035
"power",300,0.2,"Gifi princals",0.03
"power",300,0.2,"ordpp linear",0.05
"power",300,0.2,"ordpp common",0.05
"power",300,0.2,"ordpp item",0.205
"power",300,0.2,"PCA, equal scores",0.195
"power",300,0.2,"Polychoric PCA",0.14
"power",300,0.2,"Gifi princals",0.555
"power",300,0.2,"ordpp linear",0.365
"power",300,0.2,"ordpp common",0.22
"power",300,0.2,"ordpp item",0.365
"power",300,0.2,"PCA, equal scores",0.965
"power",300,0.2,"Polychoric PCA",0.875
"power",300,0.2,"Gifi princals",0.83
"power",300,0.2,"ordpp linear",0.255
"power",300,0.2,"ordpp common",0.275
"power",300,0.2,"ordpp item",0.18
"power",300,0.2,"PCA, equal scores",0.34
"power",300,0.2,"Polychoric PCA",0.205
"power",300,0.2,"Gifi princals",0.275
"power",300,0.2,"ordpp linear",0.345
"power",300,0.2,"ordpp common",0.41
"power",300,0.2,"ordpp item",0.04
"power",300,0.2,"PCA, equal scores",0.15
"power",300,0.2,"Polychoric PCA",0.15
"power",300,0.2,"Gifi princals",0.205
"power",300,0.2,"ordpp linear",0.24
"power",300,0.2,"ordpp common",0.155
"power",300,0.2,"ordpp item",0.095
"power",300,0.2,"PCA, equal scores",0.22
"power",300,0.2,"Polychoric PCA",0.365
"power",300,0.2,"Gifi princals",0.525
"power",300,0.2,"ordpp linear",0.79
"power",300,0.2,"ordpp common",0.385
"power",300,0.2,"ordpp item",0.38
"power",300,0.2,"PCA, equal scores",0.46
"power",300,0.2,"Polychoric PCA",0.535
"power",300,0.2,"Gifi princals",0.975
"power",300,0.2,"ordpp linear",0.08
"power",300,0.2,"ordpp common",0.11
"power",300,0.2,"ordpp item",0.065
"power",300,0.2,"PCA, equal scores",0.08
"power",300,0.2,"Polychoric PCA",0.1
"power",300,0.2,"Gifi princals",0.455
"power",300,0.2,"ordpp linear",0.88
"power",300,0.2,"ordpp common",0.625
"power",300,0.2,"ordpp item",0.295
"power",300,0.2,"PCA, equal scores",0.205
"power",300,0.2,"Polychoric PCA",0.03
"power",300,0.2,"Gifi princals",0.11
"power",300,0.3,"ordpp linear",0.035
"power",300,0.3,"ordpp common",0.035
"power",300,0.3,"ordpp item",0.13
"power",300,0.3,"PCA, equal scores",0.225
"power",300,0.3,"Polychoric PCA",0.25
"power",300,0.3,"Gifi princals",0.425
"power",300,0.3,"ordpp linear",0.06
"power",300,0.3,"ordpp common",0.11
"power",300,0.3,"ordpp item",0.105
"power",300,0.3,"PCA, equal scores",0.135
"power",300,0.3,"Polychoric PCA",0.035
"power",300,0.3,"Gifi princals",0.655
"power",300,0.3,"ordpp linear",0.075
"power",300,0.3,"ordpp common",0.115
"power",300,0.3,"ordpp item",0.765
"power",300,0.3,"PCA, equal scores",0.065
"power",300,0.3,"Polychoric PCA",0.045
"power",300,0.3,"Gifi princals",0.455
"power",300,0.3,"ordpp linear",0.03
"power",300,0.3,"ordpp common",0.03
"power",300,0.3,"ordpp item",0.01
"power",300,0.3,"PCA, equal scores",0.02
"power",300,0.3,"Polychoric PCA",0.015
"power",300,0.3,"Gifi princals",0.01
"power",300,0.3,"ordpp linear",0.48
"power",300,0.3,"ordpp common",0.65
"power",300,0.3,"ordpp item",0.375
"power",300,0.3,"PCA, equal scores",0.07
"power",300,0.3,"Polychoric PCA",0.085
"power",300,0.3,"Gifi princals",0.62
"power",300,0.3,"ordpp linear",0.135
"power",300,0.3,"ordpp common",0.035
"power",300,0.3,"ordpp item",0.01
"power",300,0.3,"PCA, equal scores",0.01
"power",300,0.3,"Polychoric PCA",0.01
"power",300,0.3,"Gifi princals",0.43
"power",300,0.3,"ordpp linear",0.155
"power",300,0.3,"ordpp common",0.25
"power",300,0.3,"ordpp item",0.225
"power",300,0.3,"PCA, equal scores",0.005
"power",300,0.3,"Polychoric PCA",0.005
"power",300,0.3,"Gifi princals",0.685
"power",300,0.3,"ordpp linear",0.01
"power",300,0.3,"ordpp common",0.005
"power",300,0.3,"ordpp item",0.04
"power",300,0.3,"PCA, equal scores",0.015
"power",300,0.3,"Polychoric PCA",0.02
"power",300,0.3,"Gifi princals",0.59
"power",300,0.3,"ordpp linear",0.915
"power",300,0.3,"ordpp common",0.885
"power",300,0.3,"ordpp item",1
"power",300,0.3,"PCA, equal scores",0.675
"power",300,0.3,"Polychoric PCA",0.665
"power",300,0.3,"Gifi princals",0.165
"power",300,0.3,"ordpp linear",0.435
"power",300,0.3,"ordpp common",0.85
"power",300,0.3,"ordpp item",0.33
"power",300,0.3,"PCA, equal scores",0.06
"power",300,0.3,"Polychoric PCA",0.05
"power",300,0.3,"Gifi princals",0.485
"power",300,0.3,"ordpp linear",0.005
"power",300,0.3,"ordpp common",0.005
"power",300,0.3,"ordpp item",0.005
"power",300,0.3,"PCA, equal scores",0.005
"power",300,0.3,"Polychoric PCA",0.005
"power",300,0.3,"Gifi princals",0.08
"power",300,0.3,"ordpp linear",0.23
"power",300,0.3,"ordpp common",0.175
"power",300,0.3,"ordpp item",0.095
"power",300,0.3,"PCA, equal scores",0.015
"power",300,0.3,"Polychoric PCA",0.01
"power",300,0.3,"Gifi princals",0.755
"power",300,0.3,"ordpp linear",0.22
"power",300,0.3,"ordpp common",0.23
"power",300,0.3,"ordpp item",0.025
"power",300,0.3,"PCA, equal scores",0.03
"power",300,0.3,"Polychoric PCA",0.05
"power",300,0.3,"Gifi princals",0.29
"power",300,0.3,"ordpp linear",0.25
"power",300,0.3,"ordpp common",0.095
"power",300,0.3,"ordpp item",0.065
"power",300,0.3,"PCA, equal scores",0.25
"power",300,0.3,"Polychoric PCA",0.405
"power",300,0.3,"Gifi princals",0.02
"power",300,0.3,"ordpp linear",0.15
"power",300,0.3,"ordpp common",0.275
"power",300,0.3,"ordpp item",0.28
"power",300,0.3,"PCA, equal scores",0.41
"power",300,0.3,"Polychoric PCA",0.42
"power",300,0.3,"Gifi princals",0.39
"power",300,0.3,"ordpp linear",0.51
"power",300,0.3,"ordpp common",0.325
"power",300,0.3,"ordpp item",0.08
"power",300,0.3,"PCA, equal scores",0.16
"power",300,0.3,"Polychoric PCA",0.125
"power",300,0.3,"Gifi princals",0.11
"power",300,0.3,"ordpp linear",0.815
"power",300,0.3,"ordpp common",0.915
"power",300,0.3,"ordpp item",0.865
"power",300,0.3,"PCA, equal scores",0.01
"power",300,0.3,"Polychoric PCA",0.005
"power",300,0.3,"Gifi princals",0.005
"power",300,0.3,"ordpp linear",0.02
"power",300,0.3,"ordpp common",0.01
"power",300,0.3,"ordpp item",0.095
"power",300,0.3,"PCA, equal scores",0.005
"power",300,0.3,"Polychoric PCA",0.005
"power",300,0.3,"Gifi princals",0.005
"power",300,0.3,"ordpp linear",0.315
"power",300,0.3,"ordpp common",0.115
"power",300,0.3,"ordpp item",0.075
"power",300,0.3,"PCA, equal scores",0.455
"power",300,0.3,"Polychoric PCA",0.265
"power",300,0.3,"Gifi princals",0.975
"power",300,0.3,"ordpp linear",0.005
"power",300,0.3,"ordpp common",0.005
"power",300,0.3,"ordpp item",0.005
"power",300,0.3,"PCA, equal scores",0.01
"power",300,0.3,"Polychoric PCA",0.01
"power",300,0.3,"Gifi princals",0.02
"power",300,0.3,"ordpp linear",0.025
"power",300,0.3,"ordpp common",0.005
"power",300,0.3,"ordpp item",0.005
"power",300,0.3,"PCA, equal scores",0.015
"power",300,0.3,"Polychoric PCA",0.015
"power",300,0.3,"Gifi princals",0.01
"power",300,0.3,"ordpp linear",0.005
"power",300,0.3,"ordpp common",0.005
"power",300,0.3,"ordpp item",0.005
"power",300,0.3,"PCA, equal scores",0.005
"power",300,0.3,"Polychoric PCA",0.005
"power",300,0.3,"Gifi princals",0.005
"power",300,0.3,"ordpp linear",0.26
"power",300,0.3,"ordpp common",0.265
"power",300,0.3,"ordpp item",0.35
"power",300,0.3,"PCA, equal scores",0.105
"power",300,0.3,"Polychoric PCA",0.1
"power",300,0.3,"Gifi princals",0.025
"power",300,0.3,"ordpp linear",0.04
"power",300,0.3,"ordpp common",0.055
"power",300,0.3,"ordpp item",0.68
"power",300,0.3,"PCA, equal scores",0.015
"power",300,0.3,"Polychoric PCA",0.05
"power",300,0.3,"Gifi princals",0.735
"power",300,0.3,"ordpp linear",0.05
"power",300,0.3,"ordpp common",0.005
"power",300,0.3,"ordpp item",0.17
"power",300,0.3,"PCA, equal scores",0.005
"power",300,0.3,"Polychoric PCA",0.005
"power",300,0.3,"Gifi princals",0.32
"power",300,0.3,"ordpp linear",0.055
"power",300,0.3,"ordpp common",0.055
"power",300,0.3,"ordpp item",0.595
"power",300,0.3,"PCA, equal scores",0.045
"power",300,0.3,"Polychoric PCA",0.025
"power",300,0.3,"Gifi princals",0.235
"power",300,0.3,"ordpp linear",0.39
"power",300,0.3,"ordpp common",0.43
"power",300,0.3,"ordpp item",0.245
"power",300,0.3,"PCA, equal scores",0.78
"power",300,0.3,"Polychoric PCA",0.905
"power",300,0.3,"Gifi princals",0.795
"power",300,0.3,"ordpp linear",0.075
"power",300,0.3,"ordpp common",0.025
"power",300,0.3,"ordpp item",0.035
"power",300,0.3,"PCA, equal scores",0.145
"power",300,0.3,"Polychoric PCA",0.15
"power",300,0.3,"Gifi princals",0.02
"power",300,0.3,"ordpp linear",0.06
"power",300,0.3,"ordpp common",0.04
"power",300,0.3,"ordpp item",0.105
"power",300,0.3,"PCA, equal scores",0.06
"power",300,0.3,"Polychoric PCA",0.07
"power",300,0.3,"Gifi princals",0.29
"power",300,0.3,"ordpp linear",0.385
"power",300,0.3,"ordpp common",0.52
"power",300,0.3,"ordpp item",0.15
"power",300,0.3,"PCA, equal scores",0.02
"power",300,0.3,"Polychoric PCA",0.025
"power",300,0.3,"Gifi princals",0.01
"power",300,0.3,"ordpp linear",0.475
"power",300,0.3,"ordpp common",0.005
"power",300,0.3,"ordpp item",0.005
"power",300,0.3,"PCA, equal scores",0.005
"power",300,0.3,"Polychoric PCA",0.005
"power",300,0.3,"Gifi princals",0.14
"power",300,0.3,"ordpp linear",0.78
"power",300,0.3,"ordpp common",0.81
"power",300,0.3,"ordpp item",0.19
"power",300,0.3,"PCA, equal scores",0.625
"power",300,0.3,"Polychoric PCA",0.73
"power",300,0.3,"Gifi princals",0.025
"power",300,0.3,"ordpp linear",0.635
"power",300,0.3,"ordpp common",0.64
"power",300,0.3,"ordpp item",0.895
"power",300,0.3,"PCA, equal scores",0.845
"power",300,0.3,"Polychoric PCA",0.81
"power",300,0.3,"Gifi princals",0.83
"power",300,0.3,"ordpp linear",0.005
"power",300,0.3,"ordpp common",0.005
"power",300,0.3,"ordpp item",0.005
"power",300,0.3,"PCA, equal scores",0.005
"power",300,0.3,"Polychoric PCA",0.01
"power",300,0.3,"Gifi princals",0.36
"power",300,0.3,"ordpp linear",0.58
"power",300,0.3,"ordpp common",0.625
"power",300,0.3,"ordpp item",0.56
"power",300,0.3,"PCA, equal scores",0.63
"power",300,0.3,"Polychoric PCA",0.515
"power",300,0.3,"Gifi princals",0.845
"power",300,0.3,"ordpp linear",0.015
"power",300,0.3,"ordpp common",0.04
"power",300,0.3,"ordpp item",0.365
"power",300,0.3,"PCA, equal scores",0.005
"power",300,0.3,"Polychoric PCA",0.005
"power",300,0.3,"Gifi princals",0.145
"power",300,0.3,"ordpp linear",0.045
"power",300,0.3,"ordpp common",0.165
"power",300,0.3,"ordpp item",0.29
"power",300,0.3,"PCA, equal scores",0.005
"power",300,0.3,"Polychoric PCA",0.015
"power",300,0.3,"Gifi princals",0.895
"power",300,0.3,"ordpp linear",0.355
"power",300,0.3,"ordpp common",0.28
"power",300,0.3,"ordpp item",0.115
"power",300,0.3,"PCA, equal scores",0.095
"power",300,0.3,"Polychoric PCA",0.06
"power",300,0.3,"Gifi princals",0.5
"power",300,0.3,"ordpp linear",0.175
"power",300,0.3,"ordpp common",0.14
"power",300,0.3,"ordpp item",0.175
"power",300,0.3,"PCA, equal scores",0.03
"power",300,0.3,"Polychoric PCA",0.03
"power",300,0.3,"Gifi princals",0.14
"power",300,0.3,"ordpp linear",0.685
"power",300,0.3,"ordpp common",0.19
"power",300,0.3,"ordpp item",0.105
"power",300,0.3,"PCA, equal scores",0.52
"power",300,0.3,"Polychoric PCA",0.915
"power",300,0.3,"Gifi princals",0.22
"power",300,0.3,"ordpp linear",0.225
"power",300,0.3,"ordpp common",0.31
"power",300,0.3,"ordpp item",0.07
"power",300,0.3,"PCA, equal scores",0.115
"power",300,0.3,"Polychoric PCA",0.12
"power",300,0.3,"Gifi princals",0.135
"power",300,0.3,"ordpp linear",0.02
"power",300,0.3,"ordpp common",0.02
"power",300,0.3,"ordpp item",0.065
"power",300,0.3,"PCA, equal scores",0.02
"power",300,0.3,"Polychoric PCA",0.015
"power",300,0.3,"Gifi princals",0.11
"power",300,0.3,"ordpp linear",0.84
"power",300,0.3,"ordpp common",0.82
"power",300,0.3,"ordpp item",0.58
"power",300,0.3,"PCA, equal scores",0.01
"power",300,0.3,"Polychoric PCA",0.01
"power",300,0.3,"Gifi princals",0.595
"power",300,0.3,"ordpp linear",0.06
"power",300,0.3,"ordpp common",0.05
"power",300,0.3,"ordpp item",0.09
"power",300,0.3,"PCA, equal scores",0.015
"power",300,0.3,"Polychoric PCA",0.03
"power",300,0.3,"Gifi princals",0.07
"power",300,0.3,"ordpp linear",0.75
"power",300,0.3,"ordpp common",0.815
"power",300,0.3,"ordpp item",0.71
"power",300,0.3,"PCA, equal scores",0.315
"power",300,0.3,"Polychoric PCA",0.24
"power",300,0.3,"Gifi princals",0.57
"power",300,0.3,"ordpp linear",0.095
"power",300,0.3,"ordpp common",0.35
"power",300,0.3,"ordpp item",0.275
"power",300,0.3,"PCA, equal scores",0.025
"power",300,0.3,"Polychoric PCA",0.025
"power",300,0.3,"Gifi princals",0.17
"power",300,0.3,"ordpp linear",0.125
"power",300,0.3,"ordpp common",0.485
"power",300,0.3,"ordpp item",0.49
"power",300,0.3,"PCA, equal scores",0.005
"power",300,0.3,"Polychoric PCA",0.005
"power",300,0.3,"Gifi princals",0.505
"power",300,0.3,"ordpp linear",0.19
"power",300,0.3,"ordpp common",0.265
"power",300,0.3,"ordpp item",0.93
"power",300,0.3,"PCA, equal scores",0.87
"power",300,0.3,"Polychoric PCA",0.82
"power",300,0.3,"Gifi princals",0.73
"power",300,0.3,"ordpp linear",0.495
"power",300,0.3,"ordpp common",0.61
"power",300,0.3,"ordpp item",0.85
"power",300,0.3,"PCA, equal scores",0.96
"power",300,0.3,"Polychoric PCA",0.765
"power",300,0.3,"Gifi princals",0.175
"power",300,0.3,"ordpp linear",0.04
"power",300,0.3,"ordpp common",0.03
"power",300,0.3,"ordpp item",0.145
"power",300,0.3,"PCA, equal scores",0.01
"power",300,0.3,"Polychoric PCA",0.015
"power",300,0.3,"Gifi princals",0.105
"power",300,0.3,"ordpp linear",0.295
"power",300,0.3,"ordpp common",0.255
"power",300,0.3,"ordpp item",0.1
"power",300,0.3,"PCA, equal scores",0.495
"power",300,0.3,"Polychoric PCA",0.125
"power",300,0.3,"Gifi princals",0.495
"power",300,0.3,"ordpp linear",0.085
"power",300,0.3,"ordpp common",0.1
"power",300,0.3,"ordpp item",0.015
"power",300,0.3,"PCA, equal scores",0.045
"power",300,0.3,"Polychoric PCA",0.05
"power",300,0.3,"Gifi princals",0.425
"power",300,0.3,"ordpp linear",0.425
"power",300,0.3,"ordpp common",0.185
"power",300,0.3,"ordpp item",0.24
"power",300,0.3,"PCA, equal scores",0.245
"power",300,0.3,"Polychoric PCA",0.25
"power",300,0.3,"Gifi princals",0.23
"power",300,0.3,"ordpp linear",0.02
"power",300,0.3,"ordpp common",0.025
"power",300,0.3,"ordpp item",0.06
"power",300,0.3,"PCA, equal scores",0.015
"power",300,0.3,"Polychoric PCA",0.015
"power",300,0.3,"Gifi princals",0.005
"power",300,0.3,"ordpp linear",0.76
"power",300,0.3,"ordpp common",0.685
"power",300,0.3,"ordpp item",1
"power",300,0.3,"PCA, equal scores",0.86
"power",300,0.3,"Polychoric PCA",0.81
"power",300,0.3,"Gifi princals",0.43
"power",300,0.3,"ordpp linear",0.19
"power",300,0.3,"ordpp common",0.305
"power",300,0.3,"ordpp item",0.08
"power",300,0.3,"PCA, equal scores",0.01
"power",300,0.3,"Polychoric PCA",0.01
"power",300,0.3,"Gifi princals",0.015
"power",300,0.3,"ordpp linear",0.05
"power",300,0.3,"ordpp common",0.035
"power",300,0.3,"ordpp item",0.05
"power",300,0.3,"PCA, equal scores",0.01
"power",300,0.3,"Polychoric PCA",0.01
"power",300,0.3,"Gifi princals",0.02
"power",300,0.3,"ordpp linear",0.295
"power",300,0.3,"ordpp common",0.58
"power",300,0.3,"ordpp item",0.625
"power",300,0.3,"PCA, equal scores",0.16
"power",300,0.3,"Polychoric PCA",0.215
"power",300,0.3,"Gifi princals",0.305
"power",300,0.3,"ordpp linear",0.36
"power",300,0.3,"ordpp common",0.285
"power",300,0.3,"ordpp item",0.625
"power",300,0.3,"PCA, equal scores",0.385
"power",300,0.3,"Polychoric PCA",0.38
"power",300,0.3,"Gifi princals",0.04
"power",300,0.3,"ordpp linear",0.005
"power",300,0.3,"ordpp common",0.01
"power",300,0.3,"ordpp item",0.005
"power",300,0.3,"PCA, equal scores",0.11
"power",300,0.3,"Polychoric PCA",0.035
"power",300,0.3,"Gifi princals",0.03
"power",300,0.3,"ordpp linear",0.815
"power",300,0.3,"ordpp common",0.895
"power",300,0.3,"ordpp item",0.995
"power",300,0.3,"PCA, equal scores",0.11
"power",300,0.3,"Polychoric PCA",0.1
"power",300,0.3,"Gifi princals",0.675
"power",300,0.3,"ordpp linear",0.055
"power",300,0.3,"ordpp common",0.055
"power",300,0.3,"ordpp item",0.015
"power",300,0.3,"PCA, equal scores",0.005
"power",300,0.3,"Polychoric PCA",0.005
"power",300,0.3,"Gifi princals",0.005
"power",300,0.3,"ordpp linear",0.44
"power",300,0.3,"ordpp common",0.43
"power",300,0.3,"ordpp item",0.285
"power",300,0.3,"PCA, equal scores",0.245
"power",300,0.3,"Polychoric PCA",0.17
"power",300,0.3,"Gifi princals",0.125
"power",300,0.3,"ordpp linear",0.005
"power",300,0.3,"ordpp common",0.005
"power",300,0.3,"ordpp item",0.005
"power",300,0.3,"PCA, equal scores",0.005
"power",300,0.3,"Polychoric PCA",0.005
"power",300,0.3,"Gifi princals",0.31
"power",300,0.3,"ordpp linear",0.005
"power",300,0.3,"ordpp common",0.005
"power",300,0.3,"ordpp item",0.005
"power",300,0.3,"PCA, equal scores",0.005
"power",300,0.3,"Polychoric PCA",0.005
"power",300,0.3,"Gifi princals",0.005
"power",300,0.3,"ordpp linear",0.535
"power",300,0.3,"ordpp common",0.74
"power",300,0.3,"ordpp item",0.12
"power",300,0.3,"PCA, equal scores",0.63
"power",300,0.3,"Polychoric PCA",0.51
"power",300,0.3,"Gifi princals",0.455
"power",300,0.3,"ordpp linear",0.625
"power",300,0.3,"ordpp common",0.525
"power",300,0.3,"ordpp item",0.43
"power",300,0.3,"PCA, equal scores",0.425
"power",300,0.3,"Polychoric PCA",0.5
"power",300,0.3,"Gifi princals",0.965
"power",300,0.3,"ordpp linear",0.005
"power",300,0.3,"ordpp common",0.01
"power",300,0.3,"ordpp item",0.005
"power",300,0.3,"PCA, equal scores",0.01
"power",300,0.3,"Polychoric PCA",0.015
"power",300,0.3,"Gifi princals",0.93
"power",300,0.3,"ordpp linear",0.195
"power",300,0.3,"ordpp common",0.53
"power",300,0.3,"ordpp item",0.05
"power",300,0.3,"PCA, equal scores",0.29
"power",300,0.3,"Polychoric PCA",0.335
"power",300,0.3,"Gifi princals",0.875
"power",300,0.3,"ordpp linear",0.965
"power",300,0.3,"ordpp common",0.815
"power",300,0.3,"ordpp item",0.63
"power",300,0.3,"PCA, equal scores",0.08
"power",300,0.3,"Polychoric PCA",0.05
"power",300,0.3,"Gifi princals",0.115
"power",300,0.3,"ordpp linear",0.055
"power",300,0.3,"ordpp common",0.18
"power",300,0.3,"ordpp item",0.14
"power",300,0.3,"PCA, equal scores",0.16
"power",300,0.3,"Polychoric PCA",0.12
"power",300,0.3,"Gifi princals",0.04
"power",300,0.3,"ordpp linear",0.515
"power",300,0.3,"ordpp common",0.48
"power",300,0.3,"ordpp item",0.33
"power",300,0.3,"PCA, equal scores",0.015
"power",300,0.3,"Polychoric PCA",0.015
"power",300,0.3,"Gifi princals",0.105
"power",300,0.3,"ordpp linear",0.28
"power",300,0.3,"ordpp common",0.37
"power",300,0.3,"ordpp item",0.22
"power",300,0.3,"PCA, equal scores",0.54
"power",300,0.3,"Polychoric PCA",0.36
"power",300,0.3,"Gifi princals",0.425
"power",300,0.3,"ordpp linear",0.12
"power",300,0.3,"ordpp common",0.11
"power",300,0.3,"ordpp item",0.175
"power",300,0.3,"PCA, equal scores",0.315
"power",300,0.3,"Polychoric PCA",0.06
"power",300,0.3,"Gifi princals",0.915
"power",300,0.3,"ordpp linear",0.015
"power",300,0.3,"ordpp common",0.02
"power",300,0.3,"ordpp item",0.03
"power",300,0.3,"PCA, equal scores",0.005
"power",300,0.3,"Polychoric PCA",0.005
"power",300,0.3,"Gifi princals",0.66
"power",300,0.3,"ordpp linear",0.065
"power",300,0.3,"ordpp common",0.075
"power",300,0.3,"ordpp item",0.285
"power",300,0.3,"PCA, equal scores",0.03
"power",300,0.3,"Polychoric PCA",0.01
"power",300,0.3,"Gifi princals",0.63
"power",300,0.3,"ordpp linear",0.005
"power",300,0.3,"ordpp common",0.005
"power",300,0.3,"ordpp item",0.015
"power",300,0.3,"PCA, equal scores",0.005
"power",300,0.3,"Polychoric PCA",0.005
"power",300,0.3,"Gifi princals",0.005
"power",300,0.3,"ordpp linear",0.005
"power",300,0.3,"ordpp common",0.005
"power",300,0.3,"ordpp item",0.005
"power",300,0.3,"PCA, equal scores",0.02
"power",300,0.3,"Polychoric PCA",0.02
"power",300,0.3,"Gifi princals",0.005
"power",300,0.3,"ordpp linear",0.015
"power",300,0.3,"ordpp common",0.565
"power",300,0.3,"ordpp item",0.325
"power",300,0.3,"PCA, equal scores",0.02
"power",300,0.3,"Polychoric PCA",0.015
"power",300,0.3,"Gifi princals",0.015
"power",300,0.3,"ordpp linear",0.28
"power",300,0.3,"ordpp common",0.51
"power",300,0.3,"ordpp item",0.375
"power",300,0.3,"PCA, equal scores",0.595
"power",300,0.3,"Polychoric PCA",0.57
"power",300,0.3,"Gifi princals",0.39
"power",300,0.3,"ordpp linear",0.04
"power",300,0.3,"ordpp common",0.12
"power",300,0.3,"ordpp item",0.115
"power",300,0.3,"PCA, equal scores",0.005
"power",300,0.3,"Polychoric PCA",0.005
"power",300,0.3,"Gifi princals",0.76
"power",300,0.3,"ordpp linear",0.475
"power",300,0.3,"ordpp common",0.05
"power",300,0.3,"ordpp item",0.035
"power",300,0.3,"PCA, equal scores",0.06
"power",300,0.3,"Polychoric PCA",0.055
"power",300,0.3,"Gifi princals",0.29
"power",300,0.3,"ordpp linear",0.46
"power",300,0.3,"ordpp common",0.51
"power",300,0.3,"ordpp item",0.11
"power",300,0.3,"PCA, equal scores",0.325
"power",300,0.3,"Polychoric PCA",0.315
"power",300,0.3,"Gifi princals",0.815
"power",300,0.3,"ordpp linear",0.005
"power",300,0.3,"ordpp common",0.005
"power",300,0.3,"ordpp item",0.03
"power",300,0.3,"PCA, equal scores",0.02
"power",300,0.3,"Polychoric PCA",0.02
"power",300,0.3,"Gifi princals",0.95
"power",300,0.3,"ordpp linear",0.79
"power",300,0.3,"ordpp common",0.425
"power",300,0.3,"ordpp item",0.355
"power",300,0.3,"PCA, equal scores",0.16
"power",300,0.3,"Polychoric PCA",0.095
"power",300,0.3,"Gifi princals",0.385
"power",300,0.3,"ordpp linear",0.02
"power",300,0.3,"ordpp common",0.045
"power",300,0.3,"ordpp item",0.08
"power",300,0.3,"PCA, equal scores",0.115
"power",300,0.3,"Polychoric PCA",0.15
"power",300,0.3,"Gifi princals",0.04
"power",300,0.3,"ordpp linear",0.005
"power",300,0.3,"ordpp common",0.005
"power",300,0.3,"ordpp item",0.01
"power",300,0.3,"PCA, equal scores",0.02
"power",300,0.3,"Polychoric PCA",0.02
"power",300,0.3,"Gifi princals",0.03
"power",300,0.3,"ordpp linear",0.005
"power",300,0.3,"ordpp common",0.005
"power",300,0.3,"ordpp item",0.02
"power",300,0.3,"PCA, equal scores",0.255
"power",300,0.3,"Polychoric PCA",0.25
"power",300,0.3,"Gifi princals",0.02
"power",300,0.3,"ordpp linear",0.005
"power",300,0.3,"ordpp common",0.005
"power",300,0.3,"ordpp item",0.005
"power",300,0.3,"PCA, equal scores",0.005
"power",300,0.3,"Polychoric PCA",0.01
"power",300,0.3,"Gifi princals",0.105
"power",300,0.3,"ordpp linear",0.405
"power",300,0.3,"ordpp common",0.435
"power",300,0.3,"ordpp item",0.455
"power",300,0.3,"PCA, equal scores",0.21
"power",300,0.3,"Polychoric PCA",0.235
"power",300,0.3,"Gifi princals",0.41
"power",300,0.3,"ordpp linear",0.025
"power",300,0.3,"ordpp common",0.045
"power",300,0.3,"ordpp item",0.155
"power",300,0.3,"PCA, equal scores",0.01
"power",300,0.3,"Polychoric PCA",0.01
"power",300,0.3,"Gifi princals",0.09
"power",300,0.3,"ordpp linear",0.3
"power",300,0.3,"ordpp common",0.47
"power",300,0.3,"ordpp item",0.29
"power",300,0.3,"PCA, equal scores",0.29
"power",300,0.3,"Polychoric PCA",0.275
"power",300,0.3,"Gifi princals",0.755
"power",300,0.3,"ordpp linear",0.14
"power",300,0.3,"ordpp common",0.115
"power",300,0.3,"ordpp item",0.48
"power",300,0.3,"PCA, equal scores",0.07
"power",300,0.3,"Polychoric PCA",0.035
"power",300,0.3,"Gifi princals",0.005
"power",300,0.3,"ordpp linear",0.7
"power",300,0.3,"ordpp common",0.465
"power",300,0.3,"ordpp item",0.685
"power",300,0.3,"PCA, equal scores",0.02
"power",300,0.3,"Polychoric PCA",0.02
"power",300,0.3,"Gifi princals",0.075
"power",300,0.3,"ordpp linear",0.14
"power",300,0.3,"ordpp common",0.715
"power",300,0.3,"ordpp item",0.035
"power",300,0.3,"PCA, equal scores",0.01
"power",300,0.3,"Polychoric PCA",0.005
"power",300,0.3,"Gifi princals",0.5
"power",300,0.3,"ordpp linear",0.005
"power",300,0.3,"ordpp common",0.005
"power",300,0.3,"ordpp item",0.12
"power",300,0.3,"PCA, equal scores",0.005
"power",300,0.3,"Polychoric PCA",0.005
"power",300,0.3,"Gifi princals",0.015
"power",300,0.3,"ordpp linear",0.075
"power",300,0.3,"ordpp common",0.05
"power",300,0.3,"ordpp item",0.275
"power",300,0.3,"PCA, equal scores",0.085
"power",300,0.3,"Polychoric PCA",0.03
"power",300,0.3,"Gifi princals",0.23
"power",300,0.3,"ordpp linear",0.095
"power",300,0.3,"ordpp common",0.13
"power",300,0.3,"ordpp item",0.045
"power",300,0.3,"PCA, equal scores",0.01
"power",300,0.3,"Polychoric PCA",0.015
"power",300,0.3,"Gifi princals",0.165
"power",300,0.3,"ordpp linear",0.005
"power",300,0.3,"ordpp common",0.005
"power",300,0.3,"ordpp item",0.01
"power",300,0.3,"PCA, equal scores",0.005
"power",300,0.3,"Polychoric PCA",0.005
"power",300,0.3,"Gifi princals",0.725
"power",300,0.3,"ordpp linear",0.695
"power",300,0.3,"ordpp common",0.665
"power",300,0.3,"ordpp item",0.975
"power",300,0.3,"PCA, equal scores",0.69
"power",300,0.3,"Polychoric PCA",0.72
"power",300,0.3,"Gifi princals",0.63
"power",300,0.3,"ordpp linear",0.925
"power",300,0.3,"ordpp common",1
"power",300,0.3,"ordpp item",0.59
"power",300,0.3,"PCA, equal scores",0.41
"power",300,0.3,"Polychoric PCA",0.4
"power",300,0.3,"Gifi princals",0.12
"power",300,0.3,"ordpp linear",0.465
"power",300,0.3,"ordpp common",0.6
"power",300,0.3,"ordpp item",0.145
"power",300,0.3,"PCA, equal scores",0.525
"power",300,0.3,"Polychoric PCA",0.51
"power",300,0.3,"Gifi princals",0.4
"power",300,0.3,"ordpp linear",0.32
"power",300,0.3,"ordpp common",0.355
"power",300,0.3,"ordpp item",0.24
"power",300,0.3,"PCA, equal scores",0.405
"power",300,0.3,"Polychoric PCA",0.385
"power",300,0.3,"Gifi princals",0.11
"power",300,0.3,"ordpp linear",0.015
"power",300,0.3,"ordpp common",0.01
"power",300,0.3,"ordpp item",0.015
"power",300,0.3,"PCA, equal scores",0.08
"power",300,0.3,"Polychoric PCA",0.07
"power",300,0.3,"Gifi princals",0.145
"power",300,0.3,"ordpp linear",0.14
"power",300,0.3,"ordpp common",0.155
"power",300,0.3,"ordpp item",0.18
"power",300,0.3,"PCA, equal scores",0.115
"power",300,0.3,"Polychoric PCA",0.03
"power",300,0.3,"Gifi princals",0.425
"power",300,0.3,"ordpp linear",0.12
"power",300,0.3,"ordpp common",0.89
"power",300,0.3,"ordpp item",0.205
"power",300,0.3,"PCA, equal scores",0.005
"power",300,0.3,"Polychoric PCA",0.01
"power",300,0.3,"Gifi princals",0.195
"power",300,0.3,"ordpp linear",0.18
"power",300,0.3,"ordpp common",0.115
"power",300,0.3,"ordpp item",0.19
"power",300,0.3,"PCA, equal scores",0.01
"power",300,0.3,"Polychoric PCA",0.015
"power",300,0.3,"Gifi princals",0.18
"power",300,0.3,"ordpp linear",0.02
"power",300,0.3,"ordpp common",0.03
"power",300,0.3,"ordpp item",0.08
"power",300,0.3,"PCA, equal scores",0.005
"power",300,0.3,"Polychoric PCA",0.005
"power",300,0.3,"Gifi princals",0.065
"power",300,0.3,"ordpp linear",0.005
"power",300,0.3,"ordpp common",0.005
"power",300,0.3,"ordpp item",0.02
"power",300,0.3,"PCA, equal scores",0.03
"power",300,0.3,"Polychoric PCA",0.025
"power",300,0.3,"Gifi princals",0.375
"power",300,0.3,"ordpp linear",0.005
"power",300,0.3,"ordpp common",0.06
"power",300,0.3,"ordpp item",0.135
"power",300,0.3,"PCA, equal scores",0.005
"power",300,0.3,"Polychoric PCA",0.005
"power",300,0.3,"Gifi princals",0.045
"power",300,0.3,"ordpp linear",0.56
"power",300,0.3,"ordpp common",0.505
"power",300,0.3,"ordpp item",0.625
"power",300,0.3,"PCA, equal scores",0.03
"power",300,0.3,"Polychoric PCA",0.035
"power",300,0.3,"Gifi princals",0.245
"power",300,0.3,"ordpp linear",0.005
"power",300,0.3,"ordpp common",0.005
"power",300,0.3,"ordpp item",0.005
"power",300,0.3,"PCA, equal scores",0.01
"power",300,0.3,"Polychoric PCA",0.005
"power",300,0.3,"Gifi princals",0.16
"power",300,0.3,"ordpp linear",0.71
"power",300,0.3,"ordpp common",0.735
"power",300,0.3,"ordpp item",0.885
"power",300,0.3,"PCA, equal scores",0.005
"power",300,0.3,"Polychoric PCA",0.005
"power",300,0.3,"Gifi princals",0.085
"power",300,0.3,"ordpp linear",0.99
"power",300,0.3,"ordpp common",0.875
"power",300,0.3,"ordpp item",0.715
"power",300,0.3,"PCA, equal scores",0.765
"power",300,0.3,"Polychoric PCA",0.4
"power",300,0.3,"Gifi princals",0.81
"power",300,0.3,"ordpp linear",0.045
"power",300,0.3,"ordpp common",0.08
"power",300,0.3,"ordpp item",0.015
"power",300,0.3,"PCA, equal scores",0.02
"power",300,0.3,"Polychoric PCA",0.01
"power",300,0.3,"Gifi princals",0.04
"power",300,0.3,"ordpp linear",0.005
"power",300,0.3,"ordpp common",0.005
"power",300,0.3,"ordpp item",0.025
"power",300,0.3,"PCA, equal scores",0.005
"power",300,0.3,"Polychoric PCA",0.005
"power",300,0.3,"Gifi princals",0.005
"power",300,0.3,"ordpp linear",0.005
"power",300,0.3,"ordpp common",0.01
"power",300,0.3,"ordpp item",0.015
"power",300,0.3,"PCA, equal scores",0.005
"power",300,0.3,"Polychoric PCA",0.005
"power",300,0.3,"Gifi princals",0.46
"power",300,0.3,"ordpp linear",0.74
"power",300,0.3,"ordpp common",0.765
"power",300,0.3,"ordpp item",0.83
"power",300,0.3,"PCA, equal scores",0.85
"power",300,0.3,"Polychoric PCA",0.835
"power",300,0.3,"Gifi princals",0.97
"power",300,0.3,"ordpp linear",0.73
"power",300,0.3,"ordpp common",0.06
"power",300,0.3,"ordpp item",0.39
"power",300,0.3,"PCA, equal scores",0.18
"power",300,0.3,"Polychoric PCA",0.17
"power",300,0.3,"Gifi princals",0.77
"power",300,0.3,"ordpp linear",0.01
"power",300,0.3,"ordpp common",0.015
"power",300,0.3,"ordpp item",0.01
"power",300,0.3,"PCA, equal scores",0.115
"power",300,0.3,"Polychoric PCA",0.12
"power",300,0.3,"Gifi princals",0.095
"power",300,0.3,"ordpp linear",0.99
"power",300,0.3,"ordpp common",0.995
"power",300,0.3,"ordpp item",0.635
"power",300,0.3,"PCA, equal scores",0.775
"power",300,0.3,"Polychoric PCA",0.76
"power",300,0.3,"Gifi princals",0.505
"power",300,0.3,"ordpp linear",0.225
"power",300,0.3,"ordpp common",0.13
"power",300,0.3,"ordpp item",0.01
"power",300,0.3,"PCA, equal scores",0.005
"power",300,0.3,"Polychoric PCA",0.005
"power",300,0.3,"Gifi princals",0.015
"power",300,0.3,"ordpp linear",0.635
"power",300,0.3,"ordpp common",0.305
"power",300,0.3,"ordpp item",0.3
"power",300,0.3,"PCA, equal scores",0.005
"power",300,0.3,"Polychoric PCA",0.005
"power",300,0.3,"Gifi princals",0.2
"power",300,0.3,"ordpp linear",0.585
"power",300,0.3,"ordpp common",0.615
"power",300,0.3,"ordpp item",0.335
"power",300,0.3,"PCA, equal scores",0.005
"power",300,0.3,"Polychoric PCA",0.005
"power",300,0.3,"Gifi princals",0.22
"power",300,0.3,"ordpp linear",0.74
"power",300,0.3,"ordpp common",0.43
"power",300,0.3,"ordpp item",0.44
"power",300,0.3,"PCA, equal scores",0.59
"power",300,0.3,"Polychoric PCA",0.655
"power",300,0.3,"Gifi princals",0.4
"power",300,0.3,"ordpp linear",0.58
"power",300,0.3,"ordpp common",0.44
"power",300,0.3,"ordpp item",0.3
"power",300,0.3,"PCA, equal scores",0.705
"power",300,0.3,"Polychoric PCA",0.62
"power",300,0.3,"Gifi princals",0.485
"power",300,0.3,"ordpp linear",0.075
"power",300,0.3,"ordpp common",0.21
"power",300,0.3,"ordpp item",0.075
"power",300,0.3,"PCA, equal scores",0.005
"power",300,0.3,"Polychoric PCA",0.005
"power",300,0.3,"Gifi princals",0.025
"power",300,0.3,"ordpp linear",0.005
"power",300,0.3,"ordpp common",0.005
"power",300,0.3,"ordpp item",0.005
"power",300,0.3,"PCA, equal scores",0.005
"power",300,0.3,"Polychoric PCA",0.005
"power",300,0.3,"Gifi princals",0.12
"power",300,0.3,"ordpp linear",0.015
"power",300,0.3,"ordpp common",0.015
"power",300,0.3,"ordpp item",0.03
"power",300,0.3,"PCA, equal scores",0.005
"power",300,0.3,"Polychoric PCA",0.005
"power",300,0.3,"Gifi princals",0.07
"power",300,0.3,"ordpp linear",0.07
"power",300,0.3,"ordpp common",0.06
"power",300,0.3,"ordpp item",0.16
"power",300,0.3,"PCA, equal scores",0.065
"power",300,0.3,"Polychoric PCA",0.065
"power",300,0.3,"Gifi princals",0.075
"power",300,0.3,"ordpp linear",0.375
"power",300,0.3,"ordpp common",0.34
"power",300,0.3,"ordpp item",0.88
"power",300,0.3,"PCA, equal scores",0.22
"power",300,0.3,"Polychoric PCA",0.385
"power",300,0.3,"Gifi princals",0.445
"power",300,0.3,"ordpp linear",0.05
"power",300,0.3,"ordpp common",0.17
"power",300,0.3,"ordpp item",0.045
"power",300,0.3,"PCA, equal scores",0.03
"power",300,0.3,"Polychoric PCA",0.03
"power",300,0.3,"Gifi princals",0.445
"power",300,0.3,"ordpp linear",0.755
"power",300,0.3,"ordpp common",0.705
"power",300,0.3,"ordpp item",0.835
"power",300,0.3,"PCA, equal scores",0.015
"power",300,0.3,"Polychoric PCA",0.03
"power",300,0.3,"Gifi princals",0.065
"power",300,0.3,"ordpp linear",0.16
"power",300,0.3,"ordpp common",0.315
"power",300,0.3,"ordpp item",0.395
"power",300,0.3,"PCA, equal scores",0.07
"power",300,0.3,"Polychoric PCA",0.06
"power",300,0.3,"Gifi princals",0.31
"power",300,0.3,"ordpp linear",0.395
"power",300,0.3,"ordpp common",0.065
"power",300,0.3,"ordpp item",0.285
"power",300,0.3,"PCA, equal scores",0.42
"power",300,0.3,"Polychoric PCA",0.355
"power",300,0.3,"Gifi princals",0.615
"power",300,0.3,"ordpp linear",0.805
"power",300,0.3,"ordpp common",0.38
"power",300,0.3,"ordpp item",0.195
"power",300,0.3,"PCA, equal scores",0.005
"power",300,0.3,"Polychoric PCA",0.005
"power",300,0.3,"Gifi princals",0.135
"power",300,0.3,"ordpp linear",0.255
"power",300,0.3,"ordpp common",0.33
"power",300,0.3,"ordpp item",0.305
"power",300,0.3,"PCA, equal scores",0.455
"power",300,0.3,"Polychoric PCA",0.485
"power",300,0.3,"Gifi princals",0.42
"power",300,0.3,"ordpp linear",0.92
"power",300,0.3,"ordpp common",0.6
"power",300,0.3,"ordpp item",0.325
"power",300,0.3,"PCA, equal scores",0.105
"power",300,0.3,"Polychoric PCA",0.065
"power",300,0.3,"Gifi princals",0.23
"power",300,0.3,"ordpp linear",0.275
"power",300,0.3,"ordpp common",0.095
"power",300,0.3,"ordpp item",0.005
"power",300,0.3,"PCA, equal scores",0.005
"power",300,0.3,"Polychoric PCA",0.005
"power",300,0.3,"Gifi princals",0.315
"power",300,0.3,"ordpp linear",0.03
"power",300,0.3,"ordpp common",0.055
"power",300,0.3,"ordpp item",0.075
"power",300,0.3,"PCA, equal scores",0.01
"power",300,0.3,"Polychoric PCA",0.005
"power",300,0.3,"Gifi princals",0.44
"power",300,0.3,"ordpp linear",0.13
"power",300,0.3,"ordpp common",0.045
"power",300,0.3,"ordpp item",0.005
"power",300,0.3,"PCA, equal scores",0.03
"power",300,0.3,"Polychoric PCA",0.04
"power",300,0.3,"Gifi princals",0.305
"power",300,0.3,"ordpp linear",0.21
"power",300,0.3,"ordpp common",0.755
"power",300,0.3,"ordpp item",0.005
"power",300,0.3,"PCA, equal scores",0.11
"power",300,0.3,"Polychoric PCA",0.01
"power",300,0.3,"Gifi princals",0.565
"power",300,0.3,"ordpp linear",0.025
"power",300,0.3,"ordpp common",0.015
"power",300,0.3,"ordpp item",0.06
"power",300,0.3,"PCA, equal scores",0.005
"power",300,0.3,"Polychoric PCA",0.005
"power",300,0.3,"Gifi princals",0.14
"power",300,0.3,"ordpp linear",0.72
"power",300,0.3,"ordpp common",0.17
"power",300,0.3,"ordpp item",0.205
"power",300,0.3,"PCA, equal scores",0.24
"power",300,0.3,"Polychoric PCA",0.3
"power",300,0.3,"Gifi princals",0.73
"power",300,0.3,"ordpp linear",0.14
"power",300,0.3,"ordpp common",0.23
"power",300,0.3,"ordpp item",0.225
"power",300,0.3,"PCA, equal scores",0.01
"power",300,0.3,"Polychoric PCA",0.01
"power",300,0.3,"Gifi princals",0.015
"power",300,0.3,"ordpp linear",0.02
"power",300,0.3,"ordpp common",0.03
"power",300,0.3,"ordpp item",0.01
"power",300,0.3,"PCA, equal scores",0.06
"power",300,0.3,"Polychoric PCA",0.46
"power",300,0.3,"Gifi princals",0.215
"power",300,0.3,"ordpp linear",0.105
"power",300,0.3,"ordpp common",0.23
"power",300,0.3,"ordpp item",0.095
"power",300,0.3,"PCA, equal scores",0.015
"power",300,0.3,"Polychoric PCA",0.02
"power",300,0.3,"Gifi princals",0.26
"power",300,0.3,"ordpp linear",0.14
"power",300,0.3,"ordpp common",0.25
"power",300,0.3,"ordpp item",0.785
"power",300,0.3,"PCA, equal scores",0.095
"power",300,0.3,"Polychoric PCA",0.105
"power",300,0.3,"Gifi princals",0.01
"power",300,0.3,"ordpp linear",0.85
"power",300,0.3,"ordpp common",0.205
"power",300,0.3,"ordpp item",0.54
"power",300,0.3,"PCA, equal scores",0.295
"power",300,0.3,"Polychoric PCA",0.23
"power",300,0.3,"Gifi princals",0.495
"power",300,0.3,"ordpp linear",0.005
"power",300,0.3,"ordpp common",0.005
"power",300,0.3,"ordpp item",0.005
"power",300,0.3,"PCA, equal scores",0.005
"power",300,0.3,"Polychoric PCA",0.005
"power",300,0.3,"Gifi princals",0.105
"power",300,0.3,"ordpp linear",0.34
"power",300,0.3,"ordpp common",0.505
"power",300,0.3,"ordpp item",0.205
"power",300,0.3,"PCA, equal scores",0.03
"power",300,0.3,"Polychoric PCA",0.02
"power",300,0.3,"Gifi princals",0.635
"power",300,0.3,"ordpp linear",0.135
"power",300,0.3,"ordpp common",0.095
"power",300,0.3,"ordpp item",0.53
"power",300,0.3,"PCA, equal scores",0.29
"power",300,0.3,"Polychoric PCA",0.32
"power",300,0.3,"Gifi princals",0.95
"power",300,0.3,"ordpp linear",0.885
"power",300,0.3,"ordpp common",0.075
"power",300,0.3,"ordpp item",0.46
"power",300,0.3,"PCA, equal scores",0.135
"power",300,0.3,"Polychoric PCA",0.175
"power",300,0.3,"Gifi princals",0.925
"power",300,0.3,"ordpp linear",0.745
"power",300,0.3,"ordpp common",0.82
"power",300,0.3,"ordpp item",0.51
"power",300,0.3,"PCA, equal scores",0.22
"power",300,0.3,"Polychoric PCA",0.24
"power",300,0.3,"Gifi princals",0.85
"power",300,0.3,"ordpp linear",0.605
"power",300,0.3,"ordpp common",0.625
"power",300,0.3,"ordpp item",0.235
"power",300,0.3,"PCA, equal scores",0.14
"power",300,0.3,"Polychoric PCA",0.09
"power",300,0.3,"Gifi princals",0.94
"power",300,0.3,"ordpp linear",0.01
"power",300,0.3,"ordpp common",0.005
"power",300,0.3,"ordpp item",0.015
"power",300,0.3,"PCA, equal scores",0.015
"power",300,0.3,"Polychoric PCA",0.015
"power",300,0.3,"Gifi princals",0.005
"power",300,0.3,"ordpp linear",0.175
"power",300,0.3,"ordpp common",0.16
"power",300,0.3,"ordpp item",0.495
"power",300,0.3,"PCA, equal scores",0.5
"power",300,0.3,"Polychoric PCA",0.54
"power",300,0.3,"Gifi princals",0.815
"power",300,0.3,"ordpp linear",0.17
"power",300,0.3,"ordpp common",0.15
"power",300,0.3,"ordpp item",0.435
"power",300,0.3,"PCA, equal scores",0.005
"power",300,0.3,"Polychoric PCA",0.005
"power",300,0.3,"Gifi princals",0.04
"power",300,0.3,"ordpp linear",0.915
"power",300,0.3,"ordpp common",0.57
"power",300,0.3,"ordpp item",0.21
"power",300,0.3,"PCA, equal scores",0.105
"power",300,0.3,"Polychoric PCA",0.095
"power",300,0.3,"Gifi princals",0.98
"power",300,0.3,"ordpp linear",0.93
"power",300,0.3,"ordpp common",0.66
"power",300,0.3,"ordpp item",0.75
"power",300,0.3,"PCA, equal scores",0.02
"power",300,0.3,"Polychoric PCA",0.015
"power",300,0.3,"Gifi princals",0.24
"power",300,0.3,"ordpp linear",0.225
"power",300,0.3,"ordpp common",0.09
"power",300,0.3,"ordpp item",0.095
"power",300,0.3,"PCA, equal scores",0.22
"power",300,0.3,"Polychoric PCA",0.18
"power",300,0.3,"Gifi princals",0.155
"power",300,0.3,"ordpp linear",0.415
"power",300,0.3,"ordpp common",0.28
"power",300,0.3,"ordpp item",0.13
"power",300,0.3,"PCA, equal scores",0.385
"power",300,0.3,"Polychoric PCA",0.74
"power",300,0.3,"Gifi princals",0.955
"power",300,0.3,"ordpp linear",0.28
"power",300,0.3,"ordpp common",0.23
"power",300,0.3,"ordpp item",0.215
"power",300,0.3,"PCA, equal scores",0.25
"power",300,0.3,"Polychoric PCA",0.225
"power",300,0.3,"Gifi princals",0.115
"power",300,0.3,"ordpp linear",0.02
"power",300,0.3,"ordpp common",0.015
"power",300,0.3,"ordpp item",0.01
"power",300,0.3,"PCA, equal scores",0.005
"power",300,0.3,"Polychoric PCA",0.005
"power",300,0.3,"Gifi princals",0.135
"power",300,0.3,"ordpp linear",0.395
"power",300,0.3,"ordpp common",0.095
"power",300,0.3,"ordpp item",0.99
"power",300,0.3,"PCA, equal scores",0.085
"power",300,0.3,"Polychoric PCA",0.2
"power",300,0.3,"Gifi princals",0.04
"power",300,0.3,"ordpp linear",0.725
"power",300,0.3,"ordpp common",0.67
"power",300,0.3,"ordpp item",0.925
"power",300,0.3,"PCA, equal scores",0.215
"power",300,0.3,"Polychoric PCA",0.16
"power",300,0.3,"Gifi princals",0.75
"power",300,0.3,"ordpp linear",0.04
"power",300,0.3,"ordpp common",0.035
"power",300,0.3,"ordpp item",0.045
"power",300,0.3,"PCA, equal scores",0.035
"power",300,0.3,"Polychoric PCA",0.035
"power",300,0.3,"Gifi princals",0.28
"power",300,0.3,"ordpp linear",0.135
"power",300,0.3,"ordpp common",0.155
"power",300,0.3,"ordpp item",0.61
"power",300,0.3,"PCA, equal scores",0.15
"power",300,0.3,"Polychoric PCA",0.175
"power",300,0.3,"Gifi princals",0.155
"power",300,0.3,"ordpp linear",0.075
"power",300,0.3,"ordpp common",0.125
"power",300,0.3,"ordpp item",0.14
"power",300,0.3,"PCA, equal scores",0.365
"power",300,0.3,"Polychoric PCA",0.245
"power",300,0.3,"Gifi princals",0.89
"power",300,0.3,"ordpp linear",0.02
"power",300,0.3,"ordpp common",0.02
"power",300,0.3,"ordpp item",0.685
"power",300,0.3,"PCA, equal scores",0.19
"power",300,0.3,"Polychoric PCA",0.335
"power",300,0.3,"Gifi princals",0.705
"power",300,0.3,"ordpp linear",0.76
"power",300,0.3,"ordpp common",0.745
"power",300,0.3,"ordpp item",0.78
"power",300,0.3,"PCA, equal scores",0.005
"power",300,0.3,"Polychoric PCA",0.005
"power",300,0.3,"Gifi princals",0.115
"power",300,0.3,"ordpp linear",0.01
"power",300,0.3,"ordpp common",0.035
"power",300,0.3,"ordpp item",0.045
"power",300,0.3,"PCA, equal scores",0.43
"power",300,0.3,"Polychoric PCA",0.465
"power",300,0.3,"Gifi princals",0.43
"power",300,0.3,"ordpp linear",0.315
"power",300,0.3,"ordpp common",0.1
"power",300,0.3,"ordpp item",0.005
"power",300,0.3,"PCA, equal scores",0.015
"power",300,0.3,"Polychoric PCA",0.02
"power",300,0.3,"Gifi princals",0.355
"power",300,0.3,"ordpp linear",0.42
"power",300,0.3,"ordpp common",0.195
"power",300,0.3,"ordpp item",0.645
"power",300,0.3,"PCA, equal scores",0.45
"power",300,0.3,"Polychoric PCA",0.43
"power",300,0.3,"Gifi princals",0.67
"power",300,0.3,"ordpp linear",0.1
"power",300,0.3,"ordpp common",0.39
"power",300,0.3,"ordpp item",0.565
"power",300,0.3,"PCA, equal scores",0.09
"power",300,0.3,"Polychoric PCA",0.075
"power",300,0.3,"Gifi princals",0.325
"power",300,0.3,"ordpp linear",0.245
"power",300,0.3,"ordpp common",0.45
"power",300,0.3,"ordpp item",0.335
"power",300,0.3,"PCA, equal scores",0.035
"power",300,0.3,"Polychoric PCA",0.02
"power",300,0.3,"Gifi princals",0.53
"power",300,0.3,"ordpp linear",0.445
"power",300,0.3,"ordpp common",0.07
"power",300,0.3,"ordpp item",0.015
"power",300,0.3,"PCA, equal scores",0.07
"power",300,0.3,"Polychoric PCA",0.065
"power",300,0.3,"Gifi princals",0.12
"power",300,0.3,"ordpp linear",0.445
"power",300,0.3,"ordpp common",0.87
"power",300,0.3,"ordpp item",0.885
"power",300,0.3,"PCA, equal scores",0.005
"power",300,0.3,"Polychoric PCA",0.005
"power",300,0.3,"Gifi princals",0.035
"power",300,0.3,"ordpp linear",0.385
"power",300,0.3,"ordpp common",0.29
"power",300,0.3,"ordpp item",0.83
"power",300,0.3,"PCA, equal scores",0.49
"power",300,0.3,"Polychoric PCA",0.48
"power",300,0.3,"Gifi princals",0.075
"power",300,0.3,"ordpp linear",0.5
"power",300,0.3,"ordpp common",0.435
"power",300,0.3,"ordpp item",0.595
"power",300,0.3,"PCA, equal scores",0.48
"power",300,0.3,"Polychoric PCA",0.445
"power",300,0.3,"Gifi princals",0.155
"power",300,0.3,"ordpp linear",0.035
"power",300,0.3,"ordpp common",0.035
"power",300,0.3,"ordpp item",0.2
"power",300,0.3,"PCA, equal scores",0.015
"power",300,0.3,"Polychoric PCA",0.01
"power",300,0.3,"Gifi princals",0.045
"power",300,0.3,"ordpp linear",0.115
"power",300,0.3,"ordpp common",0.1
"power",300,0.3,"ordpp item",0.31
"power",300,0.3,"PCA, equal scores",0.015
"power",300,0.3,"Polychoric PCA",0.015
"power",300,0.3,"Gifi princals",0.05
"power",300,0.3,"ordpp linear",0.005
"power",300,0.3,"ordpp common",0.01
"power",300,0.3,"ordpp item",0.305
"power",300,0.3,"PCA, equal scores",0.005
"power",300,0.3,"Polychoric PCA",0.005
"power",300,0.3,"Gifi princals",0.005
"power",300,0.3,"ordpp linear",0.525
"power",300,0.3,"ordpp common",0.425
"power",300,0.3,"ordpp item",0.455
"power",300,0.3,"PCA, equal scores",0.87
"power",300,0.3,"Polychoric PCA",0.765
"power",300,0.3,"Gifi princals",0.52
"power",300,0.3,"ordpp linear",0.485
"power",300,0.3,"ordpp common",0.49
"power",300,0.3,"ordpp item",0.05
"power",300,0.3,"PCA, equal scores",0.28
"power",300,0.3,"Polychoric PCA",0.205
"power",300,0.3,"Gifi princals",0.895
"power",300,0.3,"ordpp linear",0.105
"power",300,0.3,"ordpp common",0.125
"power",300,0.3,"ordpp item",0.095
"power",300,0.3,"PCA, equal scores",0.05
"power",300,0.3,"Polychoric PCA",0.06
"power",300,0.3,"Gifi princals",0.105
"power",300,0.3,"ordpp linear",0.01
"power",300,0.3,"ordpp common",0.025
"power",300,0.3,"ordpp item",0.015
"power",300,0.3,"PCA, equal scores",0.14
"power",300,0.3,"Polychoric PCA",0.155
"power",300,0.3,"Gifi princals",0.27
"power",300,0.3,"ordpp linear",0.875
"power",300,0.3,"ordpp common",0.005
"power",300,0.3,"ordpp item",0.4
"power",300,0.3,"PCA, equal scores",0.005
"power",300,0.3,"Polychoric PCA",0.01
"power",300,0.3,"Gifi princals",0.04
"power",300,0.3,"ordpp linear",0.205
"power",300,0.3,"ordpp common",0.265
"power",300,0.3,"ordpp item",0.265
"power",300,0.3,"PCA, equal scores",0.095
"power",300,0.3,"Polychoric PCA",0.11
"power",300,0.3,"Gifi princals",0.01
"power",300,0.3,"ordpp linear",0.04
"power",300,0.3,"ordpp common",0.04
"power",300,0.3,"ordpp item",0.025
"power",300,0.3,"PCA, equal scores",0.055
"power",300,0.3,"Polychoric PCA",0.055
"power",300,0.3,"Gifi princals",0.395
"power",300,0.3,"ordpp linear",0.3
"power",300,0.3,"ordpp common",0.275
"power",300,0.3,"ordpp item",0.33
"power",300,0.3,"PCA, equal scores",0.005
"power",300,0.3,"Polychoric PCA",0.005
"power",300,0.3,"Gifi princals",0.035
"power",300,0.3,"ordpp linear",0.24
"power",300,0.3,"ordpp common",0.32
"power",300,0.3,"ordpp item",0.635
"power",300,0.3,"PCA, equal scores",0.015
"power",300,0.3,"Polychoric PCA",0.01
"power",300,0.3,"Gifi princals",0.495
"power",300,0.3,"ordpp linear",0.03
"power",300,0.3,"ordpp common",0.015
"power",300,0.3,"ordpp item",0.045
"power",300,0.3,"PCA, equal scores",0.03
"power",300,0.3,"Polychoric PCA",0.02
"power",300,0.3,"Gifi princals",0.205
"power",300,0.3,"ordpp linear",0.085
"power",300,0.3,"ordpp common",0.055
"power",300,0.3,"ordpp item",0.29
"power",300,0.3,"PCA, equal scores",0.01
"power",300,0.3,"Polychoric PCA",0.01
"power",300,0.3,"Gifi princals",0.035
"power",300,0.3,"ordpp linear",0.005
"power",300,0.3,"ordpp common",0.005
"power",300,0.3,"ordpp item",0.03
"power",300,0.3,"PCA, equal scores",0.005
"power",300,0.3,"Polychoric PCA",0.005
"power",300,0.3,"Gifi princals",0.62
"power",300,0.3,"ordpp linear",0.435
"power",300,0.3,"ordpp common",0.85
"power",300,0.3,"ordpp item",0.105
"power",300,0.3,"PCA, equal scores",0.005
"power",300,0.3,"Polychoric PCA",0.005
"power",300,0.3,"Gifi princals",0.005
"power",300,0.3,"ordpp linear",0.015
"power",300,0.3,"ordpp common",0.04
"power",300,0.3,"ordpp item",0.14
"power",300,0.3,"PCA, equal scores",0.025
"power",300,0.3,"Polychoric PCA",0.065
"power",300,0.3,"Gifi princals",0.1
"power",300,0.3,"ordpp linear",0.015
"power",300,0.3,"ordpp common",0.09
"power",300,0.3,"ordpp item",0.27
"power",300,0.3,"PCA, equal scores",0.005
"power",300,0.3,"Polychoric PCA",0.005
"power",300,0.3,"Gifi princals",0.3
