"scenario","n","rep","method","train_index","test_index","test_shape","variance_ratio","p_value","abs_latent_cor","seconds","convergence"
"independent",300,1,"ordpp linear",0.012220728302827,0.00380436819512699,0.00297915643647655,0.915021872621123,0.08,NA,1.004,0
"independent",300,1,"ordpp common",0.0128085806825665,0.00438921745941582,0.00344265390728301,0.916456832847885,0.055,NA,1.929,0
"independent",300,1,"ordpp item",0.0314284836382249,0.00014734517934505,0.000122571741935134,1.01237117014719,0.975,NA,38.109,0
"independent",300,1,"PCA, equal scores",0.00405415864627956,0.000407127881447277,0.000420864414495839,0.997379922358498,0.875,NA,0.00800000000000267,NA
"independent",300,1,"Polychoric PCA",0.00354278078941934,0.000196298978478341,0.000229078864871727,0.989756812924743,0.985,NA,0.184999999999995,NA
"independent",300,1,"Gifi princals",0.00306326135318811,0.000432060738713705,0.000525689390265818,0.958412806602228,0.86,NA,0.312000000000005,NA
"independent",300,1,"ordPens ordPCA",0.00471234061310136,0.000349966890697987,0.000278048793956896,1.01272924022827,0.895,NA,0.689,NA
"independent",300,2,"ordpp linear",0.0218878049042985,0.000417506299991037,0.000174446843948861,0.930256138511987,0.85,NA,0.764,0
"independent",300,2,"ordpp common",0.0270513088301715,0.000467367238127132,0.000443296018867065,0.974255267872804,0.82,NA,1.781,0
"independent",300,2,"ordpp item",0.0355071830447292,0.000805500929330543,0.000449834955729197,0.933680654581687,0.685,NA,33.729,0
"independent",300,2,"PCA, equal scores",0.0100510927765637,0.000996119061010646,0.000267442264635821,1.11263074926412,0.5,NA,0.00300000000000011,NA
"independent",300,2,"Polychoric PCA",0.00824660522789902,0.00189811910575018,0.000480050430713246,1.15315307236532,0.26,NA,0.218000000000004,NA
"independent",300,2,"Gifi princals",0.00421378404769085,0.000186513148480223,0.000145546622210803,0.987157621449125,0.905,NA,0.318999999999996,NA
"independent",300,2,"ordPens ordPCA",0.0091922932313514,0.00084538447945505,0.000306511234113296,1.11053123418753,0.57,NA,0.670999999999999,NA
"independent",300,3,"ordpp linear",0.0141067017163996,0.000838450441725146,0.000957328833696481,0.975226977184474,0.645,NA,0.612,0
"independent",300,3,"ordpp common",0.0181452196628427,0.00187013360084211,0.00201088071715784,0.982491110612912,0.29,NA,1.421,0
"independent",300,3,"ordpp item",0.0340733307388596,0.0038553453814294,0.00341661133203141,1.02048998539013,0.035,NA,32.178,0
"independent",300,3,"PCA, equal scores",0.00896964904463761,0.000716490871039925,0.000605024594846873,1.0335535375636,0.685,NA,0.00200000000000244,NA
"independent",300,3,"Polychoric PCA",0.00847180717589372,0.000732808392329255,0.000621089942934797,1.04518669620818,0.665,NA,0.219000000000001,NA
"independent",300,3,"Gifi princals",0.00926978919063261,0.000111864537955127,0.000112728557038629,0.995523174912984,0.99,NA,0.182000000000002,NA
"independent",300,3,"ordPens ordPCA",0.00900612256871357,0.00103891397482233,0.00086284157542335,1.04476579989719,0.565,NA,0.813000000000002,NA
"independent",300,4,"ordpp linear",0.0112022884638045,0.000436761727171994,0.000465803516988008,1.01317350095857,0.835,NA,0.906,0
"independent",300,4,"ordpp common",0.0154091188613298,0.000270710287019375,0.000135054206765292,0.961950215832133,0.905,NA,1.665,0
"independent",300,4,"ordpp item",0.0230773470862046,0.000115743927925554,3.81197513522378e-05,0.969714258609853,0.975,NA,25.534,0
"independent",300,4,"PCA, equal scores",0.00514163241214869,0.00079044683333796,0.000439454050145069,1.06025433313883,0.625,NA,0.00300000000000011,NA
"independent",300,4,"Polychoric PCA",0.00463592836894502,0.000898036840876516,0.000451725237210864,1.06556411615677,0.57,NA,0.580000000000002,NA
"independent",300,4,"Gifi princals",0.00140123027133626,0.00159683574866131,0.00132838945644885,0.960351580366737,0.135,NA,0.306000000000001,NA
"independent",300,4,"ordPens ordPCA",0.00552668784540845,0.000702401815830252,0.00044948875738027,1.05560341768862,0.67,NA,1.354,NA
"independent",300,5,"ordpp linear",0.0130009020774514,0.00254635166992884,0.00195537247183131,0.946358350769726,0.175,NA,0.892,0
"independent",300,5,"ordpp common",0.016015328969685,0.0027529764817468,0.00254527671823909,1.04780439000101,0.17,NA,1.714,0
"independent",300,5,"ordpp item",0.0283028372348505,0.00129386632201813,0.00139377892797188,1.0228747996131,0.47,NA,25.825,0
"independent",300,5,"PCA, equal scores",0.00652763028117086,0.000358701917169291,0.000226401549271454,0.968429038688234,0.88,NA,0.00300000000000011,NA
"independent",300,5,"Polychoric PCA",0.00603939945283084,0.000439193671666472,0.000308951905924498,0.969008219957239,0.845,NA,0.283999999999999,NA
"independent",300,5,"Gifi princals",0.00375706247938226,0.000353540835596257,0.000108962184764654,0.904403190326389,0.74,NA,0.291999999999998,NA
"independent",300,5,"ordPens ordPCA",0.00822707859308567,0.000370171030728739,0.000221641513546368,0.952760223286447,0.865,NA,1.392,NA
"independent",300,6,"ordpp linear",0.0153350655547184,0.000318838841170547,0.000292998476862642,0.982379101212934,0.885,NA,0.979,0
"independent",300,6,"ordpp common",0.0132517958208509,0.000649021374626549,0.00102294108083336,0.959666645307034,0.685,NA,1.518,0
"independent",300,6,"ordpp item",0.0284107490650142,0.000607218696317113,0.000500562837730806,1.01503720745807,0.735,NA,27.38,0
"independent",300,6,"PCA, equal scores",0.00617486941037006,0.00120005946753811,0.0015150533581603,1.08068651925418,0.445,NA,0.00200000000000244,NA
"independent",300,6,"Polychoric PCA",0.00642639315698375,0.000957113489637976,0.00127262883011662,1.08271767990702,0.535,NA,0.191000000000003,NA
"independent",300,6,"Gifi princals",0.00251511269608253,0.000341354230665483,0.000510149942483385,0.941630749030116,0.87,NA,0.172000000000001,NA
"independent",300,6,"ordPens ordPCA",0.00681194284011767,0.00131319671819216,0.000962717481431085,1.08040849744905,0.385,NA,0.709000000000003,NA
"independent",300,7,"ordpp linear",0.0135035718033673,0.00238473197161592,0.0012985599834623,1.06504697667698,0.21,NA,0.839999999999996,0
"independent",300,7,"ordpp common",0.0143250482253945,0.00297192716614035,0.00167632454796589,1.06650132067358,0.135,NA,1.80800000000001,0
"independent",300,7,"ordpp item",0.0213955112196673,0.00432909830173554,0.0016508253749536,1.11872405902176,0.07,NA,25.252,0
"independent",300,7,"PCA, equal scores",0.0109936726545417,0.00189409075886347,0.0011044306156223,1.05932262112601,0.29,NA,0.00199999999999534,NA
"independent",300,7,"Polychoric PCA",0.0096472769319927,0.0020878700506351,0.0012140054724282,1.06032167129622,0.235,NA,0.198999999999998,NA
"independent",300,7,"Gifi princals",0.00497962729151544,0.000149343304837487,0.000183296977661974,0.98027195329894,0.97,NA,0.179999999999993,NA
"independent",300,7,"ordPens ordPCA",0.012979038379363,0.00222124655398228,0.00128986777955543,1.06096887235905,0.21,NA,0.0120000000000005,NA
"independent",300,8,"ordpp linear",0.014374523780715,0.000475560770319118,0.000386699791414125,1.01435880293157,0.78,NA,0.886000000000003,0
"independent",300,8,"ordpp common",0.0194821021803393,0.000736256424212839,0.000629495229238167,1.01653918715114,0.645,NA,1.601,0
"independent",300,8,"ordpp item",0.0322332773087718,0.000141441061714867,0.000142773338233106,1.00042946244971,0.975,NA,31.289,0
"independent",300,8,"PCA, equal scores",0.00293769378250176,0.000109966292221671,0.000305083176950912,0.945819725319462,0.99,NA,0.00300000000000011,NA
"independent",300,8,"Polychoric PCA",0.00174068802499404,0.00127597908170916,0.00136144844744049,0.992742595176738,0.425,NA,0.247,NA
"independent",300,8,"Gifi princals",0.0089693406958272,0.00346666124743428,0.000736342342854946,0.716332674181532,0.04,NA,0.301000000000002,NA
"independent",300,8,"ordPens ordPCA",0.0018282895650404,0.000995339089702418,0.00122659988179871,0.97971361476295,0.56,NA,0.0220000000000056,NA
"independent",300,9,"ordpp linear",0.0114337991598761,0.00268370641840724,0.00151652261048034,1.0723558458834,0.145,NA,1.071,0
"independent",300,9,"ordpp common",0.0120887863767586,0.00354473143177229,0.00155086564755886,1.10546520381368,0.08,NA,1.944,0
"independent",300,9,"ordpp item",0.0269590236022947,0.00193261839632415,0.000600121843109956,1.14960769171179,0.205,NA,30.988,0
"independent",300,9,"PCA, equal scores",0.00689445245480882,0.00106894395204645,0.000241081000269701,1.11560840200006,0.575,NA,0.00200000000000955,NA
"independent",300,9,"Polychoric PCA",0.0070906943870174,0.00110052783123258,0.000205871239781677,1.11133672924669,0.555,NA,0.265000000000001,NA
"independent",300,9,"Gifi princals",0.0021272698658425,0.000265571125730943,0.00021524004500318,0.98195857344329,0.785,NA,0.394999999999996,NA
"independent",300,9,"ordPens ordPCA",0.00734095426162736,0.00113765050219591,0.000384835998674659,1.10019903540899,0.545,NA,0.0120000000000005,NA
"independent",300,11,"ordpp linear",0.00911588012820546,4.96335622297056e-05,3.46052573388585e-05,0.974168299059615,0.995,NA,0.892999999999997,0
"independent",300,11,"ordpp common",0.0119455104573491,0.00124057425147306,0.000392214920101697,0.87553179275729,0.46,NA,1.962,0
"independent",300,11,"ordpp item",0.0225495828141335,0.00121669188495496,0.00119774400246445,0.941426117114303,0.56,NA,32.659,0
"independent",300,11,"PCA, equal scores",0.00347058883587877,0.00051790522418628,0.000156205668456779,0.93031981764888,0.73,NA,0.00200000000000955,NA
"independent",300,11,"Polychoric PCA",0.00268156463203558,0.00046866549014249,7.28553014550568e-05,0.922565028713293,0.75,NA,0.338999999999999,NA
"independent",300,11,"Gifi princals",0.00266632213128824,0.000324651171561071,0.000266638607041487,1.01379936069615,0.89,NA,0.372,NA
"independent",300,11,"ordPens ordPCA",0.00517289702234023,0.000409708411602083,0.000195417525727717,0.95184831757421,0.81,NA,0.012999999999991,NA
"independent",300,13,"ordpp linear",0.0171134665522242,0.000414532439937079,0.000265541900637708,1.04306695683775,0.845,NA,0.891000000000005,0
"independent",300,13,"ordpp common",0.0120870661099675,0.000175023749920267,0.000273604662189265,0.958541767704779,0.93,NA,1.36999999999999,0
"independent",300,13,"ordpp item",0.0278766517498314,0.000349477058643828,0.000103334098138834,1.08803764550737,0.89,NA,26.168,0
"independent",300,13,"PCA, equal scores",0.00417164254551814,0.000731698396771664,0.000136498613436136,1.08811006270037,0.625,NA,0.00300000000000011,NA
"independent",300,13,"Polychoric PCA",0.00388237132000435,0.00111398636441977,0.000101651986406159,1.11760752230515,0.465,NA,0.328000000000003,NA
"independent",300,13,"Gifi princals",0.00607630093652993,0.000481936550383687,0.000400020304535989,1.11469900415417,0.705,NA,0.358000000000004,NA
"independent",300,13,"ordPens ordPCA",0.00456527365769199,0.000788713826678231,0.000188258330457153,1.08382356465796,0.59,NA,0.0109999999999957,NA
"independent",300,14,"ordpp linear",0.0135740217985437,0.00111465662301065,0.000992909168500682,1.0149786355093,0.525,NA,0.593000000000004,0
"independent",300,14,"ordpp common",0.0156737944693903,0.00144001283913659,0.00095324216546644,1.04594203181738,0.46,NA,1.369,0
"independent",300,14,"ordpp item",0.026062131911492,0.00128505157796428,0.0010335709298214,1.03682098711594,0.495,NA,21.805,0
"independent",300,14,"PCA, equal scores",0.00843177564198519,0.00121421886535901,0.000615315196592571,1.05190074021569,0.48,NA,0.00300000000000011,NA
"independent",300,14,"Polychoric PCA",0.0070701482762325,0.00109060499225358,0.000548736102652391,1.05330930226038,0.505,NA,0.253,NA
"independent",300,14,"Gifi princals",0.00571288705692882,0.000864539713235866,0.000848700792438289,0.833606696615081,0.56,NA,0.384,NA
"independent",300,14,"ordPens ordPCA",0.00762075680612817,0.000970534472176976,0.000319925047789235,1.07010463912973,0.575,NA,0.012999999999991,NA
"independent",300,15,"ordpp linear",0.0127651626205318,0.00746884910136175,0.00346754548192185,0.781452238536087,0.01,NA,0.736000000000004,0
"independent",300,15,"ordpp common",0.0158720386718371,0.00692832849304953,0.00323943750311854,0.781286021624908,0.01,NA,1.31899999999999,0
"independent",300,15,"ordpp item",0.0278124894940204,0.000736219512055531,0.000801387905817015,0.965731218310394,0.695,NA,28.494,0
"independent",300,15,"PCA, equal scores",0.00788881847903532,0.00107981901271011,0.000747905575023319,0.881171597442488,0.53,NA,0.00300000000000011,NA
"independent",300,15,"Polychoric PCA",0.00733004240563176,0.00049897840872626,0.000364570343023539,0.898715601136724,0.79,NA,0.216999999999999,NA
"independent",300,15,"Gifi princals",0.00246049607866631,0.000441391326480999,0.000482101903014323,0.9895950911931,0.54,NA,1.012,NA
"independent",300,15,"ordPens ordPCA",0.00820885853978223,0.000920564557515019,0.000450244894024513,0.866134842552187,0.595,NA,0.0109999999999957,NA
"independent",300,16,"ordpp linear",0.0174580881347219,0.00386487589114609,0.0028161176074459,1.05830913031841,0.11,NA,0.876000000000005,0
"independent",300,16,"ordpp common",0.0232456433515918,0.00292831912953394,0.00194594034051868,1.07534898227899,0.17,NA,1.75000000000001,0
"independent",300,16,"ordpp item",0.0403814255473312,0.00325942066791372,0.000688608597477675,1.14227911171509,0.12,NA,49.262,0
"independent",300,16,"PCA, equal scores",0.0133110334625559,0.00374572399049296,0.00190800226246517,1.08697702859475,0.09,NA,0.00300000000000011,NA
"independent",300,16,"Polychoric PCA",0.011465881857455,0.0035986495056929,0.00186599337164841,1.08383363340497,0.09,NA,0.215000000000003,NA
"independent",300,16,"Gifi princals",0.00284624331108945,0.000418742728969473,0.000796716960876768,0.943810496402556,0.775,NA,0.620999999999995,NA
"independent",300,16,"ordPens ordPCA",0.0179330331690105,0.0049276529444016,0.00179693210693806,1.13332447115637,0.06,NA,0.012999999999991,NA
"independent",300,17,"ordpp linear",0.011866239392669,0.000952751377691903,0.000849892755896931,0.914889644841427,0.535,NA,0.621000000000009,0
"independent",300,17,"ordpp common",0.0170515677627355,0.000910366492477252,0.00133278473257515,0.965255558623282,0.535,NA,1.354,0
"independent",300,17,"ordpp item",0.0283746198026991,0.000254837928132043,0.000260496582409426,0.986830557157418,0.945,NA,15.439,0
"independent",300,17,"PCA, equal scores",0.00627272289811305,7.03266264563323e-05,6.7891468349717e-05,1.00160475190373,1,NA,0.00300000000000011,NA
"independent",300,17,"Polychoric PCA",0.00520904017731741,0.000594065806263239,0.000171384572083424,1.06335561651984,0.71,NA,0.248000000000005,NA
"independent",300,17,"Gifi princals",0.00645337305197586,0.000439550852427753,0.000158605297821363,0.872307962993724,0.77,NA,0.219000000000008,NA
"independent",300,17,"ordPens ordPCA",0.00716493319561318,0.0015652893702838,0.000724792114564692,1.09952442688659,0.33,NA,0.0159999999999911,NA
"independent",300,18,"ordpp linear",0.0145402164640561,0.00305390863809466,0.00307585866375981,1.13161344476129,0.095,NA,0.996000000000002,0
"independent",300,18,"ordpp common",0.0159483596003301,0.00419372521719823,0.00328286730317756,1.22355432469012,0.05,NA,1.80000000000001,0
"independent",300,18,"ordpp item",0.0257299491410846,0.00765643348419799,0.00402800427835048,1.28767008453164,0.01,NA,26.425,0
"independent",300,18,"PCA, equal scores",0.00415495621918556,0.000606861803687321,0.000522526188054792,1.06352880081886,0.79,NA,0.00199999999999534,NA
"independent",300,18,"Polychoric PCA",0.00355981351566835,0.000317878445151045,0.000242441220522972,1.06162278174615,0.91,NA,0.206000000000003,NA
"independent",300,18,"Gifi princals",0.0023026095702798,0.00139597768541927,0.00143345486082847,0.942459100054892,0.235,NA,0.144000000000005,NA
"independent",300,18,"ordPens ordPCA",0.00472118549627201,0.000410053672858268,0.000344923439448784,1.03338761629455,0.86,NA,0.0180000000000007,NA
"independent",300,19,"ordpp linear",0.0111401295113027,0.00314551839551739,0.00186700600242669,0.838108429633866,0.155,NA,0.864000000000004,0
"independent",300,19,"ordpp common",0.0127951654553509,0.00298166153026583,0.000360138550570027,1.1824193215068,0.075,NA,1.589,0
"independent",300,19,"ordpp item",0.0208171580675208,0.00138664317988483,0.00142279859415146,0.923540813376265,0.33,NA,33.527,0
"independent",300,19,"PCA, equal scores",0.0078650939999926,0.00524513899301472,0.00298190571422413,0.813814877531346,0.035,NA,0.00199999999998113,NA
"independent",300,19,"Polychoric PCA",0.00697664718355024,0.00468064069901662,0.00258132983521021,0.816945501383822,0.055,NA,0.219999999999999,NA
"independent",300,19,"Gifi princals",0.0128914802238377,0.00160359638878756,0.000716258788755509,0.923429808827935,0.345,NA,0.137999999999977,NA
"independent",300,19,"ordPens ordPCA",0.0081542838652742,0.00557094379701566,0.00296906122422798,0.811518152662947,0.035,NA,0.0129999999999768,NA
"independent",300,20,"ordpp linear",0.0133591318432908,0.00144374674511901,0.00142931379543194,1.00649568920904,0.38,NA,0.730999999999995,0
"independent",300,20,"ordpp common",0.0144454290975047,0.00141048034823456,0.00137763675249874,1.0103013527185,0.395,NA,1.26600000000001,0
"independent",300,20,"ordpp item",0.0259527348794476,0.00192247372161927,0.0020281353694251,1.08139156487997,0.26,NA,32.308,0
"independent",300,20,"PCA, equal scores",0.00826284623227559,0.000343182580418389,0.000276455201666229,0.980028233475488,0.825,NA,0.00200000000000955,NA
"independent",300,20,"Polychoric PCA",0.00819540339752734,0.000275424606203215,0.000260115011008697,0.988367410270911,0.885,NA,0.192000000000007,NA
"independent",300,20,"Gifi princals",0.0141540070571784,0.000283903456919394,0.000279808449783425,0.988195216318225,0.95,NA,0.195999999999998,NA
"independent",300,20,"ordPens ordPCA",0.0103327716529708,0.000245597834900051,0.000240672702625463,0.986272975310198,0.905,NA,0.0139999999999816,NA
"independent",300,21,"ordpp linear",0.0111040009635579,0.000485592477708066,6.28449833610153e-05,1.08986467984518,0.795,NA,0.655000000000001,0
"independent",300,21,"ordpp common",0.0162692963901425,0.000241370867293061,0.000280834231162772,0.97828041063029,0.87,NA,1.447,0
"independent",300,21,"ordpp item",0.0214054553387428,0.00050353531120402,0.000346293067286777,0.954598426726913,0.775,NA,25.967,0
"independent",300,21,"PCA, equal scores",0.0054931414184143,0.000908557889277555,0.000909411865225721,1.01302343536022,0.575,NA,0.00199999999998113,NA
"independent",300,21,"Polychoric PCA",0.00504900556295877,0.00101193618387589,0.00101182058205967,1.02376688006228,0.52,NA,0.262,NA
"independent",300,21,"Gifi princals",0.00457726522838941,0.000206200358495104,0.000329669195513584,0.944231944199404,0.87,NA,0.12700000000001,NA
"independent",300,21,"ordPens ordPCA",0.00619305984464598,0.0013430382466845,0.00133451019523606,1.00935443910866,0.395,NA,0.0169999999999959,NA
"independent",300,22,"ordpp linear",0.0166884523457788,0.000132276023199761,0.00014674147969798,1.01390226225137,0.98,NA,0.738,0
"independent",300,22,"ordpp common",0.0172790058332561,0.000141329179423691,0.000141693091516736,0.999049577849997,0.975,NA,1.294,0
"independent",300,22,"ordpp item",0.0282107485715827,0.000249607098383293,0.000302940081928033,0.955485235668965,0.92,NA,26.282,0
"independent",300,22,"PCA, equal scores",0.0139013412455589,0.000810375157383647,0.000443131120093099,1.06722959515146,0.59,NA,0.0029999999999859,NA
"independent",300,22,"Polychoric PCA",0.0132742300217037,0.000574245263618656,0.00035816156210585,1.05815067125796,0.725,NA,0.236000000000018,NA
"independent",300,22,"Gifi princals",0.00339733678735569,0.000449109896308293,0.000407872878083841,1.05663327557142,0.78,NA,0.226999999999975,NA
"independent",300,22,"ordPens ordPCA",0.0138376919683655,0.000910183159183592,0.000493312620081367,1.07899844866546,0.535,NA,0.0130000000000052,NA
"independent",300,23,"ordpp linear",0.0112272489144809,0.00292377335054798,0.00182660171097908,0.874431360103271,0.13,NA,0.760999999999996,0
"independent",300,23,"ordpp common",0.0109555676203717,0.00408105106240908,0.00204743102797888,0.811840024730354,0.105,NA,0.980999999999995,0
"independent",300,23,"ordpp item",0.0253016830621813,0.000358253635885174,0.000313516568585745,1.02382250477372,0.875,NA,27.214,0
"independent",300,23,"PCA, equal scores",0.00598923715607994,0.00203854485451586,0.00102661805378968,1.16510229373217,0.3,NA,0.00199999999999534,NA
"independent",300,23,"Polychoric PCA",0.00515342345552614,0.00231261066923813,0.00125360740022998,1.16974736047995,0.25,NA,0.260000000000005,NA
"independent",300,23,"Gifi princals",0.00356499591993859,0.000343753282068356,0.000685207555426815,0.880327526478322,0.83,NA,0.265999999999991,NA
"independent",300,23,"ordPens ordPCA",0.00643226831431772,0.00215021569899533,0.000712574899227394,1.17515427886904,0.29,NA,0.0120000000000005,NA
"independent",300,24,"ordpp linear",0.0176029389057098,0.000910526712494596,0.000917906865121618,0.999037170643343,0.6,NA,0.530000000000001,0
"independent",300,24,"ordpp common",0.0204822083222984,0.000907618102819663,0.000852323350363863,1.00957942500916,0.58,NA,1.19799999999999,0
"independent",300,24,"ordpp item",0.0366450817008881,0.00059245214201518,0.000259243753280409,1.05179631329094,0.715,NA,27.801,0
"independent",300,24,"PCA, equal scores",0.0128765389534824,0.000556979220348394,0.000821431234752072,0.915947410559624,0.785,NA,0.00199999999999534,NA
"independent",300,24,"Polychoric PCA",0.0117946557080446,0.000627597787078599,0.000609912487862206,0.920592953776202,0.77,NA,0.296999999999997,NA
"independent",300,24,"Gifi princals",0.00186001235622074,0.000483417596062072,0.000531040392144296,1.01289852324326,0.61,NA,0.159000000000006,NA
"independent",300,24,"ordPens ordPCA",0.0140664266613038,0.000723850673193491,0.0010685953913914,0.913849362318783,0.69,NA,0.0120000000000005,NA
"independent",300,25,"ordpp linear",0.0110292491566167,0.000650387484091925,0.000747517139485923,1.01644494652879,0.755,NA,0.677999999999997,0
"independent",300,25,"ordpp common",0.0191200343696681,0.000288371278012965,0.000334116657281061,1.01516585583076,0.885,NA,1.53199999999998,0
"independent",300,25,"ordpp item",0.0281089213504144,0.000360298596417317,0.000469140789974944,1.04924211227718,0.855,NA,24.687,0
"independent",300,25,"PCA, equal scores",0.00665238428767189,0.000364150564269313,0.000514962727771065,1.06832071031675,0.865,NA,0.00300000000001432,NA
"independent",300,25,"Polychoric PCA",0.00813551932507961,0.000338239270338595,0.000537224211790122,1.04371372215931,0.905,NA,0.187999999999988,NA
"independent",300,25,"Gifi princals",0.00183808191917773,0.000341221006519095,0.000499368822229017,0.93503855560675,0.845,NA,0.356999999999999,NA
"independent",300,25,"ordPens ordPCA",0.00930916209621077,0.000470411533997318,0.000701422198504104,1.0525859272435,0.82,NA,0.0120000000000005,NA
"independent",300,26,"ordpp linear",0.017966917643101,0.00106976631930792,0.00132162249470421,0.970543835103844,0.53,NA,0.604000000000013,0
"independent",300,26,"ordpp common",0.0142023165254511,0.000798499067423355,0.000841365365022243,0.995904675444892,0.565,NA,1.636,0
"independent",300,26,"ordpp item",0.0226395797396754,0.00024337443069379,0.000336790478174492,0.918524433902498,0.91,NA,25.066,0
"independent",300,26,"PCA, equal scores",0.00673820322191038,0.00150277713912821,0.00200513420466093,0.894674629120372,0.37,NA,0.0029999999999859,NA
"independent",300,26,"Polychoric PCA",0.00580850874981437,0.000855447005674586,0.00123976227470393,0.897526288839325,0.555,NA,0.245000000000005,NA
"independent",300,26,"Gifi princals",0.0035172604850966,0.000472898810611168,0.00064599402781707,0.971940401202615,0.8,NA,0.206000000000017,NA
"independent",300,26,"ordPens ordPCA",0.00592372949085946,0.00102704703796872,0.00152775319220072,0.920590834025982,0.525,NA,0.01400000000001,NA
"independent",300,27,"ordpp linear",0.020399171670016,0.00220737042648162,0.00195494884784763,0.903374743222539,0.25,NA,0.530999999999977,0
"independent",300,27,"ordpp common",0.0244495491193308,0.00173482007605011,0.00113146607877522,0.91600665980029,0.33,NA,1.453,0
"independent",300,27,"ordpp item",0.0361210513252731,0.00340063397881121,0.00219855041916032,0.860642919808325,0.085,NA,30.083,0
"independent",300,27,"PCA, equal scores",0.00895808623957436,0.000426854574892337,0.000346297374499569,0.945788939077945,0.835,NA,0.00200000000000955,NA
"independent",300,27,"Polychoric PCA",0.0078333249480573,0.000503553372166476,0.000551322756967904,0.970717920431229,0.78,NA,0.246999999999986,NA
"independent",300,27,"Gifi princals",0.00890070465517274,0.00049444897149113,0.000455955784694732,1.00934939987993,0.79,NA,0.194999999999993,NA
"independent",300,27,"ordPens ordPCA",0.0101800390961021,0.000457119097865468,0.000422875799175726,0.9639639433111,0.825,NA,0.0120000000000005,NA
"independent",300,28,"ordpp linear",0.0203813423159789,0.00374289374156399,0.000219059417528928,0.794960572677689,0.075,NA,0.766999999999996,0
"independent",300,28,"ordpp common",0.0237621938053698,0.004250184480908,0.000613410114505251,0.791347718755071,0.105,NA,1.58799999999999,0
"independent",300,28,"ordpp item",0.03375035054289,0.00387516228525817,0.0005164126828597,0.787726030672082,0.07,NA,36.441,0
"independent",300,28,"PCA, equal scores",0.0122911156210993,0.0020211893051367,0.000258549745148765,0.857429286897489,0.295,NA,0.00300000000001432,NA
"independent",300,28,"Polychoric PCA",0.0118831621887614,0.00211057820815058,0.000265928360395362,0.855337429287145,0.275,NA,0.216999999999985,NA
"independent",300,28,"Gifi princals",0.00476042360830284,0.00106758820339325,0.000270264394346882,0.849711653931441,0.355,NA,0.210000000000008,NA
"independent",300,28,"ordPens ordPCA",0.0122507593565281,0.0021851936873481,0.000286215836028358,0.850726669973708,0.245,NA,0.0120000000000005,NA
"independent",300,29,"ordpp linear",0.0116405280241619,0.00131443687806728,0.000410906738369108,1.08303966376324,0.455,NA,0.825000000000003,0
"independent",300,29,"ordpp common",0.0159167228392539,0.000834795091629258,0.000245170432911308,1.13881620430241,0.655,NA,1.20500000000001,0
"independent",300,29,"ordpp item",0.0223234788871367,0.000739194032126301,0.000248496844590271,1.12868109220254,0.655,NA,21.123,0
"independent",300,29,"PCA, equal scores",0.00517827867044655,0.00130998692446965,0.000417764708760176,1.10509284826359,0.435,NA,0.00199999999998113,NA
"independent",300,29,"Polychoric PCA",0.00400092239667848,0.000989567867291751,0.000437639788375905,1.07727416974887,0.515,NA,0.280000000000001,NA
"independent",300,29,"Gifi princals",0.00258392779663872,0.000718911558678,0.00116820655649366,1.10970126388602,0.485,NA,0.200999999999993,NA
"independent",300,29,"ordPens ordPCA",0.00559538466210702,0.000957235990583402,0.000151341445371153,1.11142597884411,0.555,NA,0.0150000000000148,NA
"independent",300,30,"ordpp linear",0.0127247928656243,0.000258031594659216,0.000280351633970688,1.03325121415918,0.905,NA,1.029,0
"independent",300,30,"ordpp common",0.0132770463998022,0.000409820429204531,0.000371458538368675,1.05061142878401,0.82,NA,1.61699999999999,0
"independent",300,30,"ordpp item",0.0194209992397468,0.00104074760028719,0.000466559709966208,1.09837725778779,0.545,NA,19.672,0
"independent",300,30,"PCA, equal scores",0.00787113397390607,0.00107900317264468,0.00120147671711427,0.946687988594224,0.475,NA,0.00200000000000955,NA
"independent",300,30,"Polychoric PCA",0.00783839935889613,0.0012972242766566,0.001678550084192,0.946158343349219,0.48,NA,0.205999999999989,NA
"independent",300,30,"Gifi princals",0.00545945356853471,0.00282576689143304,0.00226914080851132,0.931940424630953,0.065,NA,0.276999999999987,NA
"independent",300,30,"ordPens ordPCA",0.00848642140328696,0.00135453868215133,0.00164125811953997,0.961056848310932,0.41,NA,0.0129999999999768,NA
"independent",300,31,"ordpp linear",0.0116642074140243,0.00212220098559867,0.00103078019741439,1.09605099268019,0.205,NA,0.626000000000005,0
"independent",300,31,"ordpp common",0.01442748485607,0.00138235892660034,0.000712301295052166,1.1059406614423,0.33,NA,1.55799999999999,0
"independent",300,31,"ordpp item",0.0335962182599015,0.000350734694365053,0.000289766015976429,1.03090493343549,0.88,NA,27.313,0
"independent",300,31,"PCA, equal scores",0.00605953499906736,0.00063166320754233,0.000311741369948967,0.952870901708575,0.72,NA,0.00200000000000955,NA
"independent",300,31,"Polychoric PCA",0.00515362529826063,0.00109688182377312,0.000306973076515505,0.919866970923304,0.505,NA,0.22999999999999,NA
"independent",300,31,"Gifi princals",0.00380781727554474,0.000799877867750866,0.000495164588545381,0.904740299288395,0.62,NA,0.144000000000005,NA
"independent",300,31,"ordPens ordPCA",0.00547083198481626,0.00100542264126643,0.000226498026769731,0.906344301711772,0.53,NA,0.0110000000000241,NA
"independent",300,33,"ordpp linear",0.012683507533855,0.0015650882789911,0.00152505445948515,0.954025402705583,0.385,NA,0.659999999999997,0
"independent",300,33,"ordpp common",0.013808764340879,0.00163001108628263,0.00160844227301259,0.981202559765125,0.345,NA,1.654,0
"independent",300,33,"ordpp item",0.0242656389485977,0.00175378476811499,0.000258650358957533,0.870112502046188,0.29,NA,22.979,0
"independent",300,33,"PCA, equal scores",0.0034124356121196,0.00464905933173046,0.00280029908327497,0.881184447398435,0.045,NA,0.00200000000000955,NA
"independent",300,33,"Polychoric PCA",0.00306632954260069,0.00348693226908041,0.002478669094292,0.92427296380124,0.085,NA,0.266999999999996,NA
"independent",300,33,"Gifi princals",0.0021810189473922,0.00184486686059555,0.000878581122667403,0.904248007720394,0.09,NA,0.132000000000005,NA
"independent",300,33,"ordPens ordPCA",0.00473264668350291,0.00453374621596239,0.00236158003211999,0.865921612858111,0.035,NA,0.0129999999999768,NA
"independent",300,34,"ordpp linear",0.013884921346326,0.00046861161093652,0.000696422528479479,0.933484418085598,0.8,NA,0.697000000000003,0
"independent",300,34,"ordpp common",0.0152927398657042,0.000341414064580114,0.000668613490650783,0.938829247105448,0.875,NA,1.19399999999999,0
"independent",300,34,"ordpp item",0.0272239795643348,0.00028912075355981,0.000112609534178477,0.941097446807895,0.915,NA,37.457,0
"independent",300,34,"PCA, equal scores",0.00633340714172882,0.000713049925934697,0.000662418148846852,0.931442121367929,0.67,NA,0.00300000000001432,NA
"independent",300,34,"Polychoric PCA",0.0062533018785189,0.000674374563091098,0.000625916565919537,0.921936921748037,0.7,NA,0.262,NA
"independent",300,34,"Gifi princals",0.00357432952053904,0.000285193583776838,0.000453728724110807,0.909574075881222,0.865,NA,0.153999999999996,NA
"independent",300,34,"ordPens ordPCA",0.00807969266605732,0.000758539902082432,0.000700790666972315,0.914977833184645,0.64,NA,0.0139999999999816,NA
"independent",300,35,"ordpp linear",0.0132832496184145,0.00168618272083357,0.00102824442158521,0.941632268487632,0.285,NA,0.87299999999999,0
"independent",300,35,"ordpp common",0.0138701877083638,0.0014197733865958,0.00107697970879371,0.96209078841551,0.37,NA,1.46899999999999,0
"independent",300,35,"ordpp item",0.0257283406109395,9.27907380108109e-05,5.19651003682563e-05,1.03667372791295,0.99,NA,21.77,0
"independent",300,35,"PCA, equal scores",0.00316964923331168,0.00226383134569807,0.00126887438593186,1.11946346909844,0.21,NA,0.00200000000000955,NA
"independent",300,35,"Polychoric PCA",0.00386277398994661,0.00378013439620085,0.00166593350350194,1.1757152104676,0.095,NA,0.187000000000012,NA
"independent",300,35,"Gifi princals",0.00205506441036489,0.000971215205951917,0.00133257763298642,0.939357303228656,0.305,NA,0.137,NA
"independent",300,35,"ordPens ordPCA",0.00572638494862212,0.00496678666606239,0.00212435320963535,1.14305780465866,0.065,NA,0.0169999999999959,NA
"independent",300,36,"ordpp linear",0.0100465056907,0.000875615754504342,0.000692669563237059,0.952778828319457,0.64,NA,0.820999999999998,0
"independent",300,36,"ordpp common",0.014932593773564,0.000830961563305797,0.000263924670528325,0.933535832661218,0.67,NA,1.352,0
"independent",300,36,"ordpp item",0.0330674360614764,0.000585839860253259,0.000592676603826666,0.948871350519802,0.755,NA,41.368,0
"independent",300,36,"PCA, equal scores",0.00676665237890802,0.000422776842010003,0.00043203563805686,1.00369137295112,0.765,NA,0.00200000000000955,NA
"independent",300,36,"Polychoric PCA",0.00572887156205068,0.000349543751380064,0.000289253372811433,0.979168041100407,0.835,NA,0.205000000000013,NA
"independent",300,36,"Gifi princals",0.00307443054148704,0.000743230210258062,0.000595560382561832,0.950672889309325,0.42,NA,0.278999999999996,NA
"independent",300,36,"ordPens ordPCA",0.0085544908086878,0.0011869114043517,0.00125136730841443,1.0097278645359,0.51,NA,0.0169999999999959,NA
"independent",300,37,"ordpp linear",0.0160787347323289,0.000194510710261672,4.54037523320802e-05,0.948938302982194,0.925,NA,0.688000000000017,0
"independent",300,37,"ordpp common",0.0168018989602636,0.000217649127853749,5.26718952574599e-05,0.944731385085176,0.9,NA,1.85400000000001,0
"independent",300,37,"ordpp item",0.0263254203362461,0.000138965122432749,0.000136767397786348,1.00677648714435,0.96,NA,37.75,0
"independent",300,37,"PCA, equal scores",0.00837935004876329,2.63945998534714e-05,3.56017026085857e-05,0.988907167452651,1,NA,0.0029999999999859,NA
"independent",300,37,"Polychoric PCA",0.00819838659106099,2.49464655002951e-05,3.84318620666432e-05,0.97859646984204,1,NA,0.294999999999987,NA
"independent",300,37,"Gifi princals",0.00571166517383758,0.00216540175583472,0.001412993029269,1.04389224956799,0.2,NA,0.14700000000002,NA
"independent",300,37,"ordPens ordPCA",0.00920600881411676,0.000249094631711516,0.000369264497244777,0.971942944025851,0.885,NA,0.0129999999999768,NA
"independent",300,38,"ordpp linear",0.0144384275655289,0.00239714497033934,0.000940997210027402,1.13541666484789,0.16,NA,0.534999999999997,0
"independent",300,38,"ordpp common",0.014743207318946,0.00268795983016148,0.00109328596269247,1.13970356620915,0.12,NA,1.58799999999999,0
"independent",300,38,"ordpp item",0.0235272235507889,0.000592093575566238,0.000198905635328783,0.913982512826021,0.71,NA,36.295,0
"independent",300,38,"PCA, equal scores",0.00610392137041113,0.00176794920715317,0.000546478092152158,1.09105760914905,0.28,NA,0.0029999999999859,NA
"independent",300,38,"Polychoric PCA",0.00459370367935035,0.00184119135798823,0.000909831751442354,1.07364521261466,0.27,NA,0.283999999999992,NA
"independent",300,38,"Gifi princals",0.0160665273515231,0.00134228173683161,0.00106206428736279,1.07412179731969,0.345,NA,0.426000000000016,NA
"independent",300,38,"ordPens ordPCA",0.0067373422285916,0.00108796832625714,0.000937130494648814,1.04686768761598,0.48,NA,0.0160000000000196,NA
"independent",300,39,"ordpp linear",0.0163441008890421,0.00146998973839853,0.000421762096368211,0.877948979555256,0.4,NA,0.73599999999999,0
"independent",300,39,"ordpp common",0.016888121237325,0.00161776799382133,0.000540019307051466,0.87773247254109,0.35,NA,1.49799999999999,0
"independent",300,39,"ordpp item",0.0266867146391764,0.00237477003181538,0.00153769871748328,0.871120004052941,0.18,NA,28.234,0
"independent",300,39,"PCA, equal scores",0.00591964094855939,0.000540069790307113,0.000545893911932618,0.976196427232267,0.735,NA,0.0029999999999859,NA
"independent",300,39,"Polychoric PCA",0.0062348098225925,0.000701143747594454,0.000647738707415913,0.957857544698106,0.665,NA,0.242999999999995,NA
"independent",300,39,"Gifi princals",0.00828947904768742,0.00258778784226674,0.00138755872818213,0.85001239828112,0.125,NA,0.102000000000004,NA
"independent",300,39,"ordPens ordPCA",0.00531379737936353,0.000625774107361303,0.000583991788004496,0.962655156226437,0.675,NA,0.0130000000000052,NA
"independent",300,40,"ordpp linear",0.0150206030275755,0.000420211780099324,0.000229618308512794,1.04052041992815,0.8,NA,0.615000000000009,0
"independent",300,40,"ordpp common",0.0153461213298551,0.000353371427113648,0.000242953669421141,1.0324005089913,0.835,NA,1.267,0
"independent",300,40,"ordpp item",0.0274512547031207,0.000425920048502055,0.000520316252185675,1.0222052913934,0.825,NA,30.734,0
"independent",300,40,"PCA, equal scores",0.00698327558144205,0.00104588275718483,0.000845102361381292,1.02303570702154,0.495,NA,0.00200000000000955,NA
"independent",300,40,"Polychoric PCA",0.00629351242093769,0.000983846774412462,0.000909242357768385,1.01164841576527,0.535,NA,0.271000000000015,NA
"independent",300,40,"Gifi princals",0.00665747703508544,0.000213483268112981,0.000439357480626378,0.940207845603157,0.935,NA,0.209000000000003,NA
"independent",300,40,"ordPens ordPCA",0.00712803947168065,0.000872855812782808,0.000697959806101783,1.02553716874878,0.57,NA,0.0109999999999673,NA
"independent",300,41,"ordpp linear",0.0106113239149,0.00244956052535441,0.0018359929663262,1.0781884398897,0.19,NA,0.522999999999996,0
"independent",300,41,"ordpp common",0.0135001966260675,0.000889137366564338,0.00119059989691134,1.05252428635738,0.585,NA,1.304,0
"independent",300,41,"ordpp item",0.0257577647860662,0.00331333391690412,0.00257709231450327,0.95307626226667,0.085,NA,38.986,0
"independent",300,41,"PCA, equal scores",0.00368868797474159,0.00103933760871127,0.000215625652393114,0.888238313019481,0.59,NA,0.0029999999999859,NA
"independent",300,41,"Polychoric PCA",0.00231114795707077,0.00232842097876697,0.000501505744831205,0.851946282505194,0.18,NA,0.254999999999995,NA
"independent",300,41,"Gifi princals",0.00834470972342895,0.00133349455098795,0.00109794290381975,0.868991164398886,0.365,NA,0.308999999999997,NA
"independent",300,41,"ordPens ordPCA",0.00608151512528768,0.00090610192765498,0.0002753738810654,0.915711194631887,0.605,NA,0.0159999999999911,NA
"independent",300,42,"ordpp linear",0.0125651622575424,0.00128713363411534,0.000588657130879631,0.862115505220155,0.4,NA,1.21600000000001,0
"independent",300,42,"ordpp common",0.0144164615428274,0.000472357450864988,0.000406573044670504,0.943364395612244,0.78,NA,1.70999999999998,0
"independent",300,42,"ordpp item",0.0214548838826805,0.000141839291140922,0.00030387482985784,0.966695832640117,0.975,NA,26.436,0
"independent",300,42,"PCA, equal scores",0.00501196400356744,0.000721125508865437,0.000713030870367178,1.04678896149959,0.715,NA,0.00300000000001432,NA
"independent",300,42,"Polychoric PCA",0.00488796566938712,0.000825292219614117,0.00077457302919031,1.06657414384514,0.64,NA,0.257999999999981,NA
"independent",300,42,"Gifi princals",0.00435757089893054,0.000358647297455749,0.000444831683038311,1.06994680799751,0.78,NA,0.163000000000011,NA
"independent",300,42,"ordPens ordPCA",0.00521786247882236,0.000936287538320399,0.000985357992886403,1.04055839821938,0.65,NA,0.0109999999999957,NA
"independent",300,43,"ordpp linear",0.0138171267272849,7.6779408851632e-05,0.000201512031737074,0.951557976346169,0.995,NA,0.850000000000023,0
"independent",300,43,"ordpp common",0.0165261953230869,0.000333346712905876,0.000203142717652321,0.962109990177661,0.87,NA,1.852,0
"independent",300,43,"ordpp item",0.0277743457199351,0.00115621986025074,0.00072821862352776,0.884537058077934,0.435,NA,22.193,0
"independent",300,43,"PCA, equal scores",0.00563100543765294,0.000566631592275623,0.000487249729633848,1.00898474882971,0.7,NA,0.0029999999999859,NA
"independent",300,43,"Polychoric PCA",0.00470011094285515,0.000287508392030081,0.000414826053300933,0.937102942778741,0.89,NA,0.182999999999993,NA
"independent",300,43,"Gifi princals",0.00773015718845602,0.00053647197087582,0.000459315249266226,1.04317245356208,0.69,NA,0.389999999999986,NA
"independent",300,43,"ordPens ordPCA",0.00891474332391885,0.000655968502389137,0.000592350562564769,0.991001981273683,0.62,NA,0.0230000000000246,NA
"independent",300,45,"ordpp linear",0.0115736988407523,0.00177810797427327,0.000639077506128487,0.914993239803314,0.285,NA,0.656000000000006,0
"independent",300,45,"ordpp common",0.0134408495441926,0.000812333583448774,0.000174894647911281,0.922513319028833,0.625,NA,1.05099999999999,0
"independent",300,45,"ordpp item",0.027373190479064,0.0011621293375751,0.000218435425761782,0.856029895768353,0.46,NA,36.008,0
"independent",300,45,"PCA, equal scores",0.00388951929899753,0.000284755787126914,0.000331542621240581,0.989986045156292,0.885,NA,0.00300000000004275,NA
"independent",300,45,"Polychoric PCA",0.0039931261053004,0.000270901920949159,0.000356180042056681,0.973684931624185,0.88,NA,0.199000000000012,NA
"independent",300,45,"Gifi princals",0.00205035576988121,0.00277712609567798,0.00232121652301318,1.03865961436542,0.03,NA,0.135999999999967,NA
"independent",300,45,"ordPens ordPCA",0.00379290595798089,0.000355978761372329,0.000428455839713879,0.987228699982865,0.845,NA,0.0120000000000005,NA
"independent",300,46,"ordpp linear",0.00883776226285087,0.00119525527607236,0.000893381086377296,1.07776180785236,0.505,NA,0.783000000000015,0
"independent",300,46,"ordpp common",0.0092745636899792,0.00127642092744202,0.00121821236263686,1.06887206977732,0.485,NA,1.30199999999996,0
"independent",300,46,"ordpp item",0.0219052413280969,0.00031179694292092,0.000206387453417374,0.968068574219225,0.905,NA,21.897,0
"independent",300,46,"PCA, equal scores",0.00226895133146754,0.00089550901013849,4.52808387197844e-05,0.8962002028881,0.575,NA,0.0029999999999859,NA
"independent",300,46,"Polychoric PCA",0.00156874475570116,0.000907798750392096,0.000236097814200526,0.921093294649017,0.495,NA,0.283999999999992,NA
"independent",300,46,"Gifi princals",0.00449486046861114,9.15153237144655e-05,0.000128949318643876,0.92398353934369,0.985,NA,0.243999999999971,NA
"independent",300,46,"ordPens ordPCA",0.00329487935133017,0.000890006808027727,0.000153187092567437,0.856975854158918,0.6,NA,0.0130000000000337,NA
"independent",300,47,"ordpp linear",0.0158013635094277,0.00114844559972637,0.000898251397832872,0.965291214819141,0.525,NA,0.685000000000002,0
"independent",300,47,"ordpp common",0.0176371256452363,0.00137965070692069,0.000940945375313343,0.960928156576025,0.435,NA,1.35400000000001,0
"independent",300,47,"ordpp item",0.0273364915040169,0.00060796577638556,0.000185874364277631,0.915165717434781,0.645,NA,30.675,0
"independent",300,47,"PCA, equal scores",0.00734065335851573,0.00378810209884728,0.00127194519994601,0.850566341798126,0.09,NA,0.00300000000001432,NA
"independent",300,47,"Polychoric PCA",0.00754901501118554,0.00398113720808115,0.00147697124195526,0.85795186725165,0.085,NA,0.213999999999999,NA
"independent",300,47,"Gifi princals",0.00938516143331672,0.00149388347502521,0.00182757393165065,1.05608335254593,0.41,NA,0.105999999999995,NA
"independent",300,47,"ordPens ordPCA",0.00682350230724678,0.00400802270885543,0.00158029056431747,0.864123295494067,0.065,NA,0.01400000000001,NA
"independent",300,48,"ordpp linear",0.0114158039669559,0.00513846688316116,0.00294876162847019,0.850689631275977,0.06,NA,0.72399999999999,0
"independent",300,48,"ordpp common",0.0131461010349825,0.00468206618394975,0.0031816787276417,0.881433370432692,0.09,NA,1.88900000000001,0
"independent",300,48,"ordpp item",0.0266056267704167,0.00372484619733309,0.00107206856274101,0.849645467609285,0.06,NA,34.227,0
"independent",300,48,"PCA, equal scores",0.00763675356136449,0.00200731629118834,0.00133862896030135,0.839967052313091,0.27,NA,0.00199999999995271,NA
"independent",300,48,"Polychoric PCA",0.00688447376164282,0.00155154221503335,0.00124027194016553,0.845242967334451,0.375,NA,0.225999999999999,NA
"independent",300,48,"Gifi princals",0.00363845206810768,0.00144917158916233,0.00142325701240896,0.968236851589864,0.32,NA,0.122000000000014,NA
"independent",300,48,"ordPens ordPCA",0.0070410962814638,0.00151507384709569,0.00141856932424913,0.84713004533625,0.375,NA,0.0130000000000337,NA
"independent",300,49,"ordpp linear",0.0219530221695344,0.00342099886014711,0.00303812346556009,0.972278004081597,0.06,NA,0.475000000000023,0
"independent",300,49,"ordpp common",0.0293746677592443,0.00129115071364169,4.72567587008726e-05,1.14408544289649,0.475,NA,1.29899999999998,0
"independent",300,49,"ordpp item",0.0421919719563667,0.00119993830502328,0.000603663034501805,1.10753948123397,0.475,NA,29.331,0
"independent",300,49,"PCA, equal scores",0.0165203026425341,0.00119513761919058,0.000778036047268685,1.06939398148284,0.47,NA,0.0029999999999859,NA
"independent",300,49,"Polychoric PCA",0.0146928144171369,0.00137827453665575,0.00116992064828584,1.05161549474295,0.4,NA,0.274999999999977,NA
"independent",300,49,"Gifi princals",0.0291339333766444,0.00118405616384389,0.00108190279098949,1.00993526372071,0.555,NA,0.213999999999999,NA
"independent",300,49,"ordPens ordPCA",0.0208149840972503,0.0013589103649368,0.000613388688585316,1.10083454101053,0.405,NA,0.0120000000000005,NA
"independent",300,50,"ordpp linear",0.00928211354206718,0.000564758978998802,0.00034310664277089,1.03346653539406,0.695,NA,0.779999999999973,0
"independent",300,50,"ordpp common",0.0170576541012941,7.83999859132053e-05,7.5657586405918e-05,1.00435737495787,0.965,NA,1.94200000000001,0
"independent",300,50,"ordpp item",0.0251366847572807,0.00426196138785868,0.00207909977916577,1.09106093714209,0.055,NA,34.217,0
"independent",300,50,"PCA, equal scores",0.00474642742561174,0.000896224253556857,0.00150882427213833,0.944610038153312,0.645,NA,0.0029999999999859,NA
"independent",300,50,"Polychoric PCA",0.00444334052869039,0.000954908074348964,0.00171144375439736,0.92094416311763,0.615,NA,0.260999999999967,NA
"independent",300,50,"Gifi princals",0.00336076685631807,0.000269093812542777,0.000396620971852058,1.03070784876783,0.845,NA,0.545000000000016,NA
"independent",300,50,"ordPens ordPCA",0.00844625764433202,0.00104188769591834,0.00157037876900886,0.85324195542409,0.56,NA,0.0220000000000482,NA
"independent",800,1,"ordpp linear",0.00612770188273904,3.60786321111845e-05,3.31493351893945e-05,0.983915128387839,0.99,NA,1.08000000000004,0
"independent",800,1,"ordpp common",0.00826519507941435,0.000108108497713655,9.77848240700724e-05,0.98960852161255,0.905,NA,1.79699999999997,0
"independent",800,1,"ordpp item",0.0110379912620868,0.000165206537120396,0.000158657817041003,1.00910479954513,0.8,NA,23.116,0
"independent",800,1,"PCA, equal scores",0.00415862269125409,0.000459426837727847,0.000392789300673816,0.986614950141298,0.465,NA,0.00399999999996226,NA
"independent",800,1,"Polychoric PCA",0.00389178227065767,0.000612112696672395,0.000517476541183016,0.983118241134141,0.345,NA,0.23599999999999,NA
"independent",800,1,"Gifi princals",0.00163338741855962,0.000368583885840462,0.000261369532628453,0.968364271219093,0.525,NA,0.302999999999997,NA
"independent",800,1,"ordPens ordPCA",0.00479466868818006,0.000300785155657845,0.000271652786305783,0.993377782657776,0.64,NA,0.0269999999999868,NA
"independent",800,2,"ordpp linear",0.00668908318214574,0.00108139391400518,0.000536974728431584,1.04916530350199,0.11,NA,1.01300000000003,0
"independent",800,2,"ordpp common",0.00682097624319787,0.00114473376838873,0.000594223260413246,1.04787635238446,0.09,NA,2.28299999999996,0
"independent",800,2,"ordpp item",0.0100524259701812,0.000801985222752606,0.000469170977995531,1.03378230169866,0.225,NA,31.204,0
"independent",800,2,"PCA, equal scores",0.00463473325671891,0.00163422764555666,0.000702000146862283,1.10040403547216,0.045,NA,0.00399999999996226,NA
"independent",800,2,"Polychoric PCA",0.00469566275783166,0.00173461308066038,0.000653090720601154,1.11199784801842,0.04,NA,0.293000000000006,NA
"independent",800,2,"Gifi princals",0.00186590037339703,0.000325715684789962,0.000329632305038387,1.00099171891116,0.475,NA,0.240000000000009,NA
"independent",800,2,"ordPens ordPCA",0.00517013171391182,0.00102329292834003,0.000512801923343628,1.06471003933647,0.15,NA,0.0330000000000155,NA
"independent",800,3,"ordpp linear",0.0112932280655402,0.000461199038256272,0.000294187408502647,0.923766966654528,0.42,NA,1.06200000000001,0
"independent",800,3,"ordpp common",0.0118647685249475,0.000431481426514251,0.000269645081988296,0.92215387965271,0.425,NA,2.161,0
"independent",800,3,"ordpp item",0.0137251153801638,0.000356378195221722,0.000261687804128975,0.933924741663139,0.48,NA,29.394,0
"independent",800,3,"PCA, equal scores",0.00409197979832544,9.14209917407918e-05,7.87561039035487e-05,1.03932609805146,0.9,NA,0.00399999999996226,NA
"independent",800,3,"Polychoric PCA",0.00287028597784986,0.000209482327562038,5.54081690491384e-05,1.05232882777596,0.72,NA,0.242999999999995,NA
"independent",800,3,"Gifi princals",0.00135700957777923,0.000443363487134052,0.0004265100496362,0.99238999740729,0.335,NA,0.212000000000046,NA
"independent",800,3,"ordPens ordPCA",0.00550819472188655,0.000426078980575706,0.000147057736032189,1.04654625112262,0.51,NA,0.0780000000000314,NA
"independent",800,4,"ordpp linear",0.00482742775942786,0.000104890783542308,8.36114468070313e-05,1.03404929119868,0.91,NA,1.25899999999996,0
"independent",800,4,"ordpp common",0.00574080319247407,0.000301750282875192,0.00033987582185706,1.0298483978304,0.62,NA,2.60200000000003,0
"independent",800,4,"ordpp item",0.008052519219495,8.24688204860893e-05,7.2250230830864e-05,1.02430958284728,0.915,NA,22.345,0
"independent",800,4,"PCA, equal scores",0.00286265897918404,0.000918223165984266,0.000786475214508044,1.09811985264756,0.185,NA,0.0040000000000191,NA
"independent",800,4,"Polychoric PCA",0.00269742804697999,0.000851125283827498,0.000679223875203962,1.09594338260266,0.205,NA,0.191000000000031,NA
"independent",800,4,"Gifi princals",0.00340278677263423,0.000421484903046488,0.000331551128848304,0.96649910866014,0.45,NA,0.529999999999973,NA
"independent",800,4,"ordPens ordPCA",0.00405827886006492,0.000453130263748306,0.000277847976863807,1.10238044322387,0.45,NA,0.0339999999999918,NA
"independent",800,5,"ordpp linear",0.00442760832828207,0.000398616919442662,0.000232403145631182,0.951668003699047,0.545,NA,1.33999999999997,0
"independent",800,5,"ordpp common",0.00522254454019985,0.000406450602552953,0.000355198021873046,0.971863058515042,0.525,NA,1.97500000000002,0
"independent",800,5,"ordpp item",0.00874906830493825,0.000966510809219195,0.000756302067941382,1.05175669513249,0.17,NA,19.193,0
"independent",800,5,"PCA, equal scores",0.00231900411203702,0.00037115441272108,0.000295654056284674,0.960107888290874,0.42,NA,0.00399999999996226,NA
"independent",800,5,"Polychoric PCA",0.00214082724634716,0.000543339840392157,0.000414518759700095,0.954856762768783,0.3,NA,0.519000000000005,NA
"independent",800,5,"Gifi princals",0.00464352979353427,0.000851823290027234,0.00181076257775748,0.906468307100525,0.15,NA,0.288000000000011,NA
"independent",800,5,"ordPens ordPCA",0.00376294583960312,0.000304454526984724,0.000301581952964023,0.974526568578734,0.52,NA,0.0240000000000009,NA
"independent",800,6,"ordpp linear",0.00525177484892259,0.00027215979175904,0.000159840372790992,0.914710975810904,0.67,NA,1.17500000000001,0
"independent",800,6,"ordpp common",0.00546467499547612,0.000277506358379408,0.000148601425914207,0.914208536667563,0.665,NA,1.83800000000002,0
"independent",800,6,"ordpp item",0.00840080051893455,0.000351561723925419,0.000368184218230025,0.914673497696471,0.565,NA,39.964,0
"independent",800,6,"PCA, equal scores",0.00237966696720662,0.000767626250311079,0.000408012605646155,0.959674627180529,0.27,NA,0.00899999999995771,NA
"independent",800,6,"Polychoric PCA",0.0024509171258275,0.00117835899224114,0.000460935560455471,0.932870982426654,0.135,NA,2.21099999999996,NA
"independent",800,6,"Gifi princals",0.000603583215863971,0.000191389131429708,0.000205663746063747,0.978092637096506,0.48,NA,1.35399999999998,NA
"independent",800,6,"ordPens ordPCA",0.00613082903066838,0.00296420392167269,0.000123643029166521,0.812703873970762,0.005,NA,0.120000000000005,NA
"independent",800,7,"ordpp linear",0.00573110747928538,0.00034903740969988,0.000169396849409398,1.09122684861346,0.495,NA,1.75799999999998,0
"independent",800,7,"ordpp common",0.00634777025959742,0.000395482650758539,0.000238015529275692,1.08458288831051,0.425,NA,2.55000000000001,0
"independent",800,7,"ordpp item",0.0102174841480527,0.00100465858819414,4.23169065671993e-05,1.14512229881777,0.115,NA,21.553,0
"independent",800,7,"PCA, equal scores",0.0032434415096837,0.000335321492416989,0.00036458615474339,1.00445152937809,0.605,NA,0.0040000000000191,NA
"independent",800,7,"Polychoric PCA",0.00279094734105651,0.000401549119833142,0.000370832653702594,0.995541026648181,0.53,NA,0.396000000000015,NA
"independent",800,7,"Gifi princals",0.00107861804223179,0.000305200007250331,0.00018877991288064,0.941642982760047,0.505,NA,0.257999999999981,NA
"independent",800,7,"ordPens ordPCA",0.00414624951327284,0.000465259584772536,0.000418719618204136,0.989226931085008,0.505,NA,0.0430000000000064,NA
"independent",800,8,"ordpp linear",0.00764441350720053,0.000310436080865942,0.00034109271302601,1.02234207112244,0.555,NA,1.04300000000001,0
"independent",800,8,"ordpp common",0.00838874470546368,0.000186536650451064,0.000203554497969868,1.02461273590803,0.765,NA,3.089,0
"independent",800,8,"ordpp item",0.0117483036372678,0.000743665331404815,0.000376876992327671,1.04207521067936,0.29,NA,38.495,0
"independent",800,8,"PCA, equal scores",0.0056458444154702,6.81732246319048e-05,7.11043261054856e-05,1.00365539677644,0.95,NA,0.00600000000002865,NA
"independent",800,8,"Polychoric PCA",0.00410946753944185,0.000152458708201375,0.000151828047821058,1.00243704233414,0.78,NA,0.210999999999956,NA
"independent",800,8,"Gifi princals",0.0021042222206314,0.000369624705170901,0.000844300025011906,1.08899864551645,0.45,NA,0.194000000000017,NA
"independent",800,8,"ordPens ordPCA",0.00606562022646598,0.000152804280696953,0.000153151747173646,1.00036814069728,0.82,NA,0.0269999999999868,NA
"independent",800,9,"ordpp linear",0.00398838525630388,0.00103822930151986,0.000307167976090611,0.920575514365957,0.12,NA,1.334,0
"independent",800,9,"ordpp common",0.00465884899761313,0.000690534349959867,0.000494047646738829,0.9563900763335,0.285,NA,2.41300000000001,0
"independent",800,9,"ordpp item",0.010778656370909,0.00236205089921469,0.000702769453168093,0.8924994200979,0.01,NA,23.124,0
"independent",800,9,"PCA, equal scores",0.00311942561350887,0.000814983733489821,0.000626732527338836,0.96777507340743,0.215,NA,0.0040000000000191,NA
"independent",800,9,"Polychoric PCA",0.00295014127262109,0.000573427529772691,0.000491395346867847,0.97427053603499,0.415,NA,0.260999999999967,NA
"independent",800,9,"Gifi princals",0.000652789627296907,0.00013487315032252,0.000254854841624928,0.928346047776712,0.78,NA,0.759000000000015,NA
"independent",800,9,"ordPens ordPCA",0.00507603383483251,0.00130386105681008,0.000512077572047975,0.920473262698956,0.08,NA,0.0539999999999736,NA
"independent",800,10,"ordpp linear",0.00446241253353922,0.00142868949595648,0.000310266385788122,0.89005182705667,0.035,NA,1.34700000000004,0
"independent",800,10,"ordpp common",0.00515283654970383,0.000423901213507907,0.000434824731629132,0.980877900375284,0.525,NA,2.23399999999998,0
"independent",800,10,"ordpp item",0.00908282836641755,0.000140280868731515,0.000105656806870741,0.971363894588028,0.86,NA,34.127,0
"independent",800,10,"PCA, equal scores",0.00300872344868145,0.000634725966404143,0.000477134882021768,0.933561929743992,0.355,NA,0.0040000000000191,NA
"independent",800,10,"Polychoric PCA",0.00224653272655,0.000334463959189161,0.000187193328717164,0.931557371413854,0.625,NA,0.317999999999984,NA
"independent",800,10,"Gifi princals",0.00274661985589851,0.000350928038470385,0.000396048863887133,0.991873329294877,0.48,NA,0.326999999999998,NA
"independent",800,10,"ordPens ordPCA",0.00390380929135496,0.000791981693903085,0.00032532159316614,0.897473658148498,0.24,NA,0.0570000000000164,NA
"independent",800,11,"ordpp linear",0.00461434809493907,0.000793577232149153,0.000251344772215775,1.05908433134568,0.295,NA,2.78100000000001,0
"independent",800,11,"ordpp common",0.00477764165649205,0.000848466344946095,0.000270471551718765,1.06124207100011,0.275,NA,3.89499999999998,0
"independent",800,11,"ordpp item",0.00788514882276528,0.00051462094654639,0.000134260057387512,1.06093464605412,0.455,NA,29.111,0
"independent",800,11,"PCA, equal scores",0.00195484533926819,0.000585454047795986,0.0001979162161955,1.05068969347712,0.325,NA,0.0040000000000191,NA
"independent",800,11,"Polychoric PCA",0.00213442692054861,0.000322148361037283,9.93428911364982e-05,1.04011818907065,0.62,NA,0.26400000000001,NA
"independent",800,11,"Gifi princals",0.0017505369881101,4.62348013305186e-05,6.61693838724359e-05,0.974934301331338,0.98,NA,0.164000000000044,NA
"independent",800,11,"ordPens ordPCA",0.00208012393267393,0.000456677699549817,0.000135109407199888,1.04912224685111,0.44,NA,0.0269999999999868,NA
"independent",800,12,"ordpp linear",0.00571680034255367,0.000422565197191692,0.000296392722281976,1.0444518532766,0.495,NA,2.20300000000003,0
"independent",800,12,"ordpp common",0.0065040402381291,0.000309595891420344,0.000202977836013014,1.04326065787184,0.565,NA,2.065,0
"independent",800,12,"ordpp item",0.00961459068495808,0.000189374799415701,0.000200474638157998,1.03862656521836,0.77,NA,23.795,0
"independent",800,12,"PCA, equal scores",0.00174903909356646,0.000454344212580359,0.000148788271279972,1.04542905540906,0.445,NA,0.0040000000000191,NA
"independent",800,12,"Polychoric PCA",0.00159503590386843,0.000415058374687723,9.45329780548565e-05,1.05056999986922,0.445,NA,0.232000000000028,NA
"independent",800,12,"Gifi princals",0.0030160103064709,0.000437123708490385,0.000492205165676453,1.05375151508751,0.425,NA,0.435999999999979,NA
"independent",800,12,"ordPens ordPCA",0.00200581317248773,0.000538536113029087,0.000211850350472866,1.04807602594139,0.375,NA,0.0289999999999964,NA
"independent",800,13,"ordpp linear",0.00454338173393243,0.000298895752723042,9.62676564436214e-05,1.0857566646192,0.665,NA,1.791,0
"independent",800,13,"ordpp common",0.00479703348536828,0.000234475392977041,0.000128070213384603,1.07938848771381,0.755,NA,3.43000000000001,0
"independent",800,13,"ordpp item",0.00640935671945454,0.000336147946878482,0.000400503079685111,1.05279616040509,0.61,NA,34.373,0
"independent",800,13,"PCA, equal scores",0.00224272788038409,0.000213760695349964,6.07240178900442e-05,0.96451213361417,0.775,NA,0.00399999999996226,NA
"independent",800,13,"Polychoric PCA",0.0028596308765486,0.000546615213882022,2.38190815039988e-05,1.10430673328921,0.415,NA,0.274000000000001,NA
"independent",800,13,"Gifi princals",0.00198805409892464,0.000218845362792316,0.000128052046404561,1.02659623783599,0.755,NA,0.254000000000019,NA
"independent",800,13,"ordPens ordPCA",0.00248236144028732,0.000225208347264925,0.000185942163269549,0.9859850476227,0.745,NA,0.0409999999999968,NA
"independent",800,14,"ordpp linear",0.00525510311161678,0.00220058726643089,0.000499310103877216,0.864524690123874,0.03,NA,1.339,0
"independent",800,14,"ordpp common",0.0058382792538366,0.00241942844609621,0.000489689912086427,0.862887502214108,0.015,NA,2.13499999999999,0
"independent",800,14,"ordpp item",0.00719798039190685,0.00163572105229929,0.000286198443838924,0.887134628225021,0.055,NA,33.146,0
"independent",800,14,"PCA, equal scores",0.00400002359669071,0.00111252136473537,3.43377281309028e-05,0.88153911132575,0.1,NA,0.00799999999998136,NA
"independent",800,14,"Polychoric PCA",0.00213132012183147,0.000491815271329378,0.000355155516714611,0.902496205938631,0.425,NA,0.82099999999997,NA
"independent",800,14,"Gifi princals",0.000691582796109505,0.000232941182240517,0.000658893683511443,1.09939979897266,0.555,NA,0.472000000000037,NA
"independent",800,14,"ordPens ordPCA",0.00191459106790246,0.000937779294429744,9.06056563911668e-05,0.898918669130682,0.175,NA,0.0760000000000218,NA
"independent",800,15,"ordpp linear",0.00521102303413466,0.000550567610197799,0.00043102398089502,1.0408231798219,0.365,NA,1.30599999999998,0
"independent",800,15,"ordpp common",0.00538043132689714,0.000557663056626097,0.000425052756836351,1.04147894931052,0.355,NA,2.33100000000002,0
"independent",800,15,"ordpp item",0.00769201437765861,0.000341675438528825,0.000433738509557082,1.04547444759825,0.57,NA,41.338,0
"independent",800,15,"PCA, equal scores",0.00345535383446636,3.81700987302944e-05,6.74581620919399e-05,1.03591434471452,0.995,NA,0.00399999999996226,NA
"independent",800,15,"Polychoric PCA",0.00403112479088778,0.000208076756797805,0.000158220903587332,1.0388261034298,0.69,NA,0.251000000000033,NA
"independent",800,15,"Gifi princals",0.0019212697840414,0.000331795159081642,0.000110776760476723,1.12250024516704,0.515,NA,0.474999999999966,NA
"independent",800,15,"ordPens ordPCA",0.00390454050803527,6.29375664705622e-05,9.52683931312098e-05,1.04461765583417,0.95,NA,0.0289999999999964,NA
"independent",800,16,"ordpp linear",0.00519182356846895,0.000160971532647513,0.000223814928696509,0.971926591402604,0.835,NA,2.01599999999996,0
"independent",800,16,"ordpp common",0.00529101620739141,0.000161444644707155,0.000203369539331143,0.972914957247155,0.82,NA,3.35199999999998,0
"independent",800,16,"ordpp item",0.00852086763830962,0.000693347981021848,0.000725597577718329,1.01496347096264,0.295,NA,38.154,0
"independent",800,16,"PCA, equal scores",0.00381722357249802,0.000309288006116931,0.000422677122815743,0.932555223598504,0.59,NA,0.0040000000000191,NA
"independent",800,16,"Polychoric PCA",0.0041137548290496,0.000325893552217265,0.000503893717528771,0.936617028666093,0.525,NA,0.206999999999994,NA
"independent",800,16,"Gifi princals",0.00314403827510618,0.000210712290684786,0.000229885143064606,1.01221639786235,0.68,NA,0.152000000000044,NA
"independent",800,16,"ordPens ordPCA",0.00426174576525071,0.000267362641483722,0.000422643430112155,0.938433480861463,0.655,NA,0.0310000000000059,NA
"independent",800,17,"ordpp linear",0.00421912784151325,0.00117706670445857,0.000878822398980447,1.10455385226017,0.09,NA,1,0
"independent",800,17,"ordpp common",0.00509388668615371,0.000834361668173388,0.000816089330595383,1.07376907765246,0.205,NA,1.452,0
"independent",800,17,"ordpp item",0.00763320128728431,0.000435169229134592,0.000489594522401757,1.02875926330493,0.475,NA,23.486,0
"independent",800,17,"PCA, equal scores",0.00380136099090915,0.00139280656343331,0.000973790832785235,1.12248460221084,0.075,NA,0.007000000000005,NA
"independent",800,17,"Polychoric PCA",0.00365860382885854,0.00142076474451745,0.000994939608182916,1.12351297315528,0.085,NA,1.99300000000005,NA
"independent",800,17,"Gifi princals",0.00255831912257191,0.000523801659087031,0.000358291278197876,1.02587716583617,0.29,NA,0.338000000000022,NA
"independent",800,17,"ordPens ordPCA",0.00358398296004813,0.00132863220353941,0.000809297658906041,1.12935280568313,0.095,NA,0.0339999999999918,NA
"independent",800,18,"ordpp linear",0.00358317657927708,0.000156669173446329,0.000162184926733103,1.00639390639474,0.815,NA,1.89499999999998,0
"independent",800,18,"ordpp common",0.00400436800760658,0.000168739713823658,0.000154991638498688,0.99045173856912,0.815,NA,4.274,0
"independent",800,18,"ordpp item",0.0068529774600626,0.000715388364011991,9.95087037020643e-05,0.918327606663296,0.33,NA,45.981,0
"independent",800,18,"PCA, equal scores",0.00214162910946194,0.00164833708445129,0.000711755376848917,0.892034325943817,0.085,NA,0.00499999999999545,NA
"independent",800,18,"Polychoric PCA",0.0020346215921642,0.00168471948110198,0.00103614107863359,0.904738055436617,0.075,NA,0.302999999999997,NA
"independent",800,18,"Gifi princals",0.00130172354793984,0.000211269466067883,0.000333576758077321,1.04482888094658,0.75,NA,0.353999999999985,NA
"independent",800,18,"ordPens ordPCA",0.00245187873676308,0.00143801895823582,0.0011099487920846,0.915550865188627,0.06,NA,0.0550000000000068,NA
"independent",800,19,"ordpp linear",0.00612745593761658,0.000157208434865246,0.000200877032030486,1.0379423618944,0.86,NA,1.178,0
"independent",800,19,"ordpp common",0.00683299210823768,0.000234496798905671,0.000300522708244629,1.02656366024999,0.77,NA,2.005,0
"independent",800,19,"ordpp item",0.0116548005854855,0.000159310176316541,0.000157317848112062,1.01379809127075,0.83,NA,39.488,0
"independent",800,19,"PCA, equal scores",0.00296737882064665,0.000137838934543648,0.000167019479350909,1.02545566505591,0.875,NA,0.00900000000001455,NA
"independent",800,19,"Polychoric PCA",0.0027081808970153,0.000195924542450733,0.000229645611937746,1.0265164496217,0.84,NA,0.36099999999999,NA
"independent",800,19,"Gifi princals",0.00157514899139544,1.83065808794384e-05,3.19493027880992e-05,0.989789452231522,0.995,NA,0.449000000000012,NA
"independent",800,19,"ordPens ordPCA",0.00453178541238875,0.000235006483935613,0.000250973530357322,1.01045425199104,0.74,NA,0.0299999999999727,NA
"independent",800,20,"ordpp linear",0.00495925151347936,0.000721828155353395,0.000242039390693815,1.07921191257862,0.245,NA,1.51799999999997,0
"independent",800,20,"ordpp common",0.00512915773551442,0.000838824329324676,0.000230125110462303,1.08872182236985,0.195,NA,2.17399999999998,0
"independent",800,20,"ordpp item",0.00920956989950138,0.00100143275013528,0.000179637410895067,1.1163113170341,0.125,NA,36.457,0
"independent",800,20,"PCA, equal scores",0.00149182880093163,0.00024021832989905,0.000361443455257347,1.0527472685534,0.68,NA,0.01400000000001,NA
"independent",800,20,"Polychoric PCA",0.000788095774744721,9.62892356557191e-05,0.000117638350506614,1.01894908505725,0.895,NA,0.30600000000004,NA
"independent",800,20,"Gifi princals",0.00191092222327193,0.00091020577252307,0.000387889577304014,1.05655149665179,0.145,NA,0.528999999999996,NA
"independent",800,20,"ordPens ordPCA",0.00266431326186992,0.00128404896518199,0.00158880073102693,1.15496918862424,0.08,NA,0.0349999999999682,NA
"independent",800,21,"ordpp linear",0.00606617442747292,0.000345295346528398,0.000385476376847119,1.00914017060857,0.535,NA,1.19,0
"independent",800,21,"ordpp common",0.0072739769074869,0.000761696030026228,0.000647467288776752,1.02221549835796,0.255,NA,2.77099999999996,0
"independent",800,21,"ordpp item",0.0144309120640915,0.000296094630426635,0.00033362211244008,0.98837126157382,0.66,NA,33.697,0
"independent",800,21,"PCA, equal scores",0.0032549775347412,0.00022152736261847,0.000239830005947825,1.05923710135685,0.8,NA,0.0219999999999914,NA
"independent",800,21,"Polychoric PCA",0.00215040390844767,0.00028550938311019,0.000334879587078115,1.05079319220891,0.69,NA,0.367000000000019,NA
"independent",800,21,"Gifi princals",0.00127477273412618,0.000544856477736735,0.0001683759021493,1.06491678486766,0.325,NA,0.641999999999996,NA
"independent",800,21,"ordPens ordPCA",0.00350758791015589,0.000233140767215413,0.000153969255465208,1.0683586011013,0.765,NA,0.0400000000000205,NA
"independent",800,22,"ordpp linear",0.00429336187340869,0.000886220100871399,0.000277480767957258,0.930714955713576,0.185,NA,1.22199999999998,0
"independent",800,22,"ordpp common",0.00551949681787164,0.00136246267644406,0.000270075810203645,0.907830938023434,0.065,NA,2.17000000000002,0
"independent",800,22,"ordpp item",0.0077056994819838,0.00262192111671817,0.000705421178536894,0.884631912682481,0.015,NA,47.24,0
"independent",800,22,"PCA, equal scores",0.00210358987321951,0.000365555894113687,2.27359946094887e-05,0.934708133293966,0.6,NA,0.00399999999996226,NA
"independent",800,22,"Polychoric PCA",0.00128414491762213,0.00153909675976281,0.0013976732224181,0.961237574169978,0.045,NA,0.288000000000011,NA
"independent",800,22,"Gifi princals",0.001349020248901,2.97082890310853e-05,0.000105710323690682,1.03290678432253,1,NA,0.265000000000043,NA
"independent",800,22,"ordPens ordPCA",0.00167746068046405,0.000631271151547422,0.00042182512041513,0.965051698489215,0.285,NA,0.0600000000000023,NA
"independent",800,23,"ordpp linear",0.00371722497388039,1.77402706701551e-05,3.55267581697503e-05,0.983739325666631,1,NA,4.202,0
"independent",800,23,"ordpp common",0.00430973473722533,0.000416775504982509,0.000420959869384228,0.983642166601465,0.465,NA,4.41500000000002,0
"independent",800,23,"ordpp item",0.00668787035753614,0.000225627793570062,0.000288214975936037,0.987990767146824,0.665,NA,39.405,0
"independent",800,23,"PCA, equal scores",0.00212411557833988,0.000535226947564153,0.000473110840533771,1.00844701237066,0.4,NA,0.00900000000001455,NA
"independent",800,23,"Polychoric PCA",0.000761615069745139,6.47893359455e-05,4.60719905660418e-05,0.993410652040078,0.96,NA,0.623999999999967,NA
"independent",800,23,"Gifi princals",0.00190265342043185,0.00033371874395099,0.000759797857816819,0.915817011754807,0.475,NA,0.592000000000041,NA
"independent",800,23,"ordPens ordPCA",0.00237889761887137,0.000946700219232125,0.00100524401124911,0.992772873578998,0.17,NA,0.0790000000000077,NA
"independent",800,24,"ordpp linear",0.00654421065522054,0.000577491832498361,0.000402621639120116,0.973943025181481,0.41,NA,0.757000000000005,0
"independent",800,24,"ordpp common",0.0067049509960561,0.000565721208198781,0.000416606049286684,0.9770991646222,0.425,NA,2.14599999999996,0
"independent",800,24,"ordpp item",0.00920332845621539,0.00253558615563479,0.000204090795472843,0.835826475963104,0.035,NA,32.606,0
"independent",800,24,"PCA, equal scores",0.004799443612918,0.00218885503231357,5.96904343985758e-05,0.831768988161429,0.05,NA,0.00399999999996226,NA
"independent",800,24,"Polychoric PCA",0.00363588382992389,0.00121990122925142,0.00016032734792685,0.867275608012924,0.14,NA,0.252999999999986,NA
"independent",800,24,"Gifi princals",0.00290921289226806,0.00172491948675431,0.000179828937333622,0.81887920722551,0.025,NA,0.259000000000015,NA
"independent",800,24,"ordPens ordPCA",0.00602303046101057,0.00203565580614713,0.000159954753685823,0.837753080751053,0.04,NA,0.0310000000000059,NA
"independent",800,25,"ordpp linear",0.00507641854154938,0.000170951252736657,5.40106858672614e-05,1.04713572343542,0.75,NA,1.90800000000002,0
"independent",800,25,"ordpp common",0.00624514058277537,0.000300486134199095,0.000110050603456852,1.05003423009555,0.635,NA,3.38599999999997,0
"independent",800,25,"ordpp item",0.0101250614049621,0.000754999370865711,0.000144592952258076,1.07487968014376,0.285,NA,49.423,0
"independent",800,25,"PCA, equal scores",0.00117030246606109,0.000567449065951022,0.000186559568358755,0.913840188636986,0.42,NA,0.0040000000000191,NA
"independent",800,25,"Polychoric PCA",0.00238642011691297,0.000828569704256561,0.000842601073259327,1.01100920378397,0.17,NA,0.204999999999984,NA
"independent",800,25,"Gifi princals",0.00378153147026222,0.000416323813586735,0.000506458204403597,0.983439417704998,0.515,NA,0.247000000000014,NA
"independent",800,25,"ordPens ordPCA",0.00248630662567535,0.000739589629888818,0.000236464103771147,0.901405516644533,0.31,NA,0.0880000000000223,NA
"independent",800,26,"ordpp linear",0.00347546220080955,0.000361188267539269,0.000274462738499849,0.957204607368367,0.46,NA,1.35999999999996,0
"independent",800,26,"ordpp common",0.00367160592954665,0.000376747581609457,0.000283515470882012,0.95788268356448,0.455,NA,2.108,0
"independent",800,26,"ordpp item",0.00920121158851159,0.00134038601073402,0.000294386378291823,0.903409386191615,0.06,NA,35.269,0
"independent",800,26,"PCA, equal scores",0.00107150612822704,6.71413962019237e-05,4.97829040296588e-05,1.00745842936232,0.95,NA,0.0040000000000191,NA
"independent",800,26,"Polychoric PCA",0.00101164406006698,8.86620437950944e-05,5.30032827732934e-05,1.01312623729425,0.9,NA,0.310000000000002,NA
"independent",800,26,"Gifi princals",0.00514673884539739,0.00028777712538518,0.000188868922505721,1.04710067623915,0.595,NA,0.330000000000041,NA
"independent",800,26,"ordPens ordPCA",0.00205609279256952,0.000289042909691888,0.000140678738921454,1.04816544126209,0.635,NA,0.0730000000000359,NA
"independent",800,27,"ordpp linear",0.004657602457758,0.000376610409400126,0.000278750494352607,0.984446176601399,0.505,NA,4.71499999999997,0
"independent",800,27,"ordpp common",0.00476597781375548,0.000352323062418425,0.00026552074808747,0.98574243190926,0.525,NA,4.00200000000001,0
"independent",800,27,"ordpp item",0.00739645302323946,4.85798666277011e-05,4.52373714057051e-05,1.00305486972582,0.99,NA,31.997,0
"independent",800,27,"PCA, equal scores",0.0016292312460444,0.000500085259931147,8.70965197393294e-05,0.889047938643285,0.44,NA,0.00599999999997181,NA
"independent",800,27,"Polychoric PCA",0.00131341440376148,0.00050397801983151,5.51181230303444e-05,0.886695957746095,0.425,NA,1.74099999999999,NA
"independent",800,27,"Gifi princals",0.00360780852236178,0.00020034848743006,0.000382460802706448,0.909138191457328,0.725,NA,0.33099999999996,NA
"independent",800,27,"ordPens ordPCA",0.00290308561257376,0.000421324876669157,0.000234885211896113,0.911960385291075,0.48,NA,0.139999999999986,NA
"independent",800,28,"ordpp linear",0.00550278727552702,5.60806703498444e-05,2.18280948720196e-05,1.02621934164297,0.945,NA,4.47399999999999,0
"independent",800,28,"ordpp common",0.00569632983768836,4.60244374772882e-05,3.76211364481306e-05,1.01452901680505,0.975,NA,3.25100000000003,0
"independent",800,28,"ordpp item",0.00989385690502564,0.000275577351253338,0.000157369301303154,1.02974294732962,0.645,NA,48.446,0
"independent",800,28,"PCA, equal scores",0.00418877805567882,0.000503769742308783,0.000477381190892971,1.01247726663073,0.365,NA,0.007000000000005,NA
"independent",800,28,"Polychoric PCA",0.00439621967831934,0.00031020529136206,0.000309082015118435,0.999157039961456,0.595,NA,0.274000000000001,NA
"independent",800,28,"Gifi princals",0.00240386227098139,0.00060765964844657,0.000607394768505864,1.000224976275,0.3,NA,0.713000000000022,NA
"independent",800,28,"ordPens ordPCA",0.0046285455048774,0.000688795227880156,0.00068271333474978,1.0052960485351,0.255,NA,0.0319999999999823,NA
"independent",800,29,"ordpp linear",0.00462446599489672,0.00116642850381598,0.000126606457762736,1.10304608486487,0.11,NA,1.31999999999999,0
"independent",800,29,"ordpp common",0.0050212741483519,0.00111698490134657,0.000130508794710919,1.10365167928551,0.13,NA,1.99900000000002,0
"independent",800,29,"ordpp item",0.00878303933955429,0.000870564757047863,5.55797986644682e-05,1.10111992545678,0.19,NA,38.825,0
"independent",800,29,"PCA, equal scores",0.000988861408782748,0.00204298871601018,0.000504550882341216,1.13025154793773,0.03,NA,0.0040000000000191,NA
"independent",800,29,"Polychoric PCA",0.000986194549318504,0.00238679147906095,0.000650837870458149,1.13512230047622,0.03,NA,0.201000000000022,NA
"independent",800,29,"Gifi princals",0.00211320965403167,9.91776241346712e-05,1.33865657130556e-05,0.958391710768108,0.905,NA,0.247000000000014,NA
"independent",800,29,"ordPens ordPCA",0.00209871172111151,0.00195553820228725,0.000697260961905113,1.09249527504857,0.035,NA,0.0360000000000014,NA
"independent",800,30,"ordpp linear",0.00612267753930199,0.000662248333165488,0.000455568711951925,1.0353236573189,0.355,NA,1.32099999999997,0
"independent",800,30,"ordpp common",0.00626183298908382,0.000631839667268747,0.000490531247968383,1.02949470585876,0.38,NA,2.26400000000001,0
"independent",800,30,"ordpp item",0.0105851164056302,0.0008007183912044,0.000812847457192869,0.991339405468524,0.23,NA,28.1659999999999,0
"independent",800,30,"PCA, equal scores",0.00161711276813717,0.00048482774411988,9.51829797079393e-05,0.901662152158857,0.43,NA,0.0040000000000191,NA
"independent",800,30,"Polychoric PCA",0.00193531070491953,0.000317670417045573,0.000359076307748373,0.968825807814837,0.625,NA,0.288999999999987,NA
"independent",800,30,"Gifi princals",0.000859450875257646,0.000547750032617273,0.000110846126880113,1.07896877842205,0.175,NA,0.581999999999994,NA
"independent",800,30,"ordPens ordPCA",0.00151731186310312,0.000482328061617596,0.000125129494245806,0.882314560111574,0.49,NA,0.0380000000000109,NA
"independent",800,31,"ordpp linear",0.00384191625501817,0.000405492486686311,0.00024118081065861,0.942663023849142,0.485,NA,1.24600000000004,0
"independent",800,31,"ordpp common",0.00417179480246885,0.000409488497494686,0.000170817624280062,0.936245888144098,0.465,NA,2.61099999999999,0
"independent",800,31,"ordpp item",0.00736166911855246,0.000682731866017516,0.00053083652686318,0.959649393784615,0.25,NA,20.822,0
"independent",800,31,"PCA, equal scores",0.00209944048896993,0.00069244900044837,4.56245142428039e-05,0.884034348131093,0.3,NA,0.007000000000005,NA
"independent",800,31,"Polychoric PCA",0.00211430636649393,0.000801606967678762,2.87450052540416e-06,0.883965678368058,0.23,NA,0.262999999999977,NA
"independent",800,31,"Gifi princals",0.000949117304049834,0.000159724133129552,0.000216714282904275,0.969281345407555,0.755,NA,0.168999999999983,NA
"independent",800,31,"ordPens ordPCA",0.00344592823272035,0.00108641776077052,1.08781089608314e-05,0.873878300429099,0.11,NA,0.0500000000000114,NA
"independent",800,32,"ordpp linear",0.00853435116653352,0.000404313909201324,0.00020157035350827,0.963091598204624,0.455,NA,1.334,0
"independent",800,32,"ordpp common",0.00929882662131806,0.000212981547068282,0.000208640021013991,1.01276160338425,0.695,NA,2.89600000000002,0
"independent",800,32,"ordpp item",0.0130298100625887,0.00022814650840576,8.98374542450684e-05,0.962981941010298,0.685,NA,28.635,0
"independent",800,32,"PCA, equal scores",0.00631763653821832,0.00138594936274635,0.000385213715568407,0.892941517497763,0.06,NA,0.0040000000000191,NA
"independent",800,32,"Polychoric PCA",0.00569974542745532,0.0011523153389561,0.000362115804841387,0.897617551545467,0.125,NA,0.519999999999982,NA
"independent",800,32,"Gifi princals",0.0018760740345802,0.000625388040010229,0.000292283874801113,0.880560783439861,0.27,NA,0.206999999999994,NA
"independent",800,32,"ordPens ordPCA",0.00772630956729867,0.00160769443149244,0.000314752177837532,0.881220236367005,0.05,NA,0.0389999999999873,NA
"independent",800,33,"ordpp linear",0.00609162211118266,0.000138117953332815,0.000158130657393489,1.06731951664367,0.845,NA,3.149,0
"independent",800,33,"ordpp common",0.00621049502337699,0.000135640611211396,0.000125059149889495,1.06537547516739,0.855,NA,2.04700000000003,0
"independent",800,33,"ordpp item",0.0113155262548332,0.000430127405849547,0.000190349577830317,0.904023892850367,0.47,NA,20.247,0
"independent",800,33,"PCA, equal scores",0.00350332692458061,8.47092580661082e-05,0.000102009608834301,1.01676236657712,0.955,NA,0.00399999999996226,NA
"independent",800,33,"Polychoric PCA",0.00383067301828677,8.27710435781814e-05,0.000101369888862015,1.01836503923969,0.935,NA,0.230999999999995,NA
"independent",800,33,"Gifi princals",0.00869128879791491,0.00117761080894196,0.00121242107863123,0.954398625975781,0.09,NA,0.41900000000004,NA
"independent",800,33,"ordPens ordPCA",0.00502926226719347,0.000118728765906045,9.42285862575512e-05,0.985861368006125,0.9,NA,0.0320000000000391,NA
"independent",800,34,"ordpp linear",0.00521730786735598,9.71442804688721e-05,3.09609659779178e-05,1.03438042243053,0.925,NA,1.62599999999998,0
"independent",800,34,"ordpp common",0.00535155952417694,9.35187735287525e-05,2.0216548520712e-05,1.03166464622985,0.925,NA,2.54399999999998,0
"independent",800,34,"ordpp item",0.00813618193793661,0.000309997331619319,0.000226302169171985,0.960180849346256,0.63,NA,28.622,0
"independent",800,34,"PCA, equal scores",0.00365530903136479,0.000102739107376155,4.93572589622555e-05,0.968309891841845,0.885,NA,0.0040000000000191,NA
"independent",800,34,"Polychoric PCA",0.00317255101356629,6.6762565417238e-05,2.29853857545263e-05,0.964104009435396,0.915,NA,0.601999999999975,NA
"independent",800,34,"Gifi princals",0.00208565047867125,0.000359714804868003,0.000281093456425606,1.04149176804607,0.355,NA,0.257000000000062,NA
"independent",800,34,"ordPens ordPCA",0.00366127611610892,0.000197664089603768,0.000291075665142176,0.966028114086626,0.76,NA,0.0570000000000164,NA
"independent",800,35,"ordpp linear",0.00676611314198375,0.00146339234595587,0.000714524973273935,1.07484907707679,0.09,NA,0.83499999999998,0
"independent",800,35,"ordpp common",0.00689549277711588,0.00162358696831348,0.000764283381305067,1.08109362854658,0.065,NA,1.49700000000001,0
"independent",800,35,"ordpp item",0.0119988005875057,0.00111714116616115,1.83905649166841e-05,1.15148912719375,0.145,NA,28.846,0
"independent",800,35,"PCA, equal scores",0.00266627415560224,0.00047727034395204,0.000276682312342405,0.939692059386263,0.43,NA,0.00799999999992451,NA
"independent",800,35,"Polychoric PCA",0.00288875709384269,0.000747852257246906,0.00019645127376611,0.903727292569223,0.24,NA,0.621000000000095,NA
"independent",800,35,"Gifi princals",0.00178395701664019,0.000313231861519235,0.000190599445620297,0.93930000560096,0.64,NA,0.45900000000006,NA
"independent",800,35,"ordPens ordPCA",0.00492116783358994,0.000345539145178821,4.3822857899407e-05,1.08199555202524,0.525,NA,0.0710000000000264,NA
"independent",800,36,"ordpp linear",0.00362173588953809,0.00153730665060415,0.000710293424835166,0.89845931207201,0.05,NA,1.072,0
"independent",800,36,"ordpp common",0.00385910593664269,0.00146330309994659,0.000633803780486462,0.897250021732157,0.05,NA,1.84299999999996,0
"independent",800,36,"ordpp item",0.00781512932649457,0.000647678009364009,0.000649712292436,1.00212818447049,0.29,NA,24.75,0
"independent",800,36,"PCA, equal scores",0.00168302825191947,0.000483920880207192,0.000356811550342108,0.941416017421594,0.415,NA,0.0080000000000382,NA
"independent",800,36,"Polychoric PCA",0.00158475732810409,0.000441907617534934,0.000421014419676346,0.944468886097979,0.495,NA,0.271000000000072,NA
"independent",800,36,"Gifi princals",0.000240285347931389,0.000488100774858639,0.000600901039620563,0.919141150683753,0.2,NA,0.268000000000029,NA
"independent",800,36,"ordPens ordPCA",0.00238365226942064,0.000410271303478513,0.000354839788117565,0.918375523674147,0.46,NA,0.0610000000000355,NA
"independent",800,37,"ordpp linear",0.00482824171158623,0.000240625831803238,0.00025726537410603,1.0062136105998,0.675,NA,1.06999999999999,0
"independent",800,37,"ordpp common",0.00522495337941367,0.00021482375038543,0.000241553890496937,1.02038793172211,0.74,NA,2.185,0
"independent",800,37,"ordpp item",0.00869717257581615,0.000173793820695556,0.000115501590926999,1.03490741632497,0.8,NA,20.938,0
"independent",800,37,"PCA, equal scores",0.00244357360793014,0.000290028433304744,0.000170322092859844,1.03518745904125,0.65,NA,0.00499999999999545,NA
"independent",800,37,"Polychoric PCA",0.00194686183259899,0.000328647511847678,0.000226302643023738,1.02558574497713,0.57,NA,0.341000000000008,NA
"independent",800,37,"Gifi princals",0.00542107573694078,0.00140509457251599,0.000749704091785594,1.23629443470446,0.07,NA,0.420000000000073,NA
"independent",800,37,"ordPens ordPCA",0.00280853611412816,0.000128538640412863,7.16640903737066e-05,1.02020901111412,0.865,NA,0.0529999999999973,NA
"independent",800,38,"ordpp linear",0.00558556238999834,0.000216453689785554,0.00019811145317176,1.00542407485162,0.75,NA,2.0569999999999,0
"independent",800,38,"ordpp common",0.00593266973415753,0.000188936446344851,0.000168893582372914,1.00607842839638,0.775,NA,2.95699999999999,0
"independent",800,38,"ordpp item",0.00934969562178386,0.00113849016870022,0.000852590739980662,0.962672173074222,0.11,NA,55.953,0
"independent",800,38,"PCA, equal scores",0.00313816152934876,0.000149031203024758,0.000194110082153943,1.01287976904126,0.86,NA,0.0869999999999891,NA
"independent",800,38,"Polychoric PCA",0.00270731101843421,0.000294346306150909,0.000296696380257602,1.05468783731122,0.695,NA,0.937000000000012,NA
"independent",800,38,"Gifi princals",0.00183307815659194,0.00127152708123556,0.00127856170966559,1.00132318358113,0.06,NA,0.90300000000002,NA
"independent",800,38,"ordPens ordPCA",0.0032192128511009,0.00036228264339399,0.000433671955550583,1.04341053218167,0.575,NA,0.0320000000000391,NA
"independent",800,39,"ordpp linear",0.00552168793924644,0.000208238215309633,2.98932120017661e-05,1.0499748044736,0.74,NA,1.03700000000003,0
"independent",800,39,"ordpp common",0.00583132565043359,0.000174312521367388,2.70826110492335e-05,1.0424128915684,0.82,NA,1.90000000000003,0
"independent",800,39,"ordpp item",0.0106299076919829,9.79431965919454e-05,2.6223949098961e-05,1.02690909187905,0.92,NA,27.6709999999999,0
"independent",800,39,"PCA, equal scores",0.0035862594679737,0.000268703372594556,0.000226004689812837,1.03582441686571,0.645,NA,0.0040000000000191,NA
"independent",800,39,"Polychoric PCA",0.00309804260682391,0.00033351036542544,0.000309552414621719,1.03585009555366,0.545,NA,0.247999999999934,NA
"independent",800,39,"Gifi princals",0.000638719308304438,0.000138368546038076,0.000148344520373354,0.904409552301775,0.795,NA,0.32000000000005,NA
"independent",800,39,"ordPens ordPCA",0.0041905885688008,0.000277535362761083,0.000134353886278281,1.04166084953234,0.655,NA,0.0449999999999591,NA
"independent",800,40,"ordpp linear",0.0052271323434062,0.00118876087813064,0.000613916387482066,0.934845856541542,0.125,NA,1.96100000000001,0
"independent",800,40,"ordpp common",0.0056336761817399,0.000967885773149654,0.000498895674941739,0.941408910569096,0.195,NA,2.86700000000008,0
"independent",800,40,"ordpp item",0.00861896280466374,0.000495857057741311,0.000217333113323433,0.954623037161297,0.49,NA,21.1379999999999,0
"independent",800,40,"PCA, equal scores",0.00430987454133834,0.00189830540635608,0.00116328238359572,0.8974049512393,0.035,NA,0.00599999999997181,NA
"independent",800,40,"Polychoric PCA",0.00376889612410434,0.00186467049874928,0.00104590029133004,0.890775125685164,0.025,NA,0.288999999999987,NA
"independent",800,40,"Gifi princals",0.000943077799831488,0.000169717047138815,7.28023424816671e-05,1.03759732572195,0.715,NA,0.19500000000005,NA
"independent",800,40,"ordPens ordPCA",0.00512718474757195,0.00168488395753865,0.00112363478909461,0.904117945346289,0.065,NA,0.0330000000000155,NA
"independent",800,41,"ordpp linear",0.00522863044459385,0.000544325754207425,8.64530260696913e-05,0.898816739913136,0.36,NA,1.65200000000004,0
"independent",800,41,"ordpp common",0.00573565152957187,0.000380835505830222,4.71111600741391e-05,0.915850171715907,0.465,NA,2.84100000000001,0
"independent",800,41,"ordpp item",0.0110538233691071,0.00138355868837726,0.000331810701149329,0.859792373596483,0.06,NA,45.13,0
"independent",800,41,"PCA, equal scores",0.00401282701238365,0.00154415095058732,0.000270746175771819,0.849584208783866,0.035,NA,0.00599999999997181,NA
"independent",800,41,"Polychoric PCA",0.00413972896629574,0.00121147427327613,0.000247218262681466,0.86523653768755,0.085,NA,0.802000000000021,NA
"independent",800,41,"Gifi princals",0.00124123343217399,0.000149806539574904,0.000231255261344651,1.11313793573533,0.635,NA,0.993000000000052,NA
"independent",800,41,"ordPens ordPCA",0.00645849720949533,0.00211467276876611,0.000439496417411993,0.84195046438684,0.015,NA,0.0910000000000082,NA
"independent",800,42,"ordpp linear",0.00590819441431043,7.76100882485352e-05,0.00011737080779798,0.971812696687056,0.905,NA,1.57000000000005,0
"independent",800,42,"ordpp common",0.00636322160547605,6.35569312236191e-05,9.6862072849349e-05,0.967747448728453,0.93,NA,2.096,0
"independent",800,42,"ordpp item",0.00992644878409806,0.000480709810438852,0.00047702837780989,0.929629545524335,0.425,NA,47.525,0
"independent",800,42,"PCA, equal scores",0.00351571189486385,0.000764729503982565,0.000485231609645547,1.04052633650484,0.23,NA,0.0040000000000191,NA
"independent",800,42,"Polychoric PCA",0.00326351362651984,0.000945735218931345,0.000486926208319522,1.05260908260846,0.155,NA,2.64299999999992,NA
"independent",800,42,"Gifi princals",0.00642727245951691,0.000970470266354799,0.000671388209860873,1.05467022408642,0.17,NA,0.944000000000074,NA
"independent",800,42,"ordPens ordPCA",0.00438546911048884,0.000776363164667342,0.000536430912326664,1.03330795621136,0.2,NA,0.0419999999999163,NA
"independent",800,43,"ordpp linear",0.00635616537437695,0.000195570230216954,0.000143527933138298,1.02146035384642,0.735,NA,1.21699999999998,0
"independent",800,43,"ordpp common",0.00675950914031279,0.000171084879895787,0.000104603411365274,1.02502219467148,0.78,NA,3.01900000000001,0
"independent",800,43,"ordpp item",0.00905864602999741,0.000149902138070583,0.000136438952083507,1.00497677343653,0.8,NA,27.6180000000001,0
"independent",800,43,"PCA, equal scores",0.00537719543423565,0.000196681468494152,0.000225779534684739,1.02226049227728,0.78,NA,0.00499999999999545,NA
"independent",800,43,"Polychoric PCA",0.00537681954601573,0.00045597432986408,0.000497818362776462,1.01629473307821,0.515,NA,0.203999999999951,NA
"independent",800,43,"Gifi princals",0.00187000549925207,0.000194230028558743,0.00043681780103389,0.916387308280627,0.67,NA,0.307000000000016,NA
"independent",800,43,"ordPens ordPCA",0.00576986505843991,0.000178362101280157,0.000174696311727724,1.0088479280118,0.805,NA,0.0310000000000628,NA
"independent",800,44,"ordpp linear",0.00542965450259252,4.12823850006454e-05,4.09476592044914e-05,0.998920859083091,0.98,NA,1.20300000000009,0
"independent",800,44,"ordpp common",0.00640738234655438,0.000255412114428657,0.000185752177458367,0.964027145835578,0.705,NA,2.44500000000005,0
"independent",800,44,"ordpp item",0.00950824763314597,0.00017050810502392,1.6653183058158e-05,0.95547407465415,0.835,NA,28.309,0
"independent",800,44,"PCA, equal scores",0.00217633531055989,0.000100368418029616,0.000208275895772267,0.961885804462757,0.9,NA,0.0040000000000191,NA
"independent",800,44,"Polychoric PCA",0.00219953619629803,9.98914634630588e-05,0.000192802486919479,0.956380399990313,0.905,NA,1.32100000000003,NA
"independent",800,44,"Gifi princals",0.00105535698730094,0.000190726808433587,0.000165263619129059,0.931543989371098,0.655,NA,0.496000000000095,NA
"independent",800,44,"ordPens ordPCA",0.00326512563635865,0.000189377850786626,0.000422521438910595,0.925237401629036,0.805,NA,0.0389999999999873,NA
"independent",800,45,"ordpp linear",0.00779900852872327,0.000290262203245547,0.00015372781872621,1.02982536741108,0.605,NA,1.36400000000003,0
"independent",800,45,"ordpp common",0.00802202395423893,0.000262929642200515,0.000172304360096179,1.02050948827623,0.67,NA,2.5440000000001,0
"independent",800,45,"ordpp item",0.0108643613235334,0.00045587618524089,0.000320778352336427,1.03490123811156,0.505,NA,27.5740000000001,0
"independent",800,45,"PCA, equal scores",0.00140250177832746,0.000181524030009054,3.29035823817917e-05,1.04938947132912,0.8,NA,0.0080000000000382,NA
"independent",800,45,"Polychoric PCA",0.00140426395697817,0.000199902300579754,2.47247250967652e-05,1.05453428910396,0.78,NA,0.274999999999977,NA
"independent",800,45,"Gifi princals",0.00190675822539704,0.000939596935702486,0.00112485688332833,0.98207789832101,0.12,NA,0.544000000000096,NA
"independent",800,45,"ordPens ordPCA",0.00176989707979166,0.0004154868822535,9.73470683360134e-05,1.05963874861061,0.535,NA,0.0459999999999354,NA
"independent",800,46,"ordpp linear",0.00580793800709207,0.000159164109079315,0.000191255742440402,0.984532125560542,0.76,NA,2.03399999999999,0
"independent",800,46,"ordpp common",0.00586473968598267,0.000130365807452551,0.000157467247799641,0.98616775876685,0.83,NA,5.49000000000001,0
"independent",800,46,"ordpp item",0.00982274498472158,0.000268097360564221,0.000237002322841841,1.00608480796349,0.615,NA,56.98,0
"independent",800,46,"PCA, equal scores",0.00212731924799009,0.000998552209910114,0.000982199489519415,1.00400644970428,0.16,NA,0.0040000000000191,NA
"independent",800,46,"Polychoric PCA",0.00123153083829636,0.00108765148235428,0.00115747506837679,0.972223106746028,0.15,NA,0.362999999999943,NA
"independent",800,46,"Gifi princals",0.00420677841130361,0.000948694583454949,0.000800193300079836,1.0719945240566,0.135,NA,0.404999999999973,NA
"independent",800,46,"ordPens ordPCA",0.00339975060087115,0.00102901789352742,0.000827696370163392,1.03160750932861,0.13,NA,0.0380000000000109,NA
"independent",800,47,"ordpp linear",0.00388951584061634,0.000576822126794275,0.00019828643891431,0.94453170430455,0.36,NA,1.89700000000005,0
"independent",800,47,"ordpp common",0.00397859655000866,0.000678845550544477,0.000215108106060454,0.937375384272275,0.255,NA,4.29399999999998,0
"independent",800,47,"ordpp item",0.00784933270596965,0.000802374426278643,0.00032949252381021,1.06506350845081,0.22,NA,36.251,0
"independent",800,47,"PCA, equal scores",0.00260281270656876,0.000694758413034483,0.000440019573558447,0.964890511935177,0.315,NA,0.00499999999999545,NA
"independent",800,47,"Polychoric PCA",0.00256080411628332,0.000680112940051922,0.000454817812168948,0.968901006272113,0.32,NA,0.673999999999978,NA
"independent",800,47,"Gifi princals",0.00173296967358999,0.000117883135578484,3.68611515852959e-05,0.970668775315913,0.88,NA,0.777000000000044,NA
"independent",800,47,"ordPens ordPCA",0.00296694999485083,0.001052674965041,0.000710041667209319,0.96156399799122,0.16,NA,0.0510000000000446,NA
"independent",800,48,"ordpp linear",0.00454479579156033,0.000605077779573621,0.00025723454169393,1.04455085489901,0.37,NA,1.27599999999995,0
"independent",800,48,"ordpp common",0.00518067658018938,0.000835098251407983,0.000338226743473708,1.05429460952983,0.21,NA,2.40999999999997,0
"independent",800,48,"ordpp item",0.0101574668981117,0.000149726748925067,0.000156766404378261,0.996570186080947,0.86,NA,32.487,0
"independent",800,48,"PCA, equal scores",0.00327733907897631,0.000150971614125564,2.78166639457e-05,1.03704018859389,0.825,NA,0.0040000000000191,NA
"independent",800,48,"Polychoric PCA",0.00297039256308286,0.000244251405178747,5.05289583594134e-05,1.04647983914098,0.665,NA,0.394000000000005,NA
"independent",800,48,"Gifi princals",0.00173571950617295,5.98132505795352e-05,2.31655614406784e-05,1.02285677645068,0.975,NA,0.663999999999987,NA
"independent",800,48,"ordPens ordPCA",0.00362560298448789,0.000108653095207296,4.08237632744827e-05,1.02257418758067,0.875,NA,0.0279999999999063,NA
"independent",800,49,"ordpp linear",0.00608628488955909,0.000181479722747418,0.000246454560680416,0.950714894345552,0.79,NA,2.78599999999994,0
"independent",800,49,"ordpp common",0.00728603645912429,0.000218749801129634,0.000317362071688435,0.971974019555321,0.745,NA,3.1930000000001,0
"independent",800,49,"ordpp item",0.0111513011595186,0.000164760266666515,0.00015118289972611,1.00553360666596,0.855,NA,56.093,0
"independent",800,49,"PCA, equal scores",0.0017522594954257,0.00115300093219333,0.000961578289956799,1.03354122621773,0.09,NA,0.00499999999999545,NA
"independent",800,49,"Polychoric PCA",0.00169263846872906,0.000642179334219615,0.000324139686744713,1.04983699265021,0.35,NA,0.293000000000006,NA
"independent",800,49,"Gifi princals",0.00470833761656766,0.000703724317191443,0.000772353260375818,1.09023931036182,0.17,NA,0.142000000000053,NA
"independent",800,49,"ordPens ordPCA",0.00363902069498751,0.00271941660930735,0.00260725841626844,1.02202037253812,0.005,NA,0.0350000000000819,NA
"independent",800,50,"ordpp linear",0.0046540745244159,0.000313915687400047,5.8020694922841e-05,0.922026910113545,0.59,NA,1.10799999999995,0
"independent",800,50,"ordpp common",0.00474360706255583,0.000300634206410349,6.30375014825684e-05,0.923755856221328,0.6,NA,1.89699999999993,0
"independent",800,50,"ordpp item",0.00867781438914235,0.000601765975549323,0.000100030179799591,0.914663607006372,0.36,NA,56.746,0
"independent",800,50,"PCA, equal scores",0.00304826651537203,9.43521311935596e-05,9.38075659144176e-05,0.998757949997699,0.9,NA,0.00499999999999545,NA
"independent",800,50,"Polychoric PCA",0.00238823835307339,0.00169132357859879,0.00078569754964774,1.11038344745265,0.03,NA,0.447999999999979,NA
"independent",800,50,"Gifi princals",0.00362012211949975,0.000309954792873435,0.000246472033741867,1.08925735702179,0.62,NA,0.324000000000069,NA
"independent",800,50,"ordPens ordPCA",0.00346678784590444,0.000100560978650708,9.8934092915865e-05,0.990504448357505,0.91,NA,0.0670000000000073,NA
"mixture",300,1,"ordpp linear",0.123079707286658,0.122723883924889,0.00521737914628676,2.82394566871944,0.005,0.934630170155699,0.802000000000021,0
"mixture",300,1,"ordpp common",0.159275450975873,0.153956684290782,0.010144319105977,2.71300345398732,0.005,0.905757271269114,2.43099999999993,0
"mixture",300,1,"ordpp item",0.171441031828921,0.148077799705369,0.0109781967428536,2.66692058791355,0.005,0.899556264954553,62.055,0
"mixture",300,1,"PCA, equal scores",0.117440087782836,0.129078461211216,0.00545758336200265,2.89521846899978,0.005,0.933893434084056,0.00900000000001455,NA
"mixture",300,1,"Polychoric PCA",0.115070673196463,0.127595832485146,0.00534317110416373,2.88409920478785,0.005,0.932534390111142,0.288999999999987,NA
"mixture",300,1,"Gifi princals",0.10981448343189,0.0965752734930027,0.00773143643877515,2.65134980486235,0.005,0.910695578025281,0.0529999999999973,NA
"mixture",300,1,"ordPens ordPCA",0.122673685532929,0.121410675008112,0.0067865691327858,2.88644528606384,0.005,0.927115903776814,0.0109999999999673,NA
"mixture",300,2,"ordpp linear",0.118397248740106,0.0826379594636242,0.00146292604159917,2.67318531340004,0.005,0.901200251133128,0.586000000000013,0
"mixture",300,2,"ordpp common",0.160540200744781,0.1091846528096,0.00619780706476149,2.42598784114063,0.005,0.874601446857524,2.05799999999999,0
"mixture",300,2,"ordpp item",0.171923431059827,0.0970640813946726,0.00586564499081614,2.31665970041864,0.005,0.858585925430124,57.333,0
"mixture",300,2,"PCA, equal scores",0.113305834428879,0.0797659870830052,0.00154281830150024,2.61958549561408,0.005,0.89552698549659,0.0040000000000191,NA
"mixture",300,2,"Polychoric PCA",0.111770836798414,0.079250279207496,0.00158627381088403,2.60208888492572,0.005,0.894842691432289,0.356999999999971,NA
"mixture",300,2,"Gifi princals",0.103432699311653,0.067679608398737,0.000876689600660668,2.59381510325099,0.005,0.897704016665876,0.0930000000000746,NA
"mixture",300,2,"ordPens ordPCA",0.109288207232579,0.0761273673208553,0.00139367609088478,2.61943937078025,0.005,0.897101871032655,0.0180000000000291,NA
"mixture",300,3,"ordpp linear",0.120185306074145,0.149727972008314,0.00911948750777948,2.8238428715845,0.005,0.926895119948972,0.763000000000034,0
"mixture",300,3,"ordpp common",0.15971110237015,0.205353567695142,0.0164073227526901,2.82013402127237,0.005,0.891171629877718,2.70500000000004,0
"mixture",300,3,"ordpp item",0.170724975001709,0.171319728681475,0.0139470832053221,2.65667839571553,0.005,0.881140790598508,71.222,0
"mixture",300,3,"PCA, equal scores",0.115898777448071,0.166195623950178,0.0102249832251387,2.91558906715378,0.005,0.929455620459618,0.00299999999992906,NA
"mixture",300,3,"Polychoric PCA",0.115002837813586,0.167063686095052,0.0102237909134772,2.92308960342518,0.005,0.929729975789855,0.45799999999997,NA
"mixture",300,3,"Gifi princals",0.100001649294051,0.14549210894012,0.00833097449892118,2.86881586563431,0.005,0.933282608470022,0.0710000000000264,NA
"mixture",300,3,"ordPens ordPCA",0.110365456914138,0.158398264393317,0.00957265459749185,2.89928692342672,0.005,0.930870210939944,0.01299999999992,NA
"mixture",300,4,"ordpp linear",0.0873367156768128,0.129619720052811,0.0062487106376613,2.73423212436781,0.005,0.899445676883621,0.690000000000055,0
"mixture",300,4,"ordpp common",0.103828261732605,0.15315191620068,0.0099549290375269,2.66092449495395,0.005,0.875250402591321,1.85599999999999,0
"mixture",300,4,"ordpp item",0.115412287043233,0.14729361994434,0.00952247335224169,2.62965618470346,0.005,0.873688348783628,40.221,0
"mixture",300,4,"PCA, equal scores",0.0845223734388654,0.12724929916024,0.00581329061647404,2.73593599454685,0.005,0.89786139562513,0.0040000000000191,NA
"mixture",300,4,"Polychoric PCA",0.0849519790957133,0.128487473344483,0.00592678819491892,2.74058190793358,0.005,0.898551797362115,0.777000000000044,NA
"mixture",300,4,"Gifi princals",0.0817884676340938,0.105394408440025,0.00423980977878762,2.70415396016852,0.005,0.904229300683562,0.0639999999999645,NA
"mixture",300,4,"ordPens ordPCA",0.0824895746156414,0.11925111087129,0.00494741887351957,2.73612033455325,0.005,0.90107518671197,0.0120000000000573,NA
"mixture",300,5,"ordpp linear",0.102408787606034,0.11953440113506,0.00463734766362632,2.79656524406627,0.005,0.928984769298546,0.674999999999955,0
"mixture",300,5,"ordpp common",0.131668044730411,0.152083311102795,0.00992783181134019,2.65850953622444,0.005,0.894327391436974,2.53999999999996,0
"mixture",300,5,"ordpp item",0.145256635832188,0.137389825749029,0.00929300995879178,2.55643754209446,0.005,0.88592477201208,58.431,0
"mixture",300,5,"PCA, equal scores",0.0956955330682597,0.11688351317645,0.00439672838144624,2.80086098582829,0.005,0.926406959220398,0.00200000000006639,NA
"mixture",300,5,"Polychoric PCA",0.0943215320466156,0.115549532512588,0.0043330100204192,2.79074361625966,0.005,0.925701183095218,0.47199999999998,NA
"mixture",300,5,"Gifi princals",0.0856630006342874,0.097462434763494,0.0027993913901872,2.70723360487278,0.005,0.919423393451347,0.0609999999999218,NA
"mixture",300,5,"ordPens ordPCA",0.0926308397438883,0.1103344989218,0.00368566863509252,2.79048637859276,0.005,0.927866671794105,0.0130000000000337,NA
"mixture",300,6,"ordpp linear",0.110067864634954,0.113938248544965,0.00499706989358873,2.78137452580674,0.005,0.902491147827558,0.942000000000007,0
"mixture",300,6,"ordpp common",0.139376696076898,0.15135290816262,0.0124151989258514,2.65026999384199,0.005,0.862815435991809,4.495,0
"mixture",300,6,"ordpp item",0.154845271802322,0.133777133168897,0.0136498605028828,2.58743454988064,0.005,0.846620347189813,63.8720000000001,0
"mixture",300,6,"PCA, equal scores",0.107289419107706,0.115249421447499,0.00521025004676948,2.76796715174065,0.005,0.900702467079256,0.00199999999995271,NA
"mixture",300,6,"Polychoric PCA",0.106595652241881,0.114759118890743,0.00522741102650184,2.7590818047285,0.005,0.89851511420727,0.393000000000029,NA
"mixture",300,6,"Gifi princals",0.091501113311932,0.0823829759446242,0.00284078848267322,2.64963083453158,0.005,0.895708145874634,0.0679999999999836,NA
"mixture",300,6,"ordPens ordPCA",0.10265098124212,0.105417086228486,0.00448069503417082,2.76262932078144,0.005,0.899926295635963,0.0130000000000337,NA
"mixture",300,7,"ordpp linear",0.096182060498313,0.104053070040033,0.00521732476492262,2.6012756168668,0.005,0.917481902799287,0.375,0
"mixture",300,7,"ordpp common",0.112315245306953,0.135403491951284,0.0104124297625707,2.57032956853904,0.005,0.896185296820239,2.40499999999997,0
"mixture",300,7,"ordpp item",0.132052809682988,0.100109368724324,0.00606346722201575,2.34311209267114,0.005,0.890474175913302,56.1080000000001,0
"mixture",300,7,"PCA, equal scores",0.0906668666738126,0.111407270746796,0.0048714518242128,2.71102083416961,0.005,0.920563973522043,0.00299999999992906,NA
"mixture",300,7,"Polychoric PCA",0.0900567151823834,0.11036851097102,0.00471680227574154,2.71000281602638,0.005,0.920535980751566,0.490999999999985,NA
"mixture",300,7,"Gifi princals",0.07857221224397,0.0796746204152949,0.00295094809893798,2.50682868184797,0.005,0.916097912943429,0.0680000000000973,NA
"mixture",300,7,"ordPens ordPCA",0.0836100987207354,0.100796021765921,0.00420037973367985,2.70508749532731,0.005,0.922541496231892,0.0220000000000482,NA
"mixture",300,8,"ordpp linear",0.14091131082985,0.10349564882513,0.00316052097594397,2.74513738288623,0.005,0.905435321439399,1.06899999999996,0
"mixture",300,8,"ordpp common",0.190036392584484,0.135560300435757,0.00904813346619624,2.55349268876575,0.005,0.87082152639557,2.78099999999995,0
"mixture",300,8,"ordpp item",0.205677663919602,0.128842611460722,0.00898780712002044,2.4977064980932,0.005,0.85927419161205,75.1709999999999,0
"mixture",300,8,"PCA, equal scores",0.134692366380578,0.101093285874078,0.00261848941143432,2.77212426818996,0.005,0.914016363876977,0.00499999999999545,NA
"mixture",300,8,"Polychoric PCA",0.133823214661959,0.100330317148968,0.00256870100510681,2.76565990597335,0.005,0.91476444144019,0.343999999999937,NA
"mixture",300,8,"Gifi princals",0.131889013175462,0.0916001109213379,0.00161735572897742,2.79561406987805,0.005,0.900109713078178,0.0520000000000209,NA
"mixture",300,8,"ordPens ordPCA",0.133049389823755,0.0954817114211699,0.00200646011876309,2.77202233363852,0.005,0.909539646893458,0.0099999999999909,NA
"mixture",300,9,"ordpp linear",0.167498682196429,0.134403008962279,0.00513960872860397,2.95733785031575,0.005,0.906237148007905,0.786000000000058,0
"mixture",300,9,"ordpp common",0.210460987348292,0.16161346769171,0.0101559555025824,2.78018759152825,0.005,0.86605858968837,3.83000000000004,0
"mixture",300,9,"ordpp item",0.240357536042247,0.170425756136782,0.0137624035401522,2.78153237989724,0.005,0.844719234952958,78.043,0
"mixture",300,9,"PCA, equal scores",0.166378727051399,0.134767198897801,0.00537006722278787,2.94402388933033,0.005,0.904525199856216,0.00300000000004275,NA
"mixture",300,9,"Polychoric PCA",0.165386151500662,0.135188845225982,0.00547456783796115,2.94176782401042,0.005,0.904115892044624,0.482999999999947,NA
"mixture",300,9,"Gifi princals",0.186734632795474,0.144998409531184,0.00809455617734601,2.85768310090113,0.005,0.892075336673601,0.0720000000000027,NA
"mixture",300,9,"ordPens ordPCA",0.176360290365614,0.141024643675249,0.00695260885207701,2.92391360000494,0.005,0.897390242744504,0.0110000000000809,NA
"mixture",300,10,"ordpp linear",0.109587604661051,0.129109546970305,0.00526317413684686,2.78755192162859,0.005,0.895845852688083,1.08299999999997,0
"mixture",300,10,"ordpp common",0.137229277757832,0.166714819333132,0.0111632060152895,2.7193627088251,0.005,0.866777535967156,2.12299999999993,0
"mixture",300,10,"ordpp item",0.145717242170926,0.162386268696947,0.0109794481459565,2.68545185635695,0.005,0.864976459850014,99.318,0
"mixture",300,10,"PCA, equal scores",0.103127387280766,0.136066195067416,0.00612717188153069,2.80484648641408,0.005,0.893983756110228,0.00500000000010914,NA
"mixture",300,10,"Polychoric PCA",0.102546364662765,0.136017626789211,0.00609563279148641,2.80667796694731,0.005,0.893848479543128,1.01999999999998,NA
"mixture",300,10,"Gifi princals",0.0938459257979827,0.109995659554033,0.00376972726011131,2.72482353272911,0.005,0.896494097260838,0.0819999999999936,NA
"mixture",300,10,"ordPens ordPCA",0.0962088419395088,0.126359292310181,0.00507516791370706,2.79433776028524,0.005,0.897824584803263,0.0170000000000528,NA
"mixture",300,11,"ordpp linear",0.119507042325606,0.140369292167005,0.00534829586932205,2.97951660974625,0.005,0.917158528398398,0.649999999999977,0
"mixture",300,11,"ordpp common",0.142151266602572,0.177494189630705,0.01106727747618,2.87039909469704,0.005,0.894799459790619,2.6400000000001,0
"mixture",300,11,"ordpp item",0.151669554393532,0.177644755192477,0.0104682139274948,2.90095365752314,0.005,0.88407304696832,61.474,0
"mixture",300,11,"PCA, equal scores",0.116113874219871,0.137644925628737,0.00507237327755331,2.98228666434431,0.005,0.916356466087544,0.00200000000006639,NA
"mixture",300,11,"Polychoric PCA",0.115796211200258,0.138174147523415,0.00511517571112757,2.98676205920436,0.005,0.916031520293272,0.408000000000015,NA
"mixture",300,11,"Gifi princals",0.11204944180625,0.117076350893647,0.0034871286341056,2.91882294216528,0.005,0.911175951719506,0.0749999999999318,NA
"mixture",300,11,"ordPens ordPCA",0.115497346546619,0.130761038295059,0.00429549404029968,2.99228492858003,0.005,0.91603382152561,0.01400000000001,NA
"mixture",300,12,"ordpp linear",0.110900413863149,0.108132341100373,0.00302920214178415,2.82519604874276,0.005,0.91182846145266,0.682999999999993,0
"mixture",300,12,"ordpp common",0.135052484274649,0.144972474582695,0.00801018958013308,2.72913490615239,0.005,0.894539274482868,2.29399999999998,0
"mixture",300,12,"ordpp item",0.15224460243728,0.136434073000003,0.0079167883908425,2.64385197584105,0.005,0.871033091327381,59.88,0
"mixture",300,12,"PCA, equal scores",0.105414819395156,0.120574677844876,0.00355836030053935,2.94263962278246,0.005,0.919822302538555,0.00200000000006639,NA
"mixture",300,12,"Polychoric PCA",0.105255432358001,0.120509484740431,0.00355742862411397,2.94118334780158,0.005,0.919863780395482,0.344000000000051,NA
"mixture",300,12,"Gifi princals",0.102344382269944,0.113602952936785,0.00311197884925631,2.91720998547047,0.005,0.917932661555437,0.0499999999999545,NA
"mixture",300,12,"ordPens ordPCA",0.104340573769921,0.1156910486853,0.00314048824829669,2.95349882220891,0.005,0.92008586502917,0.0119999999999436,NA
"mixture",300,13,"ordpp linear",0.164619527340326,0.14792795417154,0.0071383260497892,2.9215659847924,0.005,0.927805691077281,1.149,0
"mixture",300,13,"ordpp common",0.211133866652179,0.188625339993599,0.0135929450862404,2.76633674983093,0.005,0.894403642959721,5.245,0
"mixture",300,13,"ordpp item",0.217574742551931,0.183915709716748,0.0134371646107311,2.73650993081992,0.005,0.893785378465572,73.766,0
"mixture",300,13,"PCA, equal scores",0.160692277837342,0.151040197478322,0.00668209027152953,2.98935614494112,0.005,0.92397988401655,0.00399999999990541,NA
"mixture",300,13,"Polychoric PCA",0.158957201747293,0.151770545074391,0.00660583128014251,3.00470118032623,0.005,0.923131582784425,0.310999999999922,NA
"mixture",300,13,"Gifi princals",0.160828098910687,0.151919314014068,0.0073552789618865,2.88733626990758,0.005,0.897764017142584,0.0710000000000264,NA
"mixture",300,13,"ordPens ordPCA",0.164163444554877,0.151291415878418,0.00637259959351747,2.97718924955519,0.005,0.917954349768593,0.0230000000000246,NA
"mixture",300,14,"ordpp linear",0.147552293989179,0.106836790561142,0.00376010418251041,2.70634205206686,0.005,0.907537262537421,0.591999999999985,0
"mixture",300,14,"ordpp common",0.186056096467126,0.142700473188763,0.00985230524562651,2.54305051127886,0.005,0.877405000587888,1.827,0
"mixture",300,14,"ordpp item",0.200488030217759,0.145745991449163,0.0104378517690332,2.54723381321567,0.005,0.866503715554412,54.231,0
"mixture",300,14,"PCA, equal scores",0.137689255380631,0.102464628508146,0.00330602878587752,2.68101281153615,0.005,0.91521866351328,0.00300000000004275,NA
"mixture",300,14,"Polychoric PCA",0.137167550615437,0.10101017611797,0.00326856193523135,2.66438070923908,0.005,0.914320797507041,0.376999999999953,NA
"mixture",300,14,"Gifi princals",0.130895268487516,0.100213033585721,0.00373196977636037,2.60554671124608,0.005,0.907411701255825,0.0889999999999418,NA
"mixture",300,14,"ordPens ordPCA",0.13522532922745,0.101829959091425,0.00321962695050088,2.68236512844847,0.005,0.915175446932779,0.0180000000000291,NA
"mixture",300,15,"ordpp linear",0.109837315581209,0.0861929773632007,0.00251935882396424,2.53592537717411,0.005,0.904892008021333,0.891999999999939,0
"mixture",300,15,"ordpp common",0.13797184909253,0.102171818420803,0.00641620063260862,2.3711176075988,0.005,0.883718648961758,3.25300000000004,0
"mixture",300,15,"ordpp item",0.151705471721624,0.0980530513298083,0.00585688024643939,2.36194441951821,0.005,0.87461129867892,40.812,0
"mixture",300,15,"PCA, equal scores",0.105977718621849,0.0774206544782832,0.00206774891062693,2.46473228712303,0.005,0.89538458540016,0.00200000000006639,NA
"mixture",300,15,"Polychoric PCA",0.103933165632808,0.074906609386392,0.00185444255088204,2.45064404641246,0.005,0.891166419558843,0.354000000000042,NA
"mixture",300,15,"Gifi princals",0.0894283397842448,0.0551525019221422,0.00037308091559808,2.46333373730771,0.005,0.896006662020903,0.0860000000000127,NA
"mixture",300,15,"ordPens ordPCA",0.0955572222379082,0.0701313191901755,0.00173868865346324,2.4508952605479,0.005,0.89909488369578,0.0159999999999627,NA
"mixture",300,16,"ordpp linear",0.120013438190767,0.147869208384607,0.00909684031600929,2.87565032060353,0.005,0.916315132431318,1.125,0
"mixture",300,16,"ordpp common",0.151839399712578,0.19327412814698,0.0149996421575178,2.81193807466992,0.005,0.889347549796466,3.351,0
"mixture",300,16,"ordpp item",0.169064143991431,0.155611835314166,0.0119888060818305,2.59887484743556,0.005,0.871796186013432,45.499,0
"mixture",300,16,"PCA, equal scores",0.113091205867873,0.158753520224331,0.0094884478614571,2.93836813066907,0.005,0.921744224095382,0.00300000000004275,NA
"mixture",300,16,"Polychoric PCA",0.112168433880954,0.159004282068024,0.00951164192708983,2.93759631520939,0.005,0.921611192957566,0.311000000000035,NA
"mixture",300,16,"Gifi princals",0.112943559765647,0.136021117178219,0.00781961745196763,2.79299108146196,0.005,0.914665620769102,0.0750000000000455,NA
"mixture",300,16,"ordPens ordPCA",0.111785752346278,0.154724871001065,0.00897904181138055,2.9142411694157,0.005,0.92218270786911,0.0110000000000809,NA
"mixture",300,17,"ordpp linear",0.103562403098293,0.106931249497045,0.00395896577499426,2.63964577437715,0.005,0.908825697212457,0.498000000000047,0
"mixture",300,17,"ordpp common",0.139632578767025,0.151132544057876,0.0108315166501865,2.54959372869887,0.005,0.892417794823903,2.63900000000001,0
"mixture",300,17,"ordpp item",0.160138420626595,0.135273241686916,0.00977889785702068,2.44594667769601,0.005,0.889273039798275,51.241,0
"mixture",300,17,"PCA, equal scores",0.0975537171350427,0.114768002622214,0.00430669675873551,2.72317393898724,0.005,0.916590489270507,0.00300000000004275,NA
"mixture",300,17,"Polychoric PCA",0.0975554797621332,0.113178239931251,0.00416172909007069,2.71725812442996,0.005,0.916721642100002,0.355999999999995,NA
"mixture",300,17,"Gifi princals",0.101880625531207,0.0850495865725352,0.00270944409014128,2.68912761199859,0.005,0.908199491789272,0.0670000000000073,NA
"mixture",300,17,"ordPens ordPCA",0.0934709950053157,0.103051646840171,0.00305125285794658,2.73633414628172,0.005,0.917216228168955,0.0149999999999864,NA
"mixture",300,18,"ordpp linear",0.0963428327262759,0.0976997081171705,0.00353643579800131,2.5881177137145,0.005,0.904890056532785,0.920000000000073,0
"mixture",300,18,"ordpp common",0.124499702335067,0.13366011469771,0.00929095515043139,2.50053068998118,0.005,0.877552289593455,3.245,0
"mixture",300,18,"ordpp item",0.147801820469502,0.126963596661971,0.00831794950327899,2.48419164562117,0.005,0.864222780775897,51.206,0
"mixture",300,18,"PCA, equal scores",0.0931919323629748,0.105658193296108,0.00370675271033861,2.67534183315478,0.005,0.905357593137662,0.0040000000000191,NA
"mixture",300,18,"Polychoric PCA",0.0911107239297894,0.10775329504177,0.00368661702414109,2.71097693576763,0.005,0.906231346612259,0.2349999999999,NA
"mixture",300,18,"Gifi princals",0.0829849615919186,0.0974793717540702,0.00234438227513104,2.77200435003509,0.005,0.9028376098694,0.0670000000000073,NA
"mixture",300,18,"ordPens ordPCA",0.0928099766525603,0.101196995780621,0.00335559064744592,2.65765502015735,0.005,0.90471037432265,0.0109999999999673,NA
"mixture",300,19,"ordpp linear",0.0886568817503536,0.0646828960235331,0.000752126975173953,2.50370367364617,0.005,0.899608730487813,1.00999999999999,0
"mixture",300,19,"ordpp common",0.112591939403334,0.0866775415656587,0.00432535249325129,2.29911425882441,0.005,0.860639773783628,2.78499999999997,0
"mixture",300,19,"ordpp item",0.133015946296138,0.0734071874731786,0.00350416312680272,2.2322782146971,0.005,0.865987546981227,42.721,0
"mixture",300,19,"PCA, equal scores",0.0826882509017117,0.0600312525283577,0.000766733936614319,2.45639284657721,0.005,0.892784363823986,0.0099999999999909,NA
"mixture",300,19,"Polychoric PCA",0.0826293372714284,0.060291855937632,0.00080761493758115,2.46110048165845,0.005,0.893084074893573,0.379000000000019,NA
"mixture",300,19,"Gifi princals",0.0783124361760288,0.0451323863513243,5.44283342974936e-05,2.37693141984031,0.005,0.88245562305238,0.0849999999999227,NA
"mixture",300,19,"ordPens ordPCA",0.07909584085617,0.0547319036868725,0.000400112883866064,2.46500023264405,0.005,0.893836652730531,0.0289999999999964,NA
"mixture",300,20,"ordpp linear",0.116242994757603,0.0999512927852859,0.00284483584539187,2.68744741183633,0.005,0.90200291042283,0.567999999999984,0
"mixture",300,20,"ordpp common",0.144386152535575,0.138281489289881,0.00885110152816923,2.54588946856426,0.005,0.880642698418131,2.30399999999997,0
"mixture",300,20,"ordpp item",0.156334568386642,0.128913308760023,0.00807498593685353,2.49992309532569,0.005,0.881538127408446,33.7660000000001,0
"mixture",300,20,"PCA, equal scores",0.10685895114122,0.114677406522878,0.00365698956352885,2.82593710913005,0.005,0.906102916233974,0.00300000000004275,NA
"mixture",300,20,"Polychoric PCA",0.105330632424081,0.115556165057351,0.00372405454015258,2.83143163369189,0.005,0.906118873520736,1.65999999999997,NA
"mixture",300,20,"Gifi princals",0.0878505680867894,0.102199000121095,0.00257441780323021,2.78752858559404,0.005,0.903219454722258,0.147999999999911,NA
"mixture",300,20,"ordPens ordPCA",0.101142615594645,0.109182710975708,0.00292932547002586,2.84159006450439,0.005,0.908809582867051,0.0100000000001046,NA
"mixture",300,21,"ordpp linear",0.128473475637983,0.109005725136163,0.00590325973738456,2.47280925807299,0.005,0.915145546302051,0.344000000000051,0
"mixture",300,21,"ordpp common",0.165508017018334,0.137296441731968,0.0100655669181313,2.46456075753549,0.005,0.900151281894415,3.49099999999999,0
"mixture",300,21,"ordpp item",0.175209185387588,0.131745589630545,0.00948940068933115,2.43913753855524,0.005,0.894864673942554,42.9899999999999,0
"mixture",300,21,"PCA, equal scores",0.115295299886058,0.123024239984817,0.00638770046267093,2.62657673327566,0.005,0.909421574601027,0.00199999999995271,NA
"mixture",300,21,"Polychoric PCA",0.11210508526643,0.121836466106191,0.00638197967792249,2.61278904609347,0.005,0.905715464878019,0.340000000000032,NA
"mixture",300,21,"Gifi princals",0.100244433549659,0.10427240337927,0.00468292336446894,2.54496583256243,0.005,0.890703321459751,0.0510000000000446,NA
"mixture",300,21,"ordPens ordPCA",0.113707435402884,0.117545710015589,0.00601385784402847,2.58895974696703,0.005,0.90696678011164,0.01299999999992,NA
"mixture",300,22,"ordpp linear",0.153334938182708,0.121963488485226,0.00484272903358802,2.76404331543343,0.005,0.92391456045409,0.449999999999932,0
"mixture",300,22,"ordpp common",0.194751624557283,0.174998651247349,0.0122238038810567,2.7242412374353,0.005,0.91125799199452,2,0
"mixture",300,22,"ordpp item",0.209312891848024,0.163738861932352,0.0119093677324986,2.62732913044007,0.005,0.906489455167437,42.087,0
"mixture",300,22,"PCA, equal scores",0.144594811431965,0.131874551534773,0.0052372722424196,2.86953759769376,0.005,0.928061393894162,0.00199999999995271,NA
"mixture",300,22,"Polychoric PCA",0.143172684190134,0.132580080843557,0.00528340431157932,2.87438781130228,0.005,0.928043128547886,0.329000000000065,NA
"mixture",300,22,"Gifi princals",0.136239136827721,0.127742153539489,0.00517800661532966,2.82445341358757,0.005,0.919752702556149,0.0690000000000737,NA
"mixture",300,22,"ordPens ordPCA",0.142761474476574,0.129184975913426,0.00501799523131727,2.87655619827072,0.005,0.9267885451983,0.0119999999999436,NA
"mixture",300,23,"ordpp linear",0.0954648335390632,0.154547519550561,0.00798684578908074,2.8451151309048,0.005,0.929020523747581,1.173,0
"mixture",300,23,"ordpp common",0.140071323299477,0.187624493758439,0.0142678742234957,2.68374066891063,0.005,0.901503803991756,2.41699999999992,0
"mixture",300,23,"ordpp item",0.163743706175591,0.176508888840501,0.0134307690931247,2.6418472008883,0.005,0.885822238327154,54.064,0
"mixture",300,23,"PCA, equal scores",0.0883955822687987,0.158085637418925,0.00815528988145645,2.89252050282025,0.005,0.929215125118429,0.00199999999995271,NA
"mixture",300,23,"Polychoric PCA",0.0881593198817594,0.157217672106059,0.00798548553555945,2.90004905865234,0.005,0.929622017637278,0.694000000000074,NA
"mixture",300,23,"Gifi princals",0.0955285072941764,0.158446922813341,0.0103068982904879,2.75121222495249,0.005,0.917874379469753,0.0860000000000127,NA
"mixture",300,23,"ordPens ordPCA",0.089459201611409,0.157107302488545,0.00801222628895264,2.89898675771692,0.005,0.929768581704051,0.0099999999999909,NA
"mixture",300,24,"ordpp linear",0.126018457413736,0.115805777774264,0.00504377306188671,2.69969604078093,0.005,0.921137764597604,0.696000000000026,0
"mixture",300,24,"ordpp common",0.151621119554144,0.147992960879404,0.0102259243912887,2.61727444690595,0.005,0.904142534970212,2.3069999999999,0
"mixture",300,24,"ordpp item",0.170964795472959,0.116213979981827,0.00705960453791405,2.42298939418078,0.005,0.890333121189626,40.822,0
"mixture",300,24,"PCA, equal scores",0.124719392195719,0.121998567344469,0.00558940115403215,2.73041597554111,0.005,0.920799049887825,0.00300000000004275,NA
"mixture",300,24,"Polychoric PCA",0.124432738781226,0.122116200503971,0.00564256237842935,2.72497842189003,0.005,0.919522294099881,0.315999999999917,NA
"mixture",300,24,"Gifi princals",0.125296049027108,0.101038498677782,0.00335247231850596,2.6451784519689,0.005,0.900451362443698,0.0360000000000582,NA
"mixture",300,24,"ordPens ordPCA",0.126594089575964,0.115940469799503,0.00452834270909971,2.71775139063142,0.005,0.915719301464296,0.0119999999999436,NA
"mixture",300,25,"ordpp linear",0.120325242364928,0.115932428637941,0.00462643184133701,2.72085137592727,0.005,0.896656306293902,0.72199999999998,0
"mixture",300,25,"ordpp common",0.152606174633043,0.151685397893831,0.0102320924559668,2.62114976436389,0.005,0.869767676588641,2.45400000000006,0
"mixture",300,25,"ordpp item",0.165076268891931,0.14036876547629,0.00982691114411004,2.52329340034507,0.005,0.865484779221785,41.158,0
"mixture",300,25,"PCA, equal scores",0.115671167964301,0.113038643203437,0.00431269688526946,2.71580143881653,0.005,0.892899173617947,0.00199999999995271,NA
"mixture",300,25,"Polychoric PCA",0.115012958754917,0.112695719919195,0.00425012697563164,2.71713624982989,0.005,0.892488128694659,0.543000000000006,NA
"mixture",300,25,"Gifi princals",0.0910822382816004,0.0807988008227855,0.00207030608169569,2.57980644116053,0.005,0.891557671035639,0.365000000000009,NA
"mixture",300,25,"ordPens ordPCA",0.107939292419147,0.105000558621543,0.00374030311010757,2.7119117788779,0.005,0.895650506712238,0.01400000000001,NA
"mixture",300,26,"ordpp linear",0.119779524225211,0.130963157058937,0.0055473544073216,2.83758541936818,0.005,0.916285922006026,0.952999999999975,0
"mixture",300,26,"ordpp common",0.156344576482632,0.163453955169782,0.0107242090459981,2.71648825281916,0.005,0.892280914352948,2.8359999999999,0
"mixture",300,26,"ordpp item",0.166617381624461,0.163980237747261,0.0112207681931232,2.67618037993371,0.005,0.891966857042138,48.5160000000001,0
"mixture",300,26,"PCA, equal scores",0.111813796249148,0.128118465555341,0.00519068772659726,2.86296796284242,0.005,0.917918455052554,0.00300000000004275,NA
"mixture",300,26,"Polychoric PCA",0.11007373427765,0.126377531537488,0.00507294070384267,2.85112529439063,0.005,0.917425825388907,0.303999999999974,NA
"mixture",300,26,"Gifi princals",0.0952854081949628,0.112304657955827,0.00382412281839829,2.78523359731267,0.005,0.917156906015095,0.05499999999995,NA
"mixture",300,26,"ordPens ordPCA",0.102606611442105,0.118318136980204,0.00389002701000413,2.84556099002884,0.005,0.918513258826716,0.0110000000000809,NA
"mixture",300,27,"ordpp linear",0.126257346590544,0.0833290542607241,0.00400204153040209,2.47215138136779,0.005,0.902380909871774,0.590000000000032,0
"mixture",300,27,"ordpp common",0.15150376392399,0.101044062094176,0.00651811764512143,2.40773451719014,0.005,0.896639394603148,3.56899999999996,0
"mixture",300,27,"ordpp item",0.166685750128653,0.0960511787239536,0.00553148949470288,2.3659656426875,0.005,0.88533764599579,41.6179999999999,0
"mixture",300,27,"PCA, equal scores",0.120648374552042,0.0917244119960323,0.00434782678022197,2.5797989332056,0.005,0.91116391028734,0.00299999999992906,NA
"mixture",300,27,"Polychoric PCA",0.118969209466548,0.092067522414446,0.00439329531537954,2.58386511558353,0.005,0.911941004922552,0.349000000000046,NA
"mixture",300,27,"Gifi princals",0.132810332658269,0.085242859845332,0.00311693118020773,2.43548994797393,0.005,0.898762677505982,0.0520000000000209,NA
"mixture",300,27,"ordPens ordPCA",0.125219570883056,0.0890250609893612,0.00337610161722452,2.53651749857889,0.005,0.909251563136699,0.0109999999999673,NA
"mixture",300,28,"ordpp linear",0.116149849708424,0.128904626352177,0.00569110706180372,2.86625921471776,0.005,0.923439749023401,0.66599999999994,0
"mixture",300,28,"ordpp common",0.149944630173402,0.158201224465961,0.0110713391629346,2.67539592495685,0.005,0.906106380578931,2.35199999999998,0
"mixture",300,28,"ordpp item",0.171121935468838,0.15915046129474,0.0142225161219019,2.64486865783082,0.005,0.891544617265356,45.678,0
"mixture",300,28,"PCA, equal scores",0.111527941413193,0.131137766486588,0.00515039891268399,2.95138500771733,0.005,0.923881725214509,0.00299999999992906,NA
"mixture",300,28,"Polychoric PCA",0.111338462429024,0.130840720673995,0.00513008236157154,2.9527207610806,0.005,0.924224823458217,0.236999999999966,NA
"mixture",300,28,"Gifi princals",0.0925918105298754,0.10310849026639,0.00241353312720769,2.93450882957592,0.005,0.911152881851767,0.0670000000000073,NA
"mixture",300,28,"ordPens ordPCA",0.104379578111698,0.124541835610931,0.00465439817988044,2.96436788911133,0.005,0.92358291781102,0.0169999999999391,NA
"mixture",300,29,"ordpp linear",0.15014825481052,0.0715096656226573,0.00268409543618298,2.51130782477156,0.005,0.90490601489828,0.366999999999962,0
"mixture",300,29,"ordpp common",0.191436813341093,0.0879667283452748,0.00726973950847783,2.28540215711837,0.005,0.872777186709094,2.76400000000001,0
"mixture",300,29,"ordpp item",0.206951708067115,0.0842813695908079,0.00910379884156076,2.21442270912239,0.005,0.860111065318707,45.462,0
"mixture",300,29,"PCA, equal scores",0.146324284508426,0.0714815431120621,0.0026377267355654,2.56077439084797,0.005,0.90357329771607,0.00199999999995271,NA
"mixture",300,29,"Polychoric PCA",0.145655337036971,0.0715622970618216,0.00266190724507384,2.5627531224591,0.005,0.902824378821591,0.331000000000017,NA
"mixture",300,29,"Gifi princals",0.162930467200028,0.0669846849227286,0.00336276259496081,2.48191607741331,0.005,0.89161613891177,0.0589999999999691,NA
"mixture",300,29,"ordPens ordPCA",0.150282385318572,0.0713553878808973,0.00325036749018563,2.54748806204782,0.005,0.900750214506233,0.0120000000000573,NA
"mixture",300,30,"ordpp linear",0.118694755284626,0.113966065284546,0.00419711737247105,2.76821135871344,0.005,0.917590486329381,1.18400000000008,0
"mixture",300,30,"ordpp common",0.15590721133102,0.131089234774143,0.00869770802398427,2.47796999071089,0.005,0.88406026487221,2.74599999999998,0
"mixture",300,30,"ordpp item",0.191985187665407,0.12037673720825,0.00832618695008477,2.39672631244584,0.005,0.872178761889238,35.215,0
"mixture",300,30,"PCA, equal scores",0.115649887241493,0.117697582079364,0.00437429347133156,2.79806692551946,0.005,0.918053637388856,0.00200000000006639,NA
"mixture",300,30,"Polychoric PCA",0.115909888845553,0.117270193338313,0.00438343290177092,2.79299974057558,0.005,0.918198876417899,0.345000000000027,NA
"mixture",300,30,"Gifi princals",0.115413556329874,0.102858374177245,0.00289741959762468,2.77420581862899,0.005,0.915433591396663,0.0930000000000746,NA
"mixture",300,30,"ordPens ordPCA",0.113310540023332,0.11217045273494,0.00366023805180267,2.80454661171738,0.005,0.920809868333724,0.0099999999999909,NA
"mixture",300,31,"ordpp linear",0.138115296795684,0.101129056254855,0.00371201865866519,2.61848268844492,0.005,0.901193719593628,0.921000000000049,0
"mixture",300,31,"ordpp common",0.190616358419871,0.116882289726786,0.00748895761313573,2.43373876295716,0.005,0.86608281766829,3.27200000000005,0
"mixture",300,31,"ordpp item",0.205729845686633,0.110668232835188,0.00680510372315101,2.41604711127791,0.005,0.853739473908233,52.2669999999999,0
"mixture",300,31,"PCA, equal scores",0.135656144458543,0.105643451009451,0.00404400963938242,2.65176982165107,0.005,0.903482436869471,0.00200000000006639,NA
"mixture",300,31,"Polychoric PCA",0.135069509931937,0.104041854911707,0.00393200434641909,2.63704921608895,0.005,0.90270705923264,0.302999999999997,NA
"mixture",300,31,"Gifi princals",0.129294343969706,0.0832223095878771,0.00207056445465896,2.59477855319431,0.005,0.903666002130117,0.0779999999999745,NA
"mixture",300,31,"ordPens ordPCA",0.13116841494916,0.0992569896155857,0.00330769414032174,2.64949085532424,0.005,0.903285198500249,0.0110000000000809,NA
"mixture",300,32,"ordpp linear",0.124130441481895,0.107190953088354,0.00340021268282324,2.77279546485774,0.005,0.924306371050676,0.836999999999989,0
"mixture",300,32,"ordpp common",0.160312958966328,0.139961962394886,0.00910650197860007,2.57384562236982,0.005,0.89296197525797,2.01999999999998,0
"mixture",300,32,"ordpp item",0.170513302427861,0.13009167733553,0.00823444320036774,2.53649722611977,0.005,0.89222111249744,51.456,0
"mixture",300,32,"PCA, equal scores",0.121181971754533,0.110702004257824,0.00365767998521811,2.80581908619958,0.005,0.928319510193493,0.00299999999992906,NA
"mixture",300,32,"Polychoric PCA",0.120752181363485,0.110989023101459,0.0037064762756953,2.80508416538064,0.005,0.92852381016979,0.285999999999945,NA
"mixture",300,32,"Gifi princals",0.0973290138255608,0.0707636386042406,0.00518076438207561,2.79602367435681,0.005,0.915377120743504,0.0550000000000637,NA
"mixture",300,32,"ordPens ordPCA",0.108837742248101,0.0960122065035416,0.00411669647745056,2.833258676993,0.005,0.927488066183529,0.0109999999999673,NA
"mixture",300,33,"ordpp linear",0.0995093382775706,0.0660205530396283,0.000846841775303772,2.51780611911319,0.005,0.894172474789586,0.897999999999911,0
"mixture",300,33,"ordpp common",0.112748568678486,0.0901175277980217,0.00349848583098957,2.44467905516021,0.005,0.876793469819624,2.13200000000006,0
"mixture",300,33,"ordpp item",0.126930873857218,0.0821576607312687,0.00359179258025765,2.31501826030514,0.005,0.864581602844709,35.0840000000001,0
"mixture",300,33,"PCA, equal scores",0.0958766577077505,0.0720360728256051,0.00101453972371916,2.57447080551224,0.005,0.902025087535268,0.0040000000000191,NA
"mixture",300,33,"Polychoric PCA",0.0951718179536114,0.0730789114256469,0.00106375292463408,2.5820066553019,0.005,0.902733529369737,0.331000000000017,NA
"mixture",300,33,"Gifi princals",0.0795464962701344,0.0632923434044303,0.000603606855483435,2.5703150720182,0.005,0.909187098098203,0.0570000000000164,NA
"mixture",300,33,"ordPens ordPCA",0.0937074725242355,0.0662954127542017,0.000733056532166125,2.55623536722696,0.005,0.904950398038539,0.0169999999999391,NA
"mixture",300,34,"ordpp linear",0.125867155696309,0.105795788099101,0.00300700153159052,2.81101022286537,0.005,0.922256698395963,0.725999999999999,0
"mixture",300,34,"ordpp common",0.153884739372657,0.131504710553476,0.00815744015930145,2.56341257169585,0.005,0.897736857849266,2.62199999999996,0
"mixture",300,34,"ordpp item",0.170474959165463,0.125200080079765,0.00882462971297429,2.45952260360661,0.005,0.893679386785088,48.284,0
"mixture",300,34,"PCA, equal scores",0.12384944552973,0.107626837429583,0.00337986019891052,2.80387420779996,0.005,0.91961648128356,0.00199999999995271,NA
"mixture",300,34,"Polychoric PCA",0.123070473437711,0.107631208059098,0.00342257431297625,2.80128776129865,0.005,0.918834597063257,0.315999999999917,NA
"mixture",300,34,"Gifi princals",0.117530462656218,0.0871401028898419,0.00291507234186258,2.73792960792027,0.005,0.923873314681844,0.04099999999994,NA
"mixture",300,34,"ordPens ordPCA",0.118979519494554,0.100433437274215,0.00287731064984898,2.81086853091057,0.005,0.922474914324695,0.0109999999999673,NA
"mixture",300,35,"ordpp linear",0.105820911431532,0.134649696280176,0.00579459941371673,2.8302216890972,0.005,0.921568158735299,0.571000000000026,0
"mixture",300,35,"ordpp common",0.120697708668725,0.152088206414398,0.00898827801745443,2.70922343171436,0.005,0.907534911873601,2.072,0
"mixture",300,35,"ordpp item",0.14571887545004,0.131628660087869,0.00794396567965338,2.67688356951974,0.005,0.89287037795621,33.742,0
"mixture",300,35,"PCA, equal scores",0.102226450583984,0.131492735431976,0.00505734335417718,2.87903906966433,0.005,0.926501994161335,0.00200000000006639,NA
"mixture",300,35,"Polychoric PCA",0.10218448162422,0.128961654093,0.00493691303561138,2.8623343769202,0.005,0.924513460892768,0.260000000000105,NA
"mixture",300,35,"Gifi princals",0.107552358256964,0.10030431745118,0.00479512714044563,2.76031186579099,0.005,0.906477566718565,0.04099999999994,NA
"mixture",300,35,"ordPens ordPCA",0.112836417615884,0.116717751465339,0.00399331377669163,2.84779682179606,0.005,0.92132066943058,0.0099999999999909,NA
"mixture",300,36,"ordpp linear",0.105922205920464,0.0966348171496283,0.00315083876170535,2.60779184378654,0.005,0.914467797991954,0.565000000000055,0
"mixture",300,36,"ordpp common",0.136855212006168,0.11807647958086,0.00809854946302458,2.46858006273436,0.005,0.900303885921386,2.61599999999999,0
"mixture",300,36,"ordpp item",0.152730449616205,0.10254282094346,0.00883214384374835,2.35639115158131,0.005,0.886545838822665,51.2640000000001,0
"mixture",300,36,"PCA, equal scores",0.104078092691058,0.101900562991458,0.00328434715922071,2.68428869763104,0.005,0.91827685629474,0.00299999999992906,NA
"mixture",300,36,"Polychoric PCA",0.103764688926438,0.10240616672455,0.00328193843169906,2.69294363279477,0.005,0.918989615893026,0.244999999999891,NA
"mixture",300,36,"Gifi princals",0.0872953343372929,0.0757163452297129,0.00108738572568666,2.65958194050578,0.005,0.910437273847646,0.081000000000131,NA
"mixture",300,36,"ordPens ordPCA",0.0983009993950154,0.0941587938440838,0.00244718582160212,2.69309969054175,0.005,0.918955949004323,0.0099999999999909,NA
"mixture",300,37,"ordpp linear",0.167081458759535,0.120306202154251,0.00499406862401692,2.73021652057983,0.005,0.916424579617793,0.40300000000002,0
"mixture",300,37,"ordpp common",0.222099094907024,0.149268894268371,0.0101478275384828,2.59674691173629,0.005,0.882915768771066,1.63199999999995,0
"mixture",300,37,"ordpp item",0.236386252033406,0.141216772694595,0.0098792348286416,2.54736977695008,0.005,0.875217898271867,26.378,0
"mixture",300,37,"PCA, equal scores",0.163243454305918,0.117643466014796,0.00503358473563743,2.69840104440131,0.005,0.914299485619176,0.00300000000004275,NA
"mixture",300,37,"Polychoric PCA",0.162022625355072,0.116173823361555,0.00496714366614857,2.68644975591792,0.005,0.913447095458652,0.232999999999947,NA
"mixture",300,37,"Gifi princals",0.18943035408912,0.116825367981224,0.00609899720470655,2.56103912476066,0.005,0.898344170521924,0.0520000000000209,NA
"mixture",300,37,"ordPens ordPCA",0.17137607199312,0.117480277297887,0.00503775548330868,2.67725575507821,0.005,0.911846613932844,0.00899999999990087,NA
"mixture",300,38,"ordpp linear",0.129029847851534,0.121168578812404,0.0047270308983933,2.78701175318315,0.005,0.933862646596205,0.231999999999971,0
"mixture",300,38,"ordpp common",0.161507290311592,0.147886434972376,0.00967649685477734,2.62860148619379,0.005,0.91906898116225,1.47300000000007,0
"mixture",300,38,"ordpp item",0.178084102562569,0.135489667258453,0.0112376564277741,2.51899714970351,0.005,0.898623380524555,46.273,0
"mixture",300,38,"PCA, equal scores",0.128239106855777,0.122548763155789,0.00468287465198172,2.81717290402336,0.005,0.935548703524282,0.00300000000015643,NA
"mixture",300,38,"Polychoric PCA",0.128274672603774,0.122885770775859,0.00470602349827562,2.81944331022642,0.005,0.936440436988611,0.286999999999807,NA
"mixture",300,38,"Gifi princals",0.13117259188513,0.0858584047625619,0.00200844865710489,2.62706224697312,0.005,0.916602661681743,0.0470000000000255,NA
"mixture",300,38,"ordPens ordPCA",0.126442261966959,0.118534533550055,0.00413673256725082,2.82679250012425,0.005,0.936905296287255,0.0109999999999673,NA
"mixture",300,39,"ordpp linear",0.116893617095428,0.0989160137402707,0.00388850800812842,2.59065700209,0.005,0.926657884096536,0.923000000000002,0
"mixture",300,39,"ordpp common",0.141185027888763,0.123007942835022,0.00729259211402745,2.52103499425721,0.005,0.903596773396081,2.38900000000001,0
"mixture",300,39,"ordpp item",0.156698863856381,0.110309391062417,0.00807146112929636,2.36826297204075,0.005,0.886348348359711,53.2439999999999,0
"mixture",300,39,"PCA, equal scores",0.113896999053572,0.0972913662500557,0.00334326022566378,2.64130410569815,0.005,0.926595842788506,0.00199999999995271,NA
"mixture",300,39,"Polychoric PCA",0.1139353942319,0.097275191357884,0.00338708541245443,2.63495162858787,0.005,0.926893759113767,0.262000000000171,NA
"mixture",300,39,"Gifi princals",0.116330252078453,0.0904260008807802,0.00489151457858984,2.38382216417841,0.005,0.901962747103471,0.0450000000000728,NA
"mixture",300,39,"ordPens ordPCA",0.115064167434499,0.0985925556791861,0.00352062849292591,2.61957859624784,0.005,0.924634643112888,0.0109999999999673,NA
"mixture",300,40,"ordpp linear",0.0984731519917366,0.131085698483147,0.00516772655576151,2.929793207891,0.005,0.925925078180854,0.588000000000079,0
"mixture",300,40,"ordpp common",0.123502910359987,0.161242936784595,0.0111319139994354,2.74484606584272,0.005,0.903346411482372,1.94299999999998,0
"mixture",300,40,"ordpp item",0.142850852608944,0.143292373755956,0.0103563116173819,2.61300408442808,0.005,0.883402394969441,46.375,0
"mixture",300,40,"PCA, equal scores",0.09167182777697,0.128553078907777,0.00544111387086254,2.88600377605984,0.005,0.932563567572865,0.00200000000018008,NA
"mixture",300,40,"Polychoric PCA",0.0900822451746967,0.126262831324271,0.00537956016529021,2.8634743485629,0.005,0.932200963603142,0.279999999999973,NA
"mixture",300,40,"Gifi princals",0.0671787266217554,0.102341881372124,0.00279405717283268,2.85298559486096,0.005,0.91539355814513,0.09699999999998,NA
"mixture",300,40,"ordPens ordPCA",0.0828091440027419,0.1175060153611,0.00374208551499035,2.8880972647689,0.005,0.930951906708171,0.0119999999999436,NA
"mixture",300,41,"ordpp linear",0.106965698581604,0.128032461077198,0.0051215067432374,2.82769695413695,0.005,0.919764461193749,0.454999999999927,0
"mixture",300,41,"ordpp common",0.139430392043386,0.148245438071573,0.00963082712398647,2.63148224316273,0.005,0.893890454203362,2.19599999999991,0
"mixture",300,41,"ordpp item",0.15009824628526,0.140008579913052,0.00838818253530694,2.63453487221618,0.005,0.886476570473735,38.457,0
"mixture",300,41,"PCA, equal scores",0.105853501232186,0.123210583240775,0.00504607336655778,2.76933714655867,0.005,0.922489531779697,0.00300000000004275,NA
"mixture",300,41,"Polychoric PCA",0.105636264934632,0.122224294935954,0.00494717458429641,2.76536254914398,0.005,0.923619908481143,0.286000000000058,NA
"mixture",300,41,"Gifi princals",0.0788057425832486,0.0693618848884248,0.00315470761165476,2.57746089120873,0.005,0.907089523261297,0.0629999999999882,NA
"mixture",300,41,"ordPens ordPCA",0.0908327022547769,0.105951637066704,0.0036872861969185,2.75492907397888,0.005,0.925429439547952,0.0120000000000573,NA
"mixture",300,42,"ordpp linear",0.111917025300587,0.10772114051935,0.00386463553945873,2.70254586028299,0.005,0.908468906467214,0.663000000000011,0
"mixture",300,42,"ordpp common",0.133726275211388,0.13562742635748,0.00805878357220813,2.61135518053706,0.005,0.88881402238005,1.82199999999989,0
"mixture",300,42,"ordpp item",0.150965368124889,0.126138260458175,0.00845133596832772,2.47871090627336,0.005,0.864133863147063,44.3560000000002,0
"mixture",300,42,"PCA, equal scores",0.11047048897161,0.110267966382314,0.00412970740277974,2.70590844176065,0.005,0.90811403663806,0.00299999999992906,NA
"mixture",300,42,"Polychoric PCA",0.110474062288477,0.110364740883488,0.00411536467069782,2.70911571848367,0.005,0.90836598563187,0.264999999999873,NA
"mixture",300,42,"Gifi princals",0.111341962133571,0.0935623503551355,0.0032379067483244,2.64400962070337,0.005,0.897406795901615,0.0540000000000873,NA
"mixture",300,42,"ordPens ordPCA",0.106877412165648,0.104203742545565,0.00370379808246837,2.7119295825308,0.005,0.908643903574875,0.0109999999999673,NA
"mixture",300,43,"ordpp linear",0.146831594369946,0.136278060421584,0.00567507352787595,2.88284451660597,0.005,0.934800280292728,0.625999999999976,0
"mixture",300,43,"ordpp common",0.189313839028098,0.174381966441139,0.0116012263970668,2.77167581372732,0.005,0.914292586929517,3.31100000000004,0
"mixture",300,43,"ordpp item",0.203492462786662,0.153081583176784,0.00999030563328675,2.66193799798679,0.005,0.911829026880557,35.7620000000001,0
"mixture",300,43,"PCA, equal scores",0.14427241442331,0.14004936603383,0.00595740855811282,2.90600102707272,0.005,0.934926520109709,0.00300000000004275,NA
"mixture",300,43,"Polychoric PCA",0.144122300648475,0.139613431336696,0.00593357186168147,2.90223772038265,0.005,0.935082457398434,0.309000000000083,NA
"mixture",300,43,"Gifi princals",0.15082075824513,0.128785194931084,0.00641317958370071,2.77285295797559,0.005,0.930276880989237,0.0499999999999545,NA
"mixture",300,43,"ordPens ordPCA",0.142902496126191,0.135880187827319,0.00560846054401018,2.90305517695784,0.005,0.937188551706626,0.0099999999999909,NA
"mixture",300,44,"ordpp linear",0.115811851384979,0.0982433508331625,0.00350815010910235,2.58242669372396,0.005,0.913133417568567,0.626999999999953,0
"mixture",300,44,"ordpp common",0.155273167789855,0.126203351975107,0.00837062129492761,2.47602575017329,0.005,0.886856815311011,1.6690000000001,0
"mixture",300,44,"ordpp item",0.167049305506886,0.128975334639181,0.00933569200457326,2.44352651378223,0.005,0.880597099423522,34.3860000000002,0
"mixture",300,44,"PCA, equal scores",0.112898504366035,0.103346008982797,0.00380591315915509,2.63515369693158,0.005,0.915453333563588,0.00299999999992906,NA
"mixture",300,44,"Polychoric PCA",0.111919834349994,0.103439417001039,0.00379899791945683,2.63927876167778,0.005,0.915290617753855,0.323000000000093,NA
"mixture",300,44,"Gifi princals",0.0889745710670635,0.0801534216660751,0.00216830366281067,2.52166419691779,0.005,0.906300586330187,0.117999999999938,NA
"mixture",300,44,"ordPens ordPCA",0.102676638500144,0.0954908910679719,0.00299731271916198,2.62588347530731,0.005,0.915304499912908,0.0109999999999673,NA
"mixture",300,45,"ordpp linear",0.138599714723239,0.107932707523252,0.0036680418922713,2.76367564813614,0.005,0.923047849692935,0.575000000000045,0
"mixture",300,45,"ordpp common",0.171166769304383,0.13755765057306,0.00821247544196824,2.62759889815521,0.005,0.907219520170706,1.86699999999996,0
"mixture",300,45,"ordpp item",0.18036225338823,0.120142955604188,0.00708572387643647,2.50017400117168,0.005,0.901398605299575,48.49,0
"mixture",300,45,"PCA, equal scores",0.131345637215889,0.108664679273097,0.00429343508244379,2.6798065858258,0.005,0.918107605855524,0.00299999999992906,NA
"mixture",300,45,"Polychoric PCA",0.130245447711585,0.108201290846037,0.00432359666492967,2.66962906792871,0.005,0.917086794841768,0.250999999999976,NA
"mixture",300,45,"Gifi princals",0.139674780171851,0.107685820913894,0.00431706179309551,2.65671248688432,0.005,0.916948288319451,0.0900000000001455,NA
"mixture",300,45,"ordPens ordPCA",0.131766040219684,0.107881685656517,0.00418708998575055,2.66680523117811,0.005,0.91792266906006,0.0099999999999909,NA
"mixture",300,46,"ordpp linear",0.13581772584426,0.100601932773211,0.00438485971638017,2.56810807960687,0.005,0.908207953170251,0.792999999999893,0
"mixture",300,46,"ordpp common",0.168536058801077,0.125058362206559,0.0091313896081443,2.44013497569856,0.005,0.882960368071181,3.08999999999992,0
"mixture",300,46,"ordpp item",0.178600202312331,0.119923511439336,0.00841303221319404,2.39407264281885,0.005,0.876304010461964,33.281,0
"mixture",300,46,"PCA, equal scores",0.132435140556537,0.104244090665232,0.00458682620348329,2.59073447350559,0.005,0.914622605415107,0.00499999999988177,NA
"mixture",300,46,"Polychoric PCA",0.132405261819565,0.105271437547342,0.00466432046757376,2.60026956200435,0.005,0.915094519619859,0.285000000000082,NA
"mixture",300,46,"Gifi princals",0.122576947313558,0.0790310006038334,0.00186179150112973,2.50821355033095,0.005,0.909090384150966,0.0779999999999745,NA
"mixture",300,46,"ordPens ordPCA",0.128283227481557,0.0964288315803352,0.00332385891382891,2.58167692468581,0.005,0.917687387205642,0.0180000000000291,NA
"mixture",300,47,"ordpp linear",0.105297414169737,0.112375312673534,0.00472919445011138,2.64387433651436,0.005,0.929046886750352,0.499000000000024,0
"mixture",300,47,"ordpp common",0.141060590391291,0.14994846631708,0.0102976645178305,2.60695030123697,0.005,0.899960174152393,2.20699999999999,0
"mixture",300,47,"ordpp item",0.148145756008992,0.139054367261029,0.00907058782736516,2.55106010058858,0.005,0.89256300471864,34.6650000000001,0
"mixture",300,47,"PCA, equal scores",0.0985320665048375,0.123328714229045,0.0053968763211849,2.73514456630866,0.005,0.930318731668755,0.00199999999995271,NA
"mixture",300,47,"Polychoric PCA",0.0980719434665283,0.123539422017975,0.00545445200970278,2.73111243021711,0.005,0.930163332837263,0.271999999999935,NA
"mixture",300,47,"Gifi princals",0.0798814758432807,0.0985105919049716,0.00317644957075114,2.6931516179104,0.005,0.926691861272898,0.0489999999999782,NA
"mixture",300,47,"ordPens ordPCA",0.0898654580723577,0.11369803646243,0.00457482892454623,2.71690670442222,0.005,0.93139451501861,0.0099999999999909,NA
"mixture",300,48,"ordpp linear",0.15282707377822,0.128424722325559,0.00561990337885027,2.76108583838432,0.005,0.916432325033115,0.58199999999988,0
"mixture",300,48,"ordpp common",0.188843783965591,0.148318440124271,0.00998979554206398,2.59674750308795,0.005,0.890988956285362,2.202,0
"mixture",300,48,"ordpp item",0.198635177957603,0.139008943246611,0.0100977241894484,2.50920331906147,0.005,0.882414292245879,52.741,0
"mixture",300,48,"PCA, equal scores",0.148656695908128,0.126966967228708,0.00517118080130946,2.78535310048352,0.005,0.917422816411254,0.00399999999990541,NA
"mixture",300,48,"Polychoric PCA",0.148675581152239,0.127412945353195,0.00520091128578991,2.78959021934265,0.005,0.9173534489068,0.353000000000065,NA
"mixture",300,48,"Gifi princals",0.149427514658854,0.115226653642813,0.00513399838152044,2.65233010212134,0.005,0.9117884957651,0.0460000000000491,NA
"mixture",300,48,"ordPens ordPCA",0.146537004106318,0.125303009780391,0.00510500211030166,2.77981156368089,0.005,0.917598458518392,0.01299999999992,NA
"mixture",300,49,"ordpp linear",0.139782602569279,0.121817794028935,0.00522283519922091,2.70865677491938,0.005,0.913620928761171,0.938999999999965,0
"mixture",300,49,"ordpp common",0.177720233715455,0.151689866430095,0.0108930629184273,2.55650605650318,0.005,0.882841543738952,2.41700000000003,0
"mixture",300,49,"ordpp item",0.19202988794271,0.152779317576088,0.0103989165789153,2.6083220964783,0.005,0.872575100974134,34.2910000000001,0
"mixture",300,49,"PCA, equal scores",0.134587988563624,0.117931261156555,0.00492602739722904,2.70176888688709,0.005,0.914794450662102,0.00300000000015643,NA
"mixture",300,49,"Polychoric PCA",0.134164023035985,0.117793517795079,0.00490395645236473,2.70276073922984,0.005,0.915091482710284,0.238000000000056,NA
"mixture",300,49,"Gifi princals",0.140513087570983,0.115496097187385,0.00462705929735703,2.71381784238831,0.005,0.902700337584147,0.0619999999998981,NA
"mixture",300,49,"ordPens ordPCA",0.133154413132586,0.118138649588378,0.00484678371260091,2.72000730748983,0.005,0.915008951392513,0.0119999999999436,NA
"mixture",300,50,"ordpp linear",0.102998760259286,0.109968903636625,0.00432912791534999,2.66726701532685,0.005,0.916583032537413,0.317999999999984,0
"mixture",300,50,"ordpp common",0.130798829681327,0.126219239980914,0.00771775461502846,2.51826686619869,0.005,0.892058245516444,1.75,0
"mixture",300,50,"ordpp item",0.143798156948019,0.125194985363554,0.00804092826366927,2.47808090421172,0.005,0.888763971382736,38.9880000000001,0
"mixture",300,50,"PCA, equal scores",0.100673590260275,0.111517804816873,0.004304453489164,2.69748108014272,0.005,0.91805495453534,0.00499999999988177,NA
"mixture",300,50,"Polychoric PCA",0.0999556181219624,0.111076416954983,0.00430907795366394,2.69241597766981,0.005,0.918131447819079,0.583000000000084,NA
"mixture",300,50,"Gifi princals",0.075919584542494,0.0801994696182588,0.00206958236463435,2.56342561834946,0.005,0.914185663553901,0.0799999999999272,NA
"mixture",300,50,"ordPens ordPCA",0.092278742522724,0.103249037049643,0.00343881303210585,2.69759332695932,0.005,0.921215883068594,0.0099999999999909,NA
"mixture",800,1,"ordpp linear",0.125819194226102,0.107839088164179,0.00345955369323742,2.75057197775248,0.005,0.906110503340445,0.663999999999987,0
"mixture",800,1,"ordpp common",0.162147432945643,0.145195617883468,0.00921695659223151,2.63750303394905,0.005,0.870055601033316,6.63699999999994,0
"mixture",800,1,"ordpp item",0.164087567938942,0.144373798532137,0.00921509662103817,2.62998349388456,0.005,0.867739363866483,73.9159999999999,0
"mixture",800,1,"PCA, equal scores",0.125199365919842,0.110069079198635,0.00367798054834221,2.75629295263442,0.005,0.906963069566873,0.00500000000010914,NA
"mixture",800,1,"Polychoric PCA",0.125200108545988,0.110011336493677,0.00369721518385091,2.75307482426998,0.005,0.906813845876697,0.452999999999975,NA
"mixture",800,1,"Gifi princals",0.115101275672917,0.0975282109912994,0.00246372477008399,2.72929021990613,0.005,0.910400980164939,0.102999999999838,NA
"mixture",800,1,"ordPens ordPCA",0.119659899955851,0.103637632241524,0.00295140340568203,2.75063523806478,0.005,0.909091946416255,0.0239999999998872,NA
"mixture",800,2,"ordpp linear",0.124775930892581,0.104945061536213,0.00393881671297313,2.67751413576643,0.005,0.890052566420637,0.669999999999845,0
"mixture",800,2,"ordpp common",0.14635813956975,0.133193605916516,0.0081641214736702,2.57520671716471,0.005,0.863805426298114,2.548,0
"mixture",800,2,"ordpp item",0.148576613398746,0.132434471196663,0.00842351755516422,2.53267353267524,0.005,0.858046843752131,54.7179999999998,0
"mixture",800,2,"PCA, equal scores",0.122615109777476,0.100897613620063,0.00384091114418082,2.63312858989599,0.005,0.890551624205085,0.00500000000010914,NA
"mixture",800,2,"Polychoric PCA",0.122509833555623,0.100637936381892,0.00382849274871408,2.6306457254165,0.005,0.890507915645505,0.502999999999929,NA
"mixture",800,2,"Gifi princals",0.111957423650714,0.0907304334675959,0.00291484922474545,2.64666837135026,0.005,0.891094674729018,0.0910000000001219,NA
"mixture",800,2,"ordPens ordPCA",0.116074067494289,0.0941195725597623,0.00326315761469718,2.64614790897886,0.005,0.893454573931016,0.04099999999994,NA
"mixture",800,3,"ordpp linear",0.116217179312431,0.101766654436004,0.00329449601217913,2.67154494007552,0.005,0.910405563850942,1.11799999999994,0
"mixture",800,3,"ordpp common",0.142899299927312,0.122797906369197,0.00730800362817356,2.51423433372752,0.005,0.886253095992008,3.84500000000003,0
"mixture",800,3,"ordpp item",0.150778552521047,0.120506969724137,0.00741967998376127,2.47775664289912,0.005,0.878596690868507,35.674,0
"mixture",800,3,"PCA, equal scores",0.114348453571841,0.101863146536846,0.00331870921259226,2.67251848949285,0.005,0.910558872931136,0.00500000000010914,NA
"mixture",800,3,"Polychoric PCA",0.114011037907244,0.101869514928029,0.00332619394923001,2.67161336532274,0.005,0.910125148484745,0.394999999999982,NA
"mixture",800,3,"Gifi princals",0.114815977275908,0.0976744899867974,0.00292734526016074,2.66509111047009,0.005,0.91068524629903,0.0760000000000218,NA
"mixture",800,3,"ordPens ordPCA",0.114572018757672,0.100735163297513,0.00316285414408596,2.67645333896506,0.005,0.910074520309869,0.0249999999998636,NA
"mixture",800,4,"ordpp linear",0.113263800928109,0.105233924237606,0.0038583261938077,2.63806435639606,0.005,0.904420059067821,2.00199999999995,0
"mixture",800,4,"ordpp common",0.142503617662909,0.13335936855786,0.00917168688678939,2.50434459499637,0.005,0.875173033755184,8.6590000000001,0
"mixture",800,4,"ordpp item",0.146301525493534,0.131989576450908,0.00989205860147555,2.46486476730365,0.005,0.86824782058103,66.0119999999999,0
"mixture",800,4,"PCA, equal scores",0.111404615456169,0.101926916738719,0.00364181929184598,2.61902386154354,0.005,0.906933525795355,0.00700000000006185,NA
"mixture",800,4,"Polychoric PCA",0.110945266948142,0.101211106388926,0.00359743653516195,2.61432073469474,0.005,0.906890223571807,0.277000000000044,NA
"mixture",800,4,"Gifi princals",0.0994279944040382,0.0851290420089737,0.00229336544874501,2.54816391430679,0.005,0.906996257492844,0.0920000000000982,NA
"mixture",800,4,"ordPens ordPCA",0.102417500944122,0.0912258275687783,0.00253578330345876,2.60790160564726,0.005,0.909733996350378,0.02800000000002,NA
"mixture",800,5,"ordpp linear",0.128099933828367,0.124010105973511,0.00450997729000186,2.85584502845179,0.005,0.926971729360589,0.894000000000005,0
"mixture",800,5,"ordpp common",0.163423013038701,0.160361006875286,0.0105110180212281,2.69864296828561,0.005,0.895717936561741,3.96400000000017,0
"mixture",800,5,"ordpp item",0.167712545695074,0.152610523354172,0.0100269872609094,2.63948143468606,0.005,0.89053040061705,51.749,0
"mixture",800,5,"PCA, equal scores",0.126586725289671,0.124574286221644,0.00452210001558534,2.86956542394656,0.005,0.924870640107972,0.00400000000013279,NA
"mixture",800,5,"Polychoric PCA",0.126307223026899,0.124898583146887,0.00455585551378138,2.86998389012139,0.005,0.924807431344227,0.280999999999949,NA
"mixture",800,5,"Gifi princals",0.12418504146759,0.116448061694575,0.00401742968867618,2.8606878973989,0.005,0.922592934257362,0.0830000000000837,NA
"mixture",800,5,"ordPens ordPCA",0.124144260734835,0.118464407141477,0.0040789743818285,2.872922565871,0.005,0.924681268478441,0.0260000000000673,NA
"mixture",800,6,"ordpp linear",0.124429914284559,0.0997608436510582,0.00334538420835377,2.6487753827355,0.005,0.91487832307522,0.885999999999967,0
"mixture",800,6,"ordpp common",0.16110840822415,0.121642184171569,0.00806722204002251,2.46633203310252,0.005,0.889522516246215,4.39599999999996,0
"mixture",800,6,"ordpp item",0.16569163466733,0.12125131469618,0.00806990962320526,2.4299180040055,0.005,0.881837534150375,106.513,0
"mixture",800,6,"PCA, equal scores",0.122532986513673,0.101252147548408,0.00335762904407502,2.67750729484465,0.005,0.911127444650779,0.00700000000006185,NA
"mixture",800,6,"Polychoric PCA",0.121943695812676,0.100983711639034,0.00334214854108488,2.6748650278951,0.005,0.909971360921846,0.625,NA
"mixture",800,6,"Gifi princals",0.113625405269128,0.0960453376542729,0.00308950914635729,2.69428519724959,0.005,0.912988453244648,0.0860000000000127,NA
"mixture",800,6,"ordPens ordPCA",0.117285463782663,0.0971206905365435,0.00315163331724429,2.68233163291523,0.005,0.911375586493031,0.0239999999998872,NA
"mixture",800,7,"ordpp linear",0.103320583973363,0.122153378272512,0.00605860069308557,2.73469094712515,0.005,0.922333525071419,2.24099999999999,0
"mixture",800,7,"ordpp common",0.126055364869343,0.149750233495194,0.0102987829679542,2.64601963318647,0.005,0.899051449787208,5.70700000000011,0
"mixture",800,7,"ordpp item",0.130969981450243,0.145163673741752,0.0104270530077004,2.58812750893202,0.005,0.891238389269874,62.1659999999999,0
"mixture",800,7,"PCA, equal scores",0.102644204090554,0.122222219999818,0.00597228339997545,2.74546995818563,0.005,0.924232211682512,0.00499999999988177,NA
"mixture",800,7,"Polychoric PCA",0.102630301853178,0.121525762453456,0.00592462140389026,2.7404392660677,0.005,0.924017630066795,0.823999999999842,NA
"mixture",800,7,"Gifi princals",0.088059479801307,0.103179641678934,0.00453517750546994,2.71182039536271,0.005,0.923953333305336,0.277000000000044,NA
"mixture",800,7,"ordPens ordPCA",0.0931108475624075,0.108357923454918,0.0048834076323131,2.73791718496328,0.005,0.925543955378014,0.0389999999999873,NA
"mixture",800,8,"ordpp linear",0.117829499736518,0.114031160995898,0.00392814821180773,2.78800695356811,0.005,0.927837181736055,1.20500000000015,0
"mixture",800,8,"ordpp common",0.150288383592863,0.146735791738108,0.00921700813506256,2.64999737062887,0.005,0.9086991474334,6.20799999999986,0
"mixture",800,8,"ordpp item",0.154225366899953,0.144427909582227,0.00938494860989066,2.60671812836051,0.005,0.904855471767709,74.721,0
"mixture",800,8,"PCA, equal scores",0.116838734709145,0.114659505159265,0.00395133515164483,2.79099934966465,0.005,0.929317828770873,0.00499999999988177,NA
"mixture",800,8,"Polychoric PCA",0.116486103622759,0.114143634440878,0.00391124278230082,2.78825347964055,0.005,0.929505264262663,0.492999999999938,NA
"mixture",800,8,"Gifi princals",0.110135029804824,0.106413415743688,0.00355888946365139,2.79527478882005,0.005,0.928191628857555,0.121000000000095,NA
"mixture",800,8,"ordPens ordPCA",0.110535245602641,0.107400540300491,0.00352841855459146,2.78967513414661,0.005,0.929856324431621,0.02800000000002,NA
"mixture",800,9,"ordpp linear",0.0984885325695474,0.113451018215125,0.00381922019757699,2.77788654242691,0.005,0.9134619557479,0.824000000000069,0
"mixture",800,9,"ordpp common",0.129405844849419,0.146028734580683,0.00932699808913105,2.63202301329452,0.005,0.884076353432012,3.298,0
"mixture",800,9,"ordpp item",0.133607785790027,0.145255207056791,0.00981421715173962,2.59354214460947,0.005,0.878835580497519,82.164,0
"mixture",800,9,"PCA, equal scores",0.0964246939664001,0.1113151680654,0.00356793215794501,2.77856244570367,0.005,0.914734055055204,0.00499999999988177,NA
"mixture",800,9,"Polychoric PCA",0.0958480138847396,0.110988624976223,0.0035536754967411,2.77531556701566,0.005,0.914584442421329,0.347999999999956,NA
"mixture",800,9,"Gifi princals",0.0661374210687247,0.0754346728426896,0.000818476519780377,2.71269466928074,0.005,0.91845345476091,0.08400000000006,NA
"mixture",800,9,"ordPens ordPCA",0.0777085781287125,0.0891135950642262,0.0015647875193102,2.77338398489678,0.005,0.918895553106959,0.02800000000002,NA
"mixture",800,10,"ordpp linear",0.100200523638676,0.117127337177732,0.00472140804777783,2.71450589708769,0.005,0.907782755896432,1.24800000000005,0
"mixture",800,10,"ordpp common",0.131245803955435,0.142717929358822,0.00957552314517221,2.57327016575299,0.005,0.884336687464387,5.55400000000009,0
"mixture",800,10,"ordpp item",0.134085089033406,0.143863005456153,0.00984832532477734,2.56560049058413,0.005,0.880204257215164,94.702,0
"mixture",800,10,"PCA, equal scores",0.0988532561963654,0.118079477394161,0.0048893998402709,2.71090113578819,0.005,0.908343501518121,0.0080000000000382,NA
"mixture",800,10,"Polychoric PCA",0.0987217754719573,0.118037520938325,0.00488837286349908,2.71014591348368,0.005,0.908369561778277,0.338000000000193,NA
"mixture",800,10,"Gifi princals",0.0900863565780582,0.106097578837499,0.00375446578985466,2.68807584498767,0.005,0.91216370071536,0.0570000000000164,NA
"mixture",800,10,"ordPens ordPCA",0.0935907213551962,0.111658702859784,0.0041750774509609,2.71024745653169,0.005,0.91058913768695,0.01299999999992,NA
"mixture",800,11,"ordpp linear",0.113402421531842,0.124296287038674,0.00503762093163518,2.79367607771682,0.005,0.923339874843369,0.792000000000144,0
"mixture",800,11,"ordpp common",0.140133607266528,0.156027197462139,0.00990954973596658,2.69953042552324,0.005,0.905389087629327,3.11699999999996,0
"mixture",800,11,"ordpp item",0.144588363672251,0.152622559814692,0.00971613401523506,2.68098148894853,0.005,0.904168847748316,56.5069999999998,0
"mixture",800,11,"PCA, equal scores",0.112519890542216,0.126296968967291,0.00512158114114367,2.81454523946594,0.005,0.922162979950634,0.00400000000013279,NA
"mixture",800,11,"Polychoric PCA",0.112480305964944,0.126322219996703,0.00513003989267468,2.81386669464768,0.005,0.922266754537737,0.297000000000025,NA
"mixture",800,11,"Gifi princals",0.0982214192734489,0.107509721521043,0.00361014636709818,2.76256019678831,0.005,0.924735292795982,0.0489999999999782,NA
"mixture",800,11,"ordPens ordPCA",0.102779164457796,0.114679120962978,0.00391098236803095,2.81030551419965,0.005,0.923007066956426,0.0220000000001619,NA
"mixture",800,12,"ordpp linear",0.106457767539238,0.098924583901632,0.00283540953995971,2.69859401866768,0.005,0.911449732243222,1.56399999999985,0
"mixture",800,12,"ordpp common",0.129278427795047,0.131775669659016,0.00786210053944764,2.57653768516834,0.005,0.887165100013923,3.95799999999986,0
"mixture",800,12,"ordpp item",0.138728232836781,0.123824097762939,0.00796895001456778,2.47556238564279,0.005,0.875450485668423,85.8230000000001,0
"mixture",800,12,"PCA, equal scores",0.105007666295627,0.102852471373593,0.00297282109524716,2.74550232640702,0.005,0.912957419381982,0.00600000000008549,NA
"mixture",800,12,"Polychoric PCA",0.104792691048155,0.103077059269584,0.00297891834764671,2.74830391265963,0.005,0.913192863777674,0.729000000000042,NA
"mixture",800,12,"Gifi princals",0.100589832438272,0.087651471493829,0.00183262452322301,2.68967709261626,0.005,0.912664820762021,0.0549999999998363,NA
"mixture",800,12,"ordPens ordPCA",0.100034265954723,0.0950161129865839,0.00217993224725803,2.75447480443016,0.005,0.914669798288499,0.0319999999999254,NA
"mixture",800,13,"ordpp linear",0.0966488311295627,0.103142960937273,0.00378810368596118,2.60849546286853,0.005,0.916319858808243,1.73699999999985,0
"mixture",800,13,"ordpp common",0.124421221403646,0.127478544749588,0.00830441028917852,2.49470860086556,0.005,0.890057813146234,7.827,0
"mixture",800,13,"ordpp item",0.12990918849216,0.127289329392288,0.00840015691462384,2.48139378808815,0.005,0.880537389630739,71.4159999999999,0
"mixture",800,13,"PCA, equal scores",0.0956210184438084,0.104133366248595,0.00380014338627701,2.62663317885182,0.005,0.915993436748629,0.00699999999983447,NA
"mixture",800,13,"Polychoric PCA",0.0955696245621127,0.104028032957749,0.00379700165633661,2.62563009700144,0.005,0.915959328251038,0.436999999999898,NA
"mixture",800,13,"Gifi princals",0.0726212534491714,0.0774550320822356,0.0012819135396331,2.61664827259345,0.005,0.916224790834101,0.120000000000118,NA
"mixture",800,13,"ordPens ordPCA",0.0804178625321227,0.0875782138211024,0.00207543289491634,2.62691084784229,0.005,0.919854107322261,0.0289999999999964,NA
"mixture",800,14,"ordpp linear",0.118714227947747,0.135861305915478,0.00551849629155728,2.90794887682031,0.005,0.924846574132611,1.60000000000014,0
"mixture",800,14,"ordpp common",0.146726688006619,0.171747869850688,0.0111223768947956,2.78100083540598,0.005,0.899025264165722,4.24600000000009,0
"mixture",800,14,"ordpp item",0.15108173137619,0.170791191157895,0.0113718783452025,2.7500421398942,0.005,0.895282228872979,67.059,0
"mixture",800,14,"PCA, equal scores",0.116961562478594,0.134848584452604,0.00539959801334109,2.91055222612189,0.005,0.922913684249908,0.00499999999988177,NA
"mixture",800,14,"Polychoric PCA",0.116614465020395,0.134500171565098,0.00537917762077403,2.90743791409994,0.005,0.922645484592678,0.480000000000018,NA
"mixture",800,14,"Gifi princals",0.111563400093551,0.11803495881385,0.00446731349893737,2.87059954290397,0.005,0.915177974520743,0.170000000000073,NA
"mixture",800,14,"ordPens ordPCA",0.111813538374703,0.127330033944176,0.0049362945406884,2.91328743684092,0.005,0.920759006307155,0.0289999999999964,NA
"mixture",800,15,"ordpp linear",0.135357164256244,0.0948347498659281,0.00279142162562405,2.73648478583406,0.005,0.920588690205285,1.06500000000005,0
"mixture",800,15,"ordpp common",0.166374666928135,0.124744262404721,0.00819277853876787,2.55621117688749,0.005,0.900935850812983,4.66700000000014,0
"mixture",800,15,"ordpp item",0.169507937164745,0.125765436051537,0.00920948117191043,2.53242537654241,0.005,0.894247665917991,70.008,0
"mixture",800,15,"PCA, equal scores",0.135005054078875,0.0933929407191834,0.00265512515141683,2.73144508687887,0.005,0.919431925442061,0.0080000000000382,NA
"mixture",800,15,"Polychoric PCA",0.134867500797356,0.0928198055866834,0.00262311548024793,2.72688537392719,0.005,0.91858051592607,0.422000000000025,NA
"mixture",800,15,"Gifi princals",0.136471232035026,0.0928359341364681,0.00306813925435531,2.68183044994419,0.005,0.911605798817019,0.174999999999955,NA
"mixture",800,15,"ordPens ordPCA",0.136281459084218,0.0939807808798373,0.00297119987305719,2.72764772486462,0.005,0.918294377426805,0.0279999999997926,NA
"mixture",800,16,"ordpp linear",0.135562396311348,0.132161148802917,0.00567465434487317,2.81604702967891,0.005,0.926969121174233,1.19000000000005,0
"mixture",800,16,"ordpp common",0.169676114201703,0.166537491144647,0.0112909943993994,2.70330891626348,0.005,0.909186037261417,4.60599999999999,0
"mixture",800,16,"ordpp item",0.174181498562328,0.161675811768084,0.011390846465887,2.65125829726277,0.005,0.904594791770091,56.347,0
"mixture",800,16,"PCA, equal scores",0.133524926764843,0.136474176021351,0.00586677531185297,2.85263462460034,0.005,0.929789515619595,0.00400000000013279,NA
"mixture",800,16,"Polychoric PCA",0.13341397663875,0.136272636868324,0.00585550625430216,2.85131425915859,0.005,0.929614435944035,0.317999999999984,NA
"mixture",800,16,"Gifi princals",0.133623041089633,0.131545711131836,0.00559613700527439,2.8197728207116,0.005,0.929471473926436,0.0660000000000309,NA
"mixture",800,16,"ordPens ordPCA",0.132492289499205,0.134663942653477,0.00573440829149972,2.84694412501617,0.005,0.930038124879225,0.0150000000001,NA
"mixture",800,17,"ordpp linear",0.126274853444496,0.112515713545673,0.00369865713120747,2.7819583414166,0.005,0.922114798940451,1.93399999999997,0
"mixture",800,17,"ordpp common",0.161670420102502,0.139817632730553,0.00870989400873812,2.59803915829489,0.005,0.894800338220945,4.98299999999995,0
"mixture",800,17,"ordpp item",0.164483750581924,0.140616970864568,0.00909458193105415,2.57472433328144,0.005,0.891593082032039,76.9300000000001,0
"mixture",800,17,"PCA, equal scores",0.124355577988632,0.113236497884402,0.00366335697918476,2.8041764313593,0.005,0.921161821434795,0.0140000000001237,NA
"mixture",800,17,"Polychoric PCA",0.124050848262157,0.113472037063472,0.00366168869777028,2.80831681543027,0.005,0.921142703086858,0.451000000000022,NA
"mixture",800,17,"Gifi princals",0.115013536041062,0.100033308736642,0.0025810862280463,2.81937056428951,0.005,0.921035284796446,0.0760000000000218,NA
"mixture",800,17,"ordPens ordPCA",0.117755290677779,0.104538555975813,0.00287541725469616,2.81883182468151,0.005,0.923619175394028,0.0170000000000528,NA
"mixture",800,18,"ordpp linear",0.10971464103647,0.123423027168096,0.00495086179715596,2.78015892679332,0.005,0.907124367513043,0.642000000000053,0
"mixture",800,18,"ordpp common",0.134406523881769,0.154689020644473,0.0100156334805128,2.67542707313306,0.005,0.884727542621206,3.21399999999994,0
"mixture",800,18,"ordpp item",0.13975294627817,0.155264840454201,0.0107446579064299,2.64265493626519,0.005,0.875910299766446,71.491,0
"mixture",800,18,"PCA, equal scores",0.106497548092535,0.126424881053354,0.00519642832591392,2.80517094234954,0.005,0.902823176617167,0.00399999999990541,NA
"mixture",800,18,"Polychoric PCA",0.106091086760153,0.126216982368287,0.00519060741748965,2.80394349352316,0.005,0.90200660034976,0.280999999999949,NA
"mixture",800,18,"Gifi princals",0.0934285279989164,0.105244844832674,0.00336347633315897,2.74408991212226,0.005,0.901338776049719,0.0710000000001401,NA
"mixture",800,18,"ordPens ordPCA",0.098653155649618,0.116651779717771,0.00422479697982826,2.79410503529409,0.005,0.903809786920542,0.0299999999999727,NA
"mixture",800,19,"ordpp linear",0.133203344435122,0.0995317683281382,0.00306600555280891,2.66262688896593,0.005,0.9171884170105,1.26800000000003,0
"mixture",800,19,"ordpp common",0.173397582262287,0.128451263384564,0.00828915256579936,2.50347397955049,0.005,0.886466240893673,4.17599999999993,0
"mixture",800,19,"ordpp item",0.17601795432058,0.130782006215636,0.00873400279853423,2.49871496573034,0.005,0.883412390531906,56.239,0
"mixture",800,19,"PCA, equal scores",0.132215616478544,0.0999676989915164,0.00310883775121172,2.66661143161853,0.005,0.915489627392256,0.00499999999988177,NA
"mixture",800,19,"Polychoric PCA",0.131942667852126,0.100064412665161,0.00312397548187785,2.66612874662295,0.005,0.915115610797592,0.380999999999858,NA
"mixture",800,19,"Gifi princals",0.131911124055822,0.100453557885618,0.00329712249056184,2.6439611014611,0.005,0.91229163194605,0.216999999999871,NA
"mixture",800,19,"ordPens ordPCA",0.13293691282291,0.100517685119054,0.00313353793035089,2.66732556448651,0.005,0.915443664832749,0.0160000000000764,NA
"mixture",800,20,"ordpp linear",0.124794598404667,0.0901107164719781,0.00221609041023403,2.63699662995498,0.005,0.918539585119042,1.65499999999997,0
"mixture",800,20,"ordpp common",0.16201172154241,0.112206884799234,0.00670304015790334,2.44032104691752,0.005,0.88785955192203,4.03600000000006,0
"mixture",800,20,"ordpp item",0.165585393234613,0.112603668669515,0.00726373336386678,2.42160987172567,0.005,0.879773564050336,69.8109999999999,0
"mixture",800,20,"PCA, equal scores",0.124051034126793,0.0914696015898889,0.00228740820667798,2.65329256654997,0.005,0.918684037253008,0.00400000000013279,NA
"mixture",800,20,"Polychoric PCA",0.123896744183002,0.0914853811475895,0.00230023496867056,2.65157017009086,0.005,0.918852855036294,0.294000000000096,NA
"mixture",800,20,"Gifi princals",0.119135571726245,0.086497359627587,0.00176106561962118,2.66570593332541,0.005,0.919723433153749,0.0769999999999982,NA
"mixture",800,20,"ordPens ordPCA",0.120584270045843,0.088653313160363,0.00198001115114655,2.66177673537423,0.005,0.919471539044583,0.0209999999999582,NA
"mixture",800,21,"ordpp linear",0.113320412934715,0.124239092724168,0.00505960285719529,2.78232048331739,0.005,0.926538648265726,1.37000000000012,0
"mixture",800,21,"ordpp common",0.146240130264499,0.16151147161745,0.0111668927763823,2.64342325385417,0.005,0.899412075660269,9.52700000000004,0
"mixture",800,21,"ordpp item",0.151769170112408,0.154998197828471,0.0106677510180553,2.60848425261544,0.005,0.894156014831204,82.338,0
"mixture",800,21,"PCA, equal scores",0.109814839727615,0.125236763499217,0.00539628990301852,2.76404628529243,0.005,0.925462245903333,0.00400000000013279,NA
"mixture",800,21,"Polychoric PCA",0.109232686267999,0.124832411301342,0.00541360229817666,2.75652541178721,0.005,0.924744393823166,0.444999999999936,NA
"mixture",800,21,"Gifi princals",0.099550560982192,0.103932795125753,0.00348756536211818,2.70576974691502,0.005,0.923325748402669,0.0729999999998654,NA
"mixture",800,21,"ordPens ordPCA",0.102594498347404,0.1131640188178,0.00418708350836001,2.75047823123729,0.005,0.926344207398051,0.0199999999999818,NA
"mixture",800,22,"ordpp linear",0.119510647708019,0.121953703119049,0.00510600701783289,2.80186025186235,0.005,0.913741677940759,1.00299999999993,0
"mixture",800,22,"ordpp common",0.155274728031309,0.147687579762544,0.00948515120688966,2.66047694833142,0.005,0.889513133028928,4.48000000000002,0
"mixture",800,22,"ordpp item",0.15994651599703,0.148191064255586,0.0101474329758132,2.62797389366883,0.005,0.88615948509323,68.1309999999999,0
"mixture",800,22,"PCA, equal scores",0.117919005259875,0.122352715370659,0.00516756732455893,2.79939453074495,0.005,0.915098682369134,0.00499999999988177,NA
"mixture",800,22,"Polychoric PCA",0.117536655252612,0.12238299389813,0.00516633197750514,2.79813845063012,0.005,0.915791753817793,0.338999999999942,NA
"mixture",800,22,"Gifi princals",0.116929498423939,0.118668558410982,0.00464764079051444,2.77818472788928,0.005,0.910319951863408,0.0789999999999509,NA
"mixture",800,22,"ordPens ordPCA",0.115400626757433,0.120220330710281,0.00484245264041124,2.78778399445234,0.005,0.913658742938902,0.0199999999999818,NA
"mixture",800,23,"ordpp linear",0.121800976608252,0.100066690320617,0.00340643203011251,2.61543371999183,0.005,0.899244173477229,1.37100000000009,0
"mixture",800,23,"ordpp common",0.154318246406089,0.126874713202565,0.00827338957063577,2.48768782378983,0.005,0.868965042676985,3.81600000000003,0
"mixture",800,23,"ordpp item",0.159678854783351,0.125557072024641,0.00842833824964581,2.45687818970628,0.005,0.863680566604491,81.6179999999999,0
"mixture",800,23,"PCA, equal scores",0.120762845784166,0.0994954855807209,0.00336545366624124,2.61564338641814,0.005,0.898968128230825,0.00400000000013279,NA
"mixture",800,23,"Polychoric PCA",0.120706101087663,0.0993744467233587,0.00335848257099116,2.61502259572693,0.005,0.898982364776572,0.295999999999822,NA
"mixture",800,23,"Gifi princals",0.120979031193122,0.0987961167883515,0.00344018894918257,2.60183010629973,0.005,0.895629298457893,0.147999999999911,NA
"mixture",800,23,"ordPens ordPCA",0.120586310446798,0.0980352991391445,0.00327739975771224,2.61096944618039,0.005,0.897537818819227,0.0220000000001619,NA
"mixture",800,24,"ordpp linear",0.102955805461621,0.0996219362327352,0.00335049755059126,2.67761404724993,0.005,0.906273698158486,0.798999999999978,0
"mixture",800,24,"ordpp common",0.127523956679944,0.123756511017833,0.00764643529236228,2.53172715446394,0.005,0.882035432869827,2.8900000000001,0
"mixture",800,24,"ordpp item",0.132176894499787,0.121161185502627,0.00771799909004259,2.5013675410779,0.005,0.875894630287949,60.8900000000001,0
"mixture",800,24,"PCA, equal scores",0.101515841480724,0.0999664556814707,0.00332310394872012,2.68052168771298,0.005,0.906309413693485,0.00500000000010914,NA
"mixture",800,24,"Polychoric PCA",0.101136321921581,0.0998494343676968,0.00331706310102448,2.6785637166954,0.005,0.906107085159001,0.251999999999953,NA
"mixture",800,24,"Gifi princals",0.091247324143596,0.0854372717628785,0.00225255231903997,2.63502595218473,0.005,0.904924094116453,0.0769999999999982,NA
"mixture",800,24,"ordPens ordPCA",0.0959835358286378,0.0935441648445713,0.00275030458583733,2.68167595575122,0.005,0.906460831575953,0.025000000000091,NA
"mixture",800,25,"ordpp linear",0.11832883631946,0.0942380031915136,0.00241219935875601,2.6782990435261,0.005,0.911188152038512,0.919000000000096,0
"mixture",800,25,"ordpp common",0.151601457470808,0.121667580350607,0.00734958545835573,2.50148700649908,0.005,0.882713491728846,3.596,0
"mixture",800,25,"ordpp item",0.153371878320965,0.122905218906768,0.00780204661513106,2.47897062185158,0.005,0.878097264369929,43.866,0
"mixture",800,25,"PCA, equal scores",0.11743763791712,0.0945538768987408,0.00234342270303288,2.69445938169934,0.005,0.911084439563009,0.0080000000000382,NA
"mixture",800,25,"Polychoric PCA",0.117268990510274,0.0943708431883697,0.00233189522872787,2.69250233821706,0.005,0.911032331859919,0.284999999999854,NA
"mixture",800,25,"Gifi princals",0.115185983044065,0.0900542210835553,0.00188439539068031,2.69351750999692,0.005,0.908819407863971,0.0599999999999454,NA
"mixture",800,25,"ordPens ordPCA",0.114645086113292,0.0923198451496695,0.00207718111482607,2.69750997001609,0.005,0.911156813015972,0.0160000000000764,NA
"mixture",800,26,"ordpp linear",0.127719750631162,0.119036570342771,0.00534262782424214,2.81270603201416,0.005,0.922081126859632,0.893999999999778,0
"mixture",800,26,"ordpp common",0.159010473855252,0.150103990986472,0.0102453548974248,2.67827538751147,0.005,0.89548729571691,3.46299999999997,0
"mixture",800,26,"ordpp item",0.162381459850554,0.146427468491392,0.0103713491847986,2.63977761263756,0.005,0.890727079643535,54.1369999999999,0
"mixture",800,26,"PCA, equal scores",0.126857933133604,0.118118392173556,0.00531102271049625,2.80459297920608,0.005,0.920751898107597,0.00399999999990541,NA
"mixture",800,26,"Polychoric PCA",0.126670124495955,0.117791926453047,0.00528538563845911,2.8013394060286,0.005,0.92067844550817,0.277000000000044,NA
"mixture",800,26,"Gifi princals",0.109178281891003,0.0977302696960497,0.00295987158786969,2.7705071854503,0.005,0.924497246379162,0.0709999999999127,NA
"mixture",800,26,"ordPens ordPCA",0.116038300880739,0.106791570788088,0.00382768790439368,2.80432128729196,0.005,0.923159551683714,0.0119999999999436,NA
"mixture",800,27,"ordpp linear",0.0997555874872357,0.130969345288082,0.00541098904980469,2.83712376385659,0.005,0.923110651217103,1.14899999999989,0
"mixture",800,27,"ordpp common",0.122822665712135,0.166236064526693,0.0106434647721442,2.7514453144998,0.005,0.900889281275543,3.94299999999998,0
"mixture",800,27,"ordpp item",0.127782668519723,0.165138243236138,0.0110786487083123,2.71497736178635,0.005,0.896251116943114,57.4390000000001,0
"mixture",800,27,"PCA, equal scores",0.0988237501746095,0.129390664569332,0.00530812853040989,2.83064678447129,0.005,0.921017411679502,0.00599999999985812,NA
"mixture",800,27,"Polychoric PCA",0.0987464640791329,0.129251758684528,0.00529985463257748,2.82984206601339,0.005,0.920840426695143,0.286000000000058,NA
"mixture",800,27,"Gifi princals",0.091535750835938,0.10989775791713,0.00403274160460101,2.79085750737068,0.005,0.917788250636682,0.0730000000000928,NA
"mixture",800,27,"ordPens ordPCA",0.0933350557356317,0.118262386680938,0.00458172004653674,2.8215465241787,0.005,0.919142945053449,0.0219999999999345,NA
"mixture",800,28,"ordpp linear",0.144986869167752,0.108806510601352,0.00365124147522997,2.72477796091142,0.005,0.922497593581557,0.589999999999918,0
"mixture",800,28,"ordpp common",0.180112864429344,0.136162919439656,0.00848181823215419,2.57842740100094,0.005,0.897517813668756,3.02099999999996,0
"mixture",800,28,"ordpp item",0.190162218397583,0.134169929543676,0.00875854948269494,2.53523329181407,0.005,0.890645680138804,91.557,0
"mixture",800,28,"PCA, equal scores",0.143436165283298,0.109144746354319,0.00352756662097146,2.75151239575624,0.005,0.924538461196306,0.00400000000013279,NA
"mixture",800,28,"Polychoric PCA",0.143328386154449,0.109076603309086,0.00352182117707665,2.75173185507458,0.005,0.924564678632178,0.346000000000004,NA
"mixture",800,28,"Gifi princals",0.146613334355651,0.106706616128598,0.00330066245920784,2.73546424541411,0.005,0.92304705164645,0.0579999999999927,NA
"mixture",800,28,"ordPens ordPCA",0.144716374265136,0.10797585889022,0.0033626218766033,2.74724034460641,0.005,0.924443464612267,0.0190000000000055,NA
"mixture",800,29,"ordpp linear",0.117505910711183,0.116365357242226,0.00458876306158624,2.72290076244428,0.005,0.909013485068067,1.202,0
"mixture",800,29,"ordpp common",0.151436332471595,0.150299919187418,0.00996823125139089,2.61921731325763,0.005,0.882810066401939,4.89499999999998,0
"mixture",800,29,"ordpp item",0.16078683614063,0.14832255384234,0.0102458191149404,2.56645077659132,0.005,0.872308212577994,57.434,0
"mixture",800,29,"PCA, equal scores",0.11275424002691,0.117132591292047,0.00455039520073098,2.73994491306655,0.005,0.912744686317075,0.00600000000008549,NA
"mixture",800,29,"Polychoric PCA",0.112613109413873,0.117109068527935,0.00454459529960729,2.74047973281306,0.005,0.91265475880692,0.2650000000001,NA
"mixture",800,29,"Gifi princals",0.108303535585828,0.105319729545397,0.0035104124298091,2.69744534871742,0.005,0.912903480879633,0.0869999999999891,NA
"mixture",800,29,"ordPens ordPCA",0.106220115659842,0.108820752266072,0.00361516790394866,2.73792525283741,0.005,0.91460914249694,0.0399999999999636,NA
"mixture",800,30,"ordpp linear",0.102113284189461,0.116303471256835,0.00456335158857768,2.77732370128749,0.005,0.909710276960305,0.978000000000065,0
"mixture",800,30,"ordpp common",0.130905061829741,0.142565826214791,0.00910092296542574,2.62365688834666,0.005,0.886395112305671,3.73399999999992,0
"mixture",800,30,"ordpp item",0.1338545600426,0.141649597730285,0.00930200615263348,2.60004630772684,0.005,0.8824901160071,45.6279999999999,0
"mixture",800,30,"PCA, equal scores",0.100976590768116,0.116880969149209,0.00452141231482907,2.78327708224194,0.005,0.908426642535032,0.00499999999988177,NA
"mixture",800,30,"Polychoric PCA",0.100676389669769,0.1163374842139,0.00447994546144252,2.77845224226131,0.005,0.90803133272596,1.16099999999983,NA
"mixture",800,30,"Gifi princals",0.0936099273169113,0.102932838910534,0.0036395026085769,2.75220713543637,0.005,0.90579836363059,0.139000000000124,NA
"mixture",800,30,"ordPens ordPCA",0.0949891604474586,0.108953129395088,0.0039722853554923,2.79399234793058,0.005,0.909600905255169,0.09699999999998,NA
"mixture",800,31,"ordpp linear",0.11130173700539,0.13872617907133,0.00581650291079193,2.90497969314372,0.005,0.924339612545831,0.646000000000186,0
"mixture",800,31,"ordpp common",0.140267682489588,0.180421782623019,0.0117050406432325,2.83171423588588,0.005,0.904558863202135,2.43000000000006,0
"mixture",800,31,"ordpp item",0.143485442642373,0.17921160488413,0.0117854750808769,2.80745524371947,0.005,0.899472360841427,76.665,0
"mixture",800,31,"PCA, equal scores",0.108614136094515,0.142538432406089,0.00624129711703331,2.90387404370772,0.005,0.925039778502965,0.00700000000006185,NA
"mixture",800,31,"Polychoric PCA",0.108015653919253,0.142661433899472,0.00628505777512141,2.89951222482833,0.005,0.924762762786709,0.626999999999953,NA
"mixture",800,31,"Gifi princals",0.0957581257513934,0.12023885040927,0.00497819146465182,2.84532937754414,0.005,0.909978311852417,0.0779999999999745,NA
"mixture",800,31,"ordPens ordPCA",0.103456815834067,0.128900468536151,0.00534662172177092,2.87209056410399,0.005,0.914690399932481,0.0309999999999491,NA
"mixture",800,32,"ordpp linear",0.0984310653282716,0.110384030051113,0.00382232125652243,2.7475197549744,0.005,0.922582396111645,0.893000000000029,0
"mixture",800,32,"ordpp common",0.130151268360894,0.138435506191419,0.00865837300667962,2.60358660248435,0.005,0.89762801063939,3.88999999999987,0
"mixture",800,32,"ordpp item",0.132624106512589,0.135188880910938,0.00887076657784231,2.55976136672269,0.005,0.892011907479085,83.4200000000001,0
"mixture",800,32,"PCA, equal scores",0.0945693018157639,0.108114016633439,0.00350133068767946,2.75927840995366,0.005,0.917190307154985,0.00399999999990541,NA
"mixture",800,32,"Polychoric PCA",0.0944357000759038,0.107897500632605,0.00348126497828804,2.75844204377558,0.005,0.916893092029968,0.328999999999951,NA
"mixture",800,32,"Gifi princals",0.0852476200072746,0.09087750647593,0.00208650625526089,2.71660139121801,0.005,0.92049428858111,0.0890000000001692,NA
"mixture",800,32,"ordPens ordPCA",0.0863868952273697,0.09852397977645,0.00256050620991716,2.75326616038012,0.005,0.918527162357264,0.0249999999998636,NA
"mixture",800,33,"ordpp linear",0.130210953575669,0.122997744754795,0.00516736327072979,2.78678708770895,0.005,0.903875273977328,0.622000000000071,0
"mixture",800,33,"ordpp common",0.160031889062754,0.16085387821937,0.0109133694540433,2.70844399609584,0.005,0.87129129231811,3.30099999999993,0
"mixture",800,33,"ordpp item",0.169875936904484,0.15405633269524,0.0108458839718458,2.66313688658748,0.005,0.862482743320606,63.4469999999999,0
"mixture",800,33,"PCA, equal scores",0.129649647709466,0.122963385312996,0.00510157344935926,2.7982911117537,0.005,0.903851798463933,0.00399999999990541,NA
"mixture",800,33,"Polychoric PCA",0.12951166601674,0.123999687448857,0.00512335116066942,2.81029813791941,0.005,0.904444362315118,0.276000000000067,NA
"mixture",800,33,"Gifi princals",0.116645843415278,0.111022098988812,0.00364267168023946,2.80862828282423,0.005,0.909416645743914,0.0539999999998599,NA
"mixture",800,33,"ordPens ordPCA",0.123147913929816,0.112616190973759,0.0041779321133691,2.78180795710433,0.005,0.904984575700692,0.0270000000000437,NA
"mixture",800,34,"ordpp linear",0.144258409833902,0.1288258080789,0.00536541788027056,2.84884528370636,0.005,0.920185538546149,0.77599999999984,0
"mixture",800,34,"ordpp common",0.185007013126458,0.166528068490589,0.0109957990389408,2.73314821202077,0.005,0.891693750661948,5.27500000000009,0
"mixture",800,34,"ordpp item",0.187155829340522,0.168496905186812,0.0114342358584097,2.71541745979483,0.005,0.887318067598404,55.902,0
"mixture",800,34,"PCA, equal scores",0.141799168153428,0.132008072244715,0.00537149478375751,2.88076461911758,0.005,0.921610788004982,0.0270000000000437,NA
"mixture",800,34,"Polychoric PCA",0.141059609666074,0.132129283815758,0.00537162332469656,2.88091600838183,0.005,0.921339631640018,0.312999999999874,NA
"mixture",800,34,"Gifi princals",0.151360817554525,0.132668893282855,0.00568766978164099,2.84208523189467,0.005,0.918443675412604,0.0869999999999891,NA
"mixture",800,34,"ordPens ordPCA",0.146948562397162,0.134729042108591,0.00568372312465338,2.87558099315632,0.005,0.920743951358327,0.0169999999998254,NA
"mixture",800,35,"ordpp linear",0.0960814093116661,0.131848197521339,0.00560459642784432,2.82381688313478,0.005,0.917049267952705,0.980000000000018,0
"mixture",800,35,"ordpp common",0.119458124234251,0.161965881252234,0.0105904347328262,2.7147177632268,0.005,0.892601328153128,3.37100000000009,0
"mixture",800,35,"ordpp item",0.12625294880528,0.150456026324234,0.0103697979215585,2.62410562340163,0.005,0.888450646178112,45.866,0
"mixture",800,35,"PCA, equal scores",0.0952457592671043,0.133942813674925,0.00587069767066414,2.82446324060462,0.005,0.915932910572813,0.00400000000013279,NA
"mixture",800,35,"Polychoric PCA",0.0952409941306455,0.133702770052573,0.00583054885039727,2.82570689692099,0.005,0.916047551857245,0.276000000000067,NA
"mixture",800,35,"Gifi princals",0.080393752980284,0.0981728450304665,0.00289499717024918,2.71547543663955,0.005,0.912714258527664,0.105000000000018,NA
"mixture",800,35,"ordPens ordPCA",0.0852298674062335,0.111652596666534,0.00384560686944287,2.78190047542453,0.005,0.916240176446818,0.0289999999999964,NA
"mixture",800,36,"ordpp linear",0.0969223288572611,0.106831277159198,0.00330630901326184,2.77671831808027,0.005,0.919271723523426,1.61099999999988,0
"mixture",800,36,"ordpp common",0.12052194080921,0.13326810751324,0.00776298646922628,2.60885753106811,0.005,0.892000246870037,4.99000000000001,0
"mixture",800,36,"ordpp item",0.125041006306104,0.131214787576637,0.00797903935584904,2.56632675412582,0.005,0.880043831836468,79.636,0
"mixture",800,36,"PCA, equal scores",0.0949833934545354,0.110062550867439,0.00335965162544156,2.82495461794832,0.005,0.919112167946711,0.00399999999990541,NA
"mixture",800,36,"Polychoric PCA",0.0948230687557733,0.109800077618298,0.00333848980162229,2.82434352042771,0.005,0.918935233466404,0.509000000000015,NA
"mixture",800,36,"Gifi princals",0.0839520610130584,0.0949684325432477,0.00183290903162135,2.82028219628181,0.005,0.924917006048212,0.162000000000035,NA
"mixture",800,36,"ordPens ordPCA",0.0890032950617634,0.100131832639957,0.00222577456993664,2.83256150036919,0.005,0.920852735443845,0.0199999999999818,NA
"mixture",800,37,"ordpp linear",0.130568235973714,0.119743966089126,0.00433166231531413,2.85405306454113,0.005,0.927867659850184,1.19599999999991,0
"mixture",800,37,"ordpp common",0.171278718107067,0.149109987385251,0.00938514116137876,2.65905521296391,0.005,0.898193896394197,5.89599999999996,0
"mixture",800,37,"ordpp item",0.177806811244867,0.152167976026007,0.0101028406157787,2.63390025650692,0.005,0.890866077480047,73.8979999999999,0
"mixture",800,37,"PCA, equal scores",0.128888987979372,0.120265842433577,0.00440822697094475,2.85302816654994,0.005,0.927635799782248,0.00399999999990541,NA
"mixture",800,37,"Polychoric PCA",0.128889515796178,0.12048238294488,0.0044309735386646,2.85385660835031,0.005,0.92795460163253,0.396000000000186,NA
"mixture",800,37,"Gifi princals",0.126882733680274,0.114374560635219,0.00385553238159928,2.8128463143449,0.005,0.925216537760172,0.0789999999999509,NA
"mixture",800,37,"ordPens ordPCA",0.126999920204125,0.117493106869554,0.00398064378058077,2.84733530958214,0.005,0.926704737242235,0.0209999999999582,NA
"mixture",800,38,"ordpp linear",0.120267004952793,0.122622255994694,0.00448728282676373,2.82985566074545,0.005,0.922713878327451,1.36899999999991,0
"mixture",800,38,"ordpp common",0.147270763115928,0.151770755740525,0.00960893816965988,2.68289368504645,0.005,0.899790893063897,4.38400000000001,0
"mixture",800,38,"ordpp item",0.149687302473198,0.15195737103654,0.00997675509244768,2.66308203219818,0.005,0.898464954506012,51.5039999999999,0
"mixture",800,38,"PCA, equal scores",0.119509299066844,0.123125052759533,0.00454775412335316,2.82947048144619,0.005,0.921617393745259,0.00899999999978718,NA
"mixture",800,38,"Polychoric PCA",0.119445915232617,0.123285409628588,0.00454026823581946,2.83315110207415,0.005,0.921864020985144,0.639000000000124,NA
"mixture",800,38,"Gifi princals",0.101723661810421,0.0980266430935143,0.00221930397820202,2.79940977279165,0.005,0.923805816249265,0.0879999999999654,NA
"mixture",800,38,"ordPens ordPCA",0.107585522402634,0.108565277913086,0.00300138084990512,2.83763935402082,0.005,0.925087874825471,0.0480000000000018,NA
"mixture",800,39,"ordpp linear",0.140804540849139,0.106328444950109,0.00339046019931107,2.73842725831604,0.005,0.911660253381957,0.826000000000022,0
"mixture",800,39,"ordpp common",0.193829948402928,0.136795364710542,0.0088954908943347,2.5527076812259,0.005,0.881070930250837,4.57899999999995,0
"mixture",800,39,"ordpp item",0.197205100402879,0.132358360969549,0.0084937685773652,2.53001331902888,0.005,0.880972678033964,78.164,0
"mixture",800,39,"PCA, equal scores",0.139348494915101,0.104624280671652,0.0031140537927693,2.75684499559538,0.005,0.913298814537211,0.00399999999990541,NA
"mixture",800,39,"Polychoric PCA",0.138872538777859,0.103934630834336,0.00305512584704635,2.7559596070408,0.005,0.913317872659643,0.528999999999996,NA
"mixture",800,39,"Gifi princals",0.13505037636853,0.0983158589435862,0.00265831628921316,2.730590369434,0.005,0.912226537689229,0.100999999999885,NA
"mixture",800,39,"ordPens ordPCA",0.134243200606592,0.10079749875376,0.00276091221937379,2.75366592255925,0.005,0.911802803224907,0.0160000000000764,NA
"mixture",800,40,"ordpp linear",0.117871161745475,0.0888082035386821,0.00200445259783052,2.69718851512898,0.005,0.917915766108459,1.75700000000006,0
"mixture",800,40,"ordpp common",0.146695142993078,0.109846078664479,0.0056401267170478,2.50422633325751,0.005,0.898882909630564,3.49900000000002,0
"mixture",800,40,"ordpp item",0.152840332314709,0.108210924407335,0.00559009235725456,2.48545998350273,0.005,0.899121228301738,58.046,0
"mixture",800,40,"PCA, equal scores",0.117247502778749,0.0883984986745249,0.00190221826041624,2.69926906551433,0.005,0.916974009562681,0.00499999999988177,NA
"mixture",800,40,"Polychoric PCA",0.116760266801235,0.0880698043165591,0.00186006749545123,2.70034307292808,0.005,0.916614057031074,0.258000000000038,NA
"mixture",800,40,"Gifi princals",0.116129058659097,0.0817252095360564,0.00166876917754686,2.65950559247596,0.005,0.916069431280793,0.0919999999998709,NA
"mixture",800,40,"ordPens ordPCA",0.114262980966506,0.085434032646522,0.00172107681989978,2.70808325606201,0.005,0.91769303305848,0.0360000000000582,NA
"mixture",800,41,"ordpp linear",0.109928628671923,0.110695380156087,0.00383612224415124,2.7318410964481,0.005,0.911240720469672,1.00199999999995,0
"mixture",800,41,"ordpp common",0.143524757935611,0.143029795049609,0.0092536964466039,2.59940600237137,0.005,0.885509442697821,3.15200000000004,0
"mixture",800,41,"ordpp item",0.148498246321479,0.136213899043165,0.00912124476908125,2.53566400502274,0.005,0.87834332070692,83.1489999999999,0
"mixture",800,41,"PCA, equal scores",0.108347625802921,0.109753776562067,0.00373365983102753,2.73084696803709,0.005,0.909890274391397,0.00599999999985812,NA
"mixture",800,41,"Polychoric PCA",0.108191169823609,0.108886588206117,0.00371027768835088,2.72128988243467,0.005,0.909833629706977,1.13499999999999,NA
"mixture",800,41,"Gifi princals",0.0893442813084015,0.0899116491286122,0.00199919848790401,2.71538320088349,0.005,0.905225969779196,0.0799999999999272,NA
"mixture",800,41,"ordPens ordPCA",0.0948354729998294,0.0947461294992129,0.00230441186100433,2.72157619493634,0.005,0.909325156982363,0.0219999999999345,NA
"mixture",800,42,"ordpp linear",0.10302693621263,0.108291772752283,0.00401052449447253,2.67425670595149,0.005,0.920394997545342,0.642000000000053,0
"mixture",800,42,"ordpp common",0.126601000792939,0.135269786395332,0.0082947284293155,2.59036620809526,0.005,0.898703062652465,3.7829999999999,0
"mixture",800,42,"ordpp item",0.133252362084826,0.132358611408286,0.00859700510313136,2.52671237486136,0.005,0.891919917929622,56.711,0
"mixture",800,42,"PCA, equal scores",0.102411563293139,0.107784950140337,0.00395825668387082,2.67335438533438,0.005,0.920180901686829,0.0170000000000528,NA
"mixture",800,42,"Polychoric PCA",0.102219633884411,0.107473224437652,0.00394645269307615,2.67004194569337,0.005,0.919801130211243,1.93600000000015,NA
"mixture",800,42,"Gifi princals",0.0893862532256087,0.0926047417267531,0.00246689420293229,2.66554759209985,0.005,0.921453087669865,0.0630000000001019,NA
"mixture",800,42,"ordPens ordPCA",0.0935935019049832,0.0975795747260859,0.00277989061529129,2.68215983612087,0.005,0.923474800399925,0.0190000000000055,NA
"mixture",800,43,"ordpp linear",0.110902717706168,0.1061542169993,0.0034045442750329,2.72872481317023,0.005,0.919478601491483,0.726999999999862,0
"mixture",800,43,"ordpp common",0.151267315803109,0.138591041641851,0.00927370320459985,2.54942984045856,0.005,0.886072431175859,3.74800000000005,0
"mixture",800,43,"ordpp item",0.154141322904828,0.134682799899157,0.00916497443333464,2.51283468132878,0.005,0.88241354417917,53.789,0
"mixture",800,43,"PCA, equal scores",0.110239994150485,0.108801899751578,0.0036055986427882,2.74460622860586,0.005,0.91961415580523,0.00500000000010914,NA
"mixture",800,43,"Polychoric PCA",0.109945254996389,0.109239620829974,0.00361966500771659,2.74963833133418,0.005,0.919716188128752,0.328999999999951,NA
"mixture",800,43,"Gifi princals",0.0893050023415103,0.0846205493075206,0.00175698523701549,2.72389082500669,0.005,0.919084942342874,0.081000000000131,NA
"mixture",800,43,"ordPens ordPCA",0.096695419225288,0.0939709451499662,0.00234826399717742,2.73990251572871,0.005,0.9217060090046,0.0289999999999964,NA
"mixture",800,44,"ordpp linear",0.130801931009115,0.117068333359627,0.0046656483357621,2.73054383252797,0.005,0.920583453480745,1.7829999999999,0
"mixture",800,44,"ordpp common",0.169618942406765,0.145752007940795,0.00968300556381901,2.60066393340353,0.005,0.890015342916522,4.7940000000001,0
"mixture",800,44,"ordpp item",0.172117458802013,0.14726629689969,0.0101876145796535,2.57754921082987,0.005,0.884814006983576,49.9069999999999,0
"mixture",800,44,"PCA, equal scores",0.12957062729797,0.11588197338934,0.00469549669417188,2.71303403115981,0.005,0.9198252413692,0.00400000000013279,NA
"mixture",800,44,"Polychoric PCA",0.129562353219512,0.116006993280569,0.00469657596426245,2.71460406763943,0.005,0.920038281645824,0.230000000000018,NA
"mixture",800,44,"Gifi princals",0.116773966006529,0.108266812493357,0.00374383354852961,2.76042411025433,0.005,0.921873749595121,0.0800000000001546,NA
"mixture",800,44,"ordPens ordPCA",0.12246714145628,0.110676149425402,0.00433124471357304,2.71493992026843,0.005,0.919771919016907,0.0240000000001146,NA
"mixture",800,45,"ordpp linear",0.117881332880962,0.104721198141076,0.00370634002906389,2.65736141412873,0.005,0.906535057110663,0.908999999999878,0
"mixture",800,45,"ordpp common",0.149708444868585,0.132269046506018,0.00826512667301261,2.54953571031047,0.005,0.879178708600497,2.78899999999999,0
"mixture",800,45,"ordpp item",0.161771042899324,0.13096515879346,0.00852485348903,2.51701319080985,0.005,0.87635425384075,66.856,0
"mixture",800,45,"PCA, equal scores",0.116862304661022,0.105689218325798,0.00384379279376292,2.65868899162788,0.005,0.904868629100058,0.00400000000013279,NA
"mixture",800,45,"Polychoric PCA",0.1168240663096,0.105446967439977,0.00379530582120892,2.66071167465719,0.005,0.905244260696139,0.230000000000018,NA
"mixture",800,45,"Gifi princals",0.106927057337785,0.0873966389604773,0.00231885610058301,2.58517977686663,0.005,0.902808465388612,0.0830000000000837,NA
"mixture",800,45,"ordPens ordPCA",0.108612785034665,0.0970579921401904,0.00298297566667073,2.64455684618068,0.005,0.905519755839304,0.0149999999998727,NA
"mixture",800,46,"ordpp linear",0.121157688710024,0.0973328110874539,0.00268875739279944,2.6938844942551,0.005,0.918064447855819,0.7650000000001,0
"mixture",800,46,"ordpp common",0.150614333420377,0.122901760722105,0.00711323311613185,2.53748479328207,0.005,0.892993236986612,3.77599999999984,0
"mixture",800,46,"ordpp item",0.162266341800812,0.110834210118805,0.00670046755482025,2.42875671407041,0.005,0.883580901014419,53.6200000000001,0
"mixture",800,46,"PCA, equal scores",0.120384397526068,0.0967125127224071,0.00269256666244464,2.6857562573363,0.005,0.91712242523886,0.00399999999990541,NA
"mixture",800,46,"Polychoric PCA",0.120037043053435,0.0952624095159611,0.0026485069067344,2.66929631026657,0.005,0.916107957550771,0.394000000000005,NA
"mixture",800,46,"Gifi princals",0.124503285836714,0.0907058384767132,0.00249361542771852,2.62737748693396,0.005,0.912072443254315,0.223999999999933,NA
"mixture",800,46,"ordPens ordPCA",0.122052197870024,0.0949869790026624,0.00258306203460738,2.68903598455621,0.005,0.916267875154373,0.0199999999999818,NA
"mixture",800,47,"ordpp linear",0.116271030550641,0.12296280490918,0.00451361580731298,2.83985198923916,0.005,0.917143385937743,1.68399999999997,0
"mixture",800,47,"ordpp common",0.148356457854113,0.161385782027702,0.0106426123254873,2.69994746710441,0.005,0.886193043699454,4.39400000000001,0
"mixture",800,47,"ordpp item",0.151579707962016,0.162066173604083,0.01134543518984,2.67571078958638,0.005,0.882412907563773,82.8329999999999,0
"mixture",800,47,"PCA, equal scores",0.115460853531443,0.121160577031663,0.00432367392562808,2.84000807644817,0.005,0.915307526386665,0.00699999999983447,NA
"mixture",800,47,"Polychoric PCA",0.115394366133209,0.121111797309472,0.00431455947832179,2.8405439130021,0.005,0.915324732954258,0.554000000000087,NA
"mixture",800,47,"Gifi princals",0.107785231784616,0.111472403412916,0.0032894793983538,2.83907163943061,0.005,0.91695519185891,0.211999999999989,NA
"mixture",800,47,"ordPens ordPCA",0.110181489758286,0.114854500472295,0.0036441183230136,2.83752498748062,0.005,0.917366480849895,0.0339999999998781,NA
"mixture",800,48,"ordpp linear",0.101085330411563,0.125298496430144,0.00507749848124237,2.80718064966321,0.005,0.916041849357339,0.664999999999964,0
"mixture",800,48,"ordpp common",0.130001935086268,0.158978680011919,0.0104751089239576,2.69711772157988,0.005,0.892357815329029,2.7360000000001,0
"mixture",800,48,"ordpp item",0.134072371613803,0.155948709274085,0.0105142934504772,2.66227584603324,0.005,0.889776569730626,82.4540000000002,0
"mixture",800,48,"PCA, equal scores",0.100022376045236,0.123178303263137,0.00505800154662323,2.77354212339616,0.005,0.912896741795584,0.00499999999988177,NA
"mixture",800,48,"Polychoric PCA",0.0998617862068092,0.122876707397498,0.00503779469120171,2.77098196229056,0.005,0.912676988430011,0.355999999999995,NA
"mixture",800,48,"Gifi princals",0.0899462455280037,0.0985371336598027,0.00319675037449779,2.7201483220342,0.005,0.909249213936611,0.0739999999998417,NA
"mixture",800,48,"ordPens ordPCA",0.0919180139727632,0.107873258722629,0.0036913261984663,2.77085546208666,0.005,0.912920047292711,0.0339999999998781,NA
"mixture",800,49,"ordpp linear",0.110040217776753,0.132157129351557,0.0054916800292497,2.84619720884677,0.005,0.911996406728635,0.552000000000135,0
"mixture",800,49,"ordpp common",0.138011348612721,0.167980747526323,0.0108301767540538,2.75700414861589,0.005,0.89037161245847,2.97299999999996,0
"mixture",800,49,"ordpp item",0.141927385612763,0.163667685761183,0.0106434421081421,2.72211441001687,0.005,0.887181877963727,53.8589999999999,0
"mixture",800,49,"PCA, equal scores",0.109525675073223,0.130394665554754,0.00536731801135487,2.83851088012801,0.005,0.909573903977636,0.00400000000013279,NA
"mixture",800,49,"Polychoric PCA",0.109446079131429,0.13050483048112,0.00537176859499422,2.83915223348016,0.005,0.909581609444982,0.34699999999998,NA
"mixture",800,49,"Gifi princals",0.108100943847017,0.113486637840853,0.0040671096777266,2.74929845377876,0.005,0.903223276230995,0.0629999999998745,NA
"mixture",800,49,"ordPens ordPCA",0.106950376892739,0.120833594880551,0.00432895549112013,2.82561101687604,0.005,0.909832000252275,0.0270000000000437,NA
"mixture",800,50,"ordpp linear",0.12279242066289,0.102903760508364,0.002801102322772,2.77469564395274,0.005,0.918100938322303,1.32099999999991,0
"mixture",800,50,"ordpp common",0.153222854598951,0.137419901293256,0.00843171194068456,2.61895097233281,0.005,0.889855407561853,4.12999999999988,0
"mixture",800,50,"ordpp item",0.155704052501108,0.137212694909222,0.00859610564786668,2.59326529946262,0.005,0.885178115922318,52.8129999999999,0
"mixture",800,50,"PCA, equal scores",0.122117438396112,0.106319237834734,0.00300308226377079,2.79588836376029,0.005,0.917802822693439,0.00699999999983447,NA
"mixture",800,50,"Polychoric PCA",0.122001993563193,0.106274956678978,0.00299557572815892,2.79637214007662,0.005,0.917473232626056,0.3900000000001,NA
"mixture",800,50,"Gifi princals",0.106479873281046,0.0869502575675159,0.00205705230749873,2.77735927938365,0.005,0.913596972606419,0.0460000000000491,NA
"mixture",800,50,"ordPens ordPCA",0.113089572704495,0.0958851398543437,0.00256802941353978,2.80688955194207,0.005,0.917340893831048,0.0329999999999018,NA
"rare",300,1,"ordpp linear",0.136235442287444,0.1109342510448,0.00536057704507034,2.61774570680818,0.005,0.902455515788529,0.632000000000062,0
"rare",300,1,"ordpp common",0.180790516206129,0.135376058642067,0.00903651050701785,2.5344287416405,0.005,0.876012425810958,2.06999999999994,0
"rare",300,1,"ordpp item",0.195056287132663,0.123278824492153,0.0081653024897927,2.4433582662787,0.005,0.870128643976297,36.1320000000001,0
"rare",300,1,"PCA, equal scores",0.129142814607938,0.11728096851097,0.005786538527114,2.66147942382385,0.005,0.900911318848334,0.00199999999995271,NA
"rare",300,1,"Polychoric PCA",0.128557084619277,0.117302365895269,0.00575645795545352,2.66608664419692,0.005,0.899993965412523,0.25,NA
"rare",300,1,"Gifi princals",0.127728607607144,0.100747587545255,0.0051001664928489,2.54234970663401,0.005,0.899187902357122,0.0470000000000255,NA
"rare",300,1,"ordPens ordPCA",0.127682750934539,0.112797808370349,0.00557965544540502,2.63843184690907,0.005,0.90079388541754,0.0260000000000673,NA
"rare",300,2,"ordpp linear",0.120735039223877,0.102013327707064,0.00428922046569802,2.54222310567585,0.005,0.915323229368263,0.703999999999951,0
"rare",300,2,"ordpp common",0.138495355231226,0.129357869367387,0.00898757993448841,2.47622313331099,0.005,0.89595833997395,3.17200000000003,0
"rare",300,2,"ordpp item",0.14536467593221,0.122600643823809,0.00871034644505863,2.41296978058035,0.005,0.889895700931687,44.0900000000001,0
"rare",300,2,"PCA, equal scores",0.116665798652694,0.100720532161234,0.00467529580970037,2.51835711713711,0.005,0.919477378898004,0.00299999999992906,NA
"rare",300,2,"Polychoric PCA",0.117161804056822,0.100904928332224,0.00467153368576656,2.5200928171489,0.005,0.919177077977864,0.439000000000078,NA
"rare",300,2,"Gifi princals",0.112816877633152,0.0889647354426309,0.003242019201191,2.43734454283817,0.005,0.912021785754618,0.12700000000018,NA
"rare",300,2,"ordPens ordPCA",0.11694974474836,0.0992736272715294,0.00452673945603588,2.50522671860302,0.005,0.919564043936674,0.0119999999999436,NA
"rare",300,3,"ordpp linear",0.160062420358849,0.181022778958968,0.011868181729825,2.84804392139909,0.005,0.907128824356554,0.430000000000064,0
"rare",300,3,"ordpp common",0.199474694384417,0.225475266575531,0.016879848789486,2.88714838538327,0.005,0.894840266549188,2.298,0
"rare",300,3,"ordpp item",0.209434680791535,0.197942497724391,0.0161662302903218,2.67941473230654,0.005,0.897128503494662,42.605,0
"rare",300,3,"PCA, equal scores",0.156377928090149,0.17774704408314,0.0119394784854581,2.81094853569508,0.005,0.904068270528375,0.00500000000010914,NA
"rare",300,3,"Polychoric PCA",0.154461927016372,0.173638861787472,0.0117786814315133,2.78126895098852,0.005,0.9023048223342,2.30599999999981,NA
"rare",300,3,"Gifi princals",0.171660679228,0.160327641648502,0.0119651035140866,2.59610287586946,0.005,0.901603078746914,0.11200000000008,NA
"rare",300,3,"ordPens ordPCA",0.166415906591118,0.194020672486762,0.0135332690567442,2.84308907999538,0.005,0.904079547548651,0.0139999999998963,NA
"rare",300,7,"ordpp linear",0.130136152061997,0.111023784817954,0.0046316595142206,2.63954752574063,0.005,0.921640033397215,0.708999999999833,0
"rare",300,7,"ordpp common",0.169643901662204,0.133149822874305,0.00837379381095928,2.55795676414247,0.005,0.901080103927757,2.75999999999999,0
"rare",300,7,"ordpp item",0.180931802956971,0.128448204768367,0.00884484829902636,2.50145606395161,0.005,0.880205765095669,39.3869999999999,0
"rare",300,7,"PCA, equal scores",0.123545883266353,0.120411321771161,0.00584288360407673,2.64524117947603,0.005,0.920929024145566,0.00199999999995271,NA
"rare",300,7,"Polychoric PCA",0.122434668532546,0.120264483190538,0.0058748523110308,2.6414420578975,0.005,0.920708202369635,0.375999999999976,NA
"rare",300,7,"Gifi princals",0.129429655890002,0.120184094630481,0.0065821333157397,2.57478829125867,0.005,0.909720960288162,0.0480000000000018,NA
"rare",300,7,"ordPens ordPCA",0.126175534558851,0.122121811360328,0.00606598219198345,2.64613749725932,0.005,0.921458597146477,0.0080000000000382,NA
"rare",300,8,"ordpp linear",0.119640623998748,0.119704719959118,0.00676941916429918,2.63988626942446,0.005,0.89982680001758,0.496999999999844,0
"rare",300,8,"ordpp common",0.147061924209843,0.157630730948811,0.0123509534085828,2.5549321256368,0.005,0.880229225257286,3.27499999999986,0
"rare",300,8,"ordpp item",0.158023142780426,0.154677541557307,0.0117195411677861,2.52941571243355,0.005,0.876186242323391,63.2140000000002,0
"rare",300,8,"PCA, equal scores",0.117445966053347,0.116641946046746,0.00648220631146561,2.63960613244341,0.005,0.900002746865128,0.00200000000018008,NA
"rare",300,8,"Polychoric PCA",0.117162603904836,0.116500088326272,0.00646507518427945,2.64142188878433,0.005,0.899737308233163,0.2650000000001,NA
"rare",300,8,"Gifi princals",0.121364049110133,0.109361647580065,0.00663147010660713,2.48841103063136,0.005,0.871915866057234,0.0599999999999454,NA
"rare",300,8,"ordPens ordPCA",0.118700637623995,0.118012532984239,0.00652759030606664,2.65554609460905,0.005,0.897591983033816,0.0170000000000528,NA
"rare",300,10,"ordpp linear",0.12774018035564,0.0873435345026308,0.00315552393908227,2.42947653383002,0.005,0.896371220866672,1.2059999999999,0
"rare",300,10,"ordpp common",0.156431461248368,0.103357300725919,0.00677363396819533,2.31558923714142,0.005,0.886726474604169,3.16700000000014,0
"rare",300,10,"ordpp item",0.16699210516974,0.0976262283676331,0.00643208652137581,2.2728140290094,0.005,0.875744239291425,49.432,0
"rare",300,10,"PCA, equal scores",0.124615489089963,0.0813672108631746,0.00282550055525856,2.38220146816508,0.005,0.895632848869512,0.00300000000015643,NA
"rare",300,10,"Polychoric PCA",0.123967875695484,0.0817463207563929,0.00284545654928565,2.38583450189614,0.005,0.894540849173054,0.264000000000124,NA
"rare",300,10,"Gifi princals",0.12728159808497,0.0817033256151635,0.00359738545111638,2.29495286687728,0.005,0.900620623020262,0.0579999999999927,NA
"rare",300,10,"ordPens ordPCA",0.129232295996674,0.0845887644848962,0.00345507868805844,2.35866037756904,0.005,0.897488330867868,0.0119999999999436,NA
"rare",300,11,"ordpp linear",0.094881116132915,0.138806884560014,0.00737276346772937,2.77551020924302,0.005,0.903187487712047,0.648999999999887,0
"rare",300,11,"ordpp common",0.121747900999573,0.166912025309229,0.012697879646795,2.63243309289,0.005,0.880052171141385,2.49500000000012,0
"rare",300,11,"ordpp item",0.136524945240027,0.175819963782022,0.0142159470348446,2.65451960953476,0.005,0.865727263542534,71.358,0
"rare",300,11,"PCA, equal scores",0.092565684181441,0.135505635613421,0.00729469729009092,2.74188030270699,0.005,0.901160717848604,0.00299999999992906,NA
"rare",300,11,"Polychoric PCA",0.0923281017219989,0.134924942285591,0.00732976235591275,2.73567523569081,0.005,0.900297261507407,0.182000000000016,NA
"rare",300,11,"Gifi princals",0.0686109245538307,0.0854108314052789,0.00372193644430517,2.4869645646657,0.005,0.88105268051153,0.08199999999988,NA
"rare",300,11,"ordPens ordPCA",0.0903284224576523,0.126329443053931,0.00665242116107111,2.71970594355858,0.005,0.897781716560652,0.0150000000001,NA
"rare",300,12,"ordpp linear",0.144289074799854,0.133590770483887,0.0078531456565664,2.66084336847334,0.005,0.897915910968153,0.642000000000053,0
"rare",300,12,"ordpp common",0.179726581972745,0.167953470329325,0.0123014078315514,2.66774819532812,0.005,0.888243312994034,3.45299999999997,0
"rare",300,12,"ordpp item",0.19653864376464,0.160988764847118,0.0117912725997454,2.61841190912605,0.005,0.878422834531973,44.546,0
"rare",300,12,"PCA, equal scores",0.139033447143145,0.138929411931628,0.00768559298011818,2.73065827166141,0.005,0.899934085503013,0.0109999999999673,NA
"rare",300,12,"Polychoric PCA",0.138329291641427,0.139181594067314,0.00769523588253952,2.73140784776552,0.005,0.899980298590692,0.608999999999924,NA
"rare",300,12,"Gifi princals",0.146621326645156,0.108952406171488,0.00485550057441518,2.61532220351124,0.005,0.90049073813466,0.0860000000000127,NA
"rare",300,12,"ordPens ordPCA",0.140459885056726,0.135530169546608,0.0071137202823969,2.72501746947273,0.005,0.902732515753904,0.0209999999999582,NA
"rare",300,13,"ordpp linear",0.121368515150694,0.132050948869032,0.00656422660683826,2.72561898702318,0.005,0.92612347613147,0.884999999999991,0
"rare",300,13,"ordpp common",0.161147111063091,0.177220595891908,0.0134181539462477,2.66393899596725,0.005,0.903452314551574,3.60699999999997,0
"rare",300,13,"ordpp item",0.168305367015321,0.173255260779146,0.0134397532189271,2.63058059479142,0.005,0.898510769953677,66.9540000000002,1
"rare",300,13,"PCA, equal scores",0.117708082113793,0.12392979789327,0.00593094045257197,2.68356079660479,0.005,0.921815732320823,0.00199999999995271,NA
"rare",300,13,"Polychoric PCA",0.117665765332656,0.124410202438319,0.00599868597893918,2.68300563753414,0.005,0.921634026638882,0.501999999999953,NA
"rare",300,13,"Gifi princals",0.116000166686769,0.116085690175629,0.00544291971109574,2.63965695954034,0.005,0.91446232218385,0.0570000000000164,NA
"rare",300,13,"ordPens ordPCA",0.11986555528093,0.12669732446785,0.00606503803059969,2.70481514356946,0.005,0.922406096748692,0.0160000000000764,NA
"rare",300,14,"ordpp linear",0.140894621826995,0.0783579338215628,0.00449066553794823,2.43822816986063,0.005,0.897331692556922,0.642000000000053,0
"rare",300,14,"ordpp common",0.168572758349295,0.114697747800465,0.00882849053937741,2.39793061285915,0.005,0.877114374486495,2.70700000000011,0
"rare",300,14,"ordpp item",0.191315079968593,0.0963277655325073,0.00820171166352563,2.25530853602744,0.005,0.845494355839,49.2359999999999,0
"rare",300,14,"PCA, equal scores",0.134810339647149,0.0904616682845172,0.00438272412738189,2.55771880776918,0.005,0.902171797623884,0.00199999999995271,NA
"rare",300,14,"Polychoric PCA",0.133251846072526,0.0917216457927702,0.0043106254458282,2.56507435406043,0.005,0.902510018481971,0.217000000000098,NA
"rare",300,14,"Gifi princals",0.142851213311743,0.0794942252567622,0.00420837593954939,2.34002045916538,0.005,0.883437585111488,0.043999999999869,NA
"rare",300,14,"ordPens ordPCA",0.139500861758637,0.0927400895563205,0.00478611111861376,2.52754187890105,0.005,0.897864263539383,0.0099999999999909,NA
"rare",300,15,"ordpp linear",0.0988324722718169,0.121389640451955,0.00674728443669539,2.67700764340116,0.005,0.905768041537387,0.530999999999949,0
"rare",300,15,"ordpp common",0.111825135058072,0.140505077068674,0.00936707179211436,2.60990405116033,0.005,0.899771258210354,2.03600000000006,0
"rare",300,15,"ordpp item",0.126095377223924,0.125288501620861,0.00932372389210784,2.48471211398385,0.005,0.889556616095642,37.4839999999999,0
"rare",300,15,"PCA, equal scores",0.0946656268841456,0.132014588247038,0.00711491409955443,2.8011199419192,0.005,0.915443218902587,0.00199999999995271,NA
"rare",300,15,"Polychoric PCA",0.0934879949359623,0.132282248559503,0.00710857849078023,2.80671706049015,0.005,0.916795340666194,0.235000000000127,NA
"rare",300,15,"Gifi princals",0.0867468519716346,0.0783402358091162,0.00646440931816493,2.50138464870199,0.005,0.869737655494281,0.0779999999999745,NA
"rare",300,15,"ordPens ordPCA",0.0934783773685266,0.122549646726385,0.0073452397522375,2.80205972830858,0.005,0.905212691601594,0.0119999999999436,NA
"rare",300,17,"ordpp linear",0.111116477502047,0.10066086923645,0.00357223112615753,2.64656790917358,0.005,0.911910747027807,0.538000000000011,0
"rare",300,17,"ordpp common",0.127416758546254,0.13143004450759,0.00773115972278864,2.59523771627751,0.005,0.904111114271222,2.00099999999998,0
"rare",300,17,"ordpp item",0.142700740694341,0.129803862836025,0.00869806978589466,2.47793695489357,0.005,0.899753611539595,55.858,0
"rare",300,17,"PCA, equal scores",0.105115824702101,0.0992492487361737,0.00333218287709795,2.66810796027118,0.005,0.904175559542556,0.00299999999992906,NA
"rare",300,17,"Polychoric PCA",0.104788339714717,0.0988191869092893,0.00329684530506743,2.66509446391552,0.005,0.903564367897536,0.211000000000013,NA
"rare",300,17,"Gifi princals",0.10130700239834,0.0726193354472241,0.00206590852871629,2.50087700169745,0.005,0.894450364513236,0.0539999999998599,NA
"rare",300,17,"ordPens ordPCA",0.102722257317179,0.0902283585603184,0.00254049924339091,2.65065914399,0.005,0.902888312019714,0.0119999999999436,NA
"rare",300,18,"ordpp linear",0.115134216900599,0.129204749821899,0.00875193335502854,2.80352277210464,0.005,0.91678703638466,0.75,0
"rare",300,18,"ordpp common",0.143968871890256,0.148992801029115,0.0106555219170431,2.72122901876668,0.005,0.899324109131853,4.96599999999989,0
"rare",300,18,"ordpp item",0.169149565419216,0.16510393161202,0.0190000111190152,2.67601344792427,0.005,0.864963142451921,41.885,0
"rare",300,18,"PCA, equal scores",0.113949778954535,0.130137742398875,0.00851516768754959,2.82834417793663,0.005,0.916871164979151,0.00199999999995271,NA
"rare",300,18,"Polychoric PCA",0.113164749796169,0.128918028550604,0.00840351847054255,2.82328637006348,0.005,0.916102093761255,0.385999999999967,NA
"rare",300,18,"Gifi princals",0.105989078582714,0.101865897581347,0.00599875177182283,2.65351162358279,0.005,0.906341274630318,0.0830000000000837,NA
"rare",300,18,"ordPens ordPCA",0.111850266609103,0.126077988596424,0.00760825413338964,2.81050261257943,0.005,0.917948527479782,0.01299999999992,NA
"rare",300,19,"ordpp linear",0.145630451055376,0.125552990345631,0.00507965179749611,2.80250050245392,0.005,0.900187405270088,0.774999999999864,0
"rare",300,19,"ordpp common",0.174722671073105,0.152969882579701,0.0095467426354746,2.67741077933283,0.005,0.881160285622301,3.31799999999998,0
"rare",300,19,"ordpp item",0.186564717597373,0.150832592699136,0.00951891679588725,2.6494414962878,0.005,0.875238738939254,50.992,0
"rare",300,19,"PCA, equal scores",0.135585559478046,0.117420420716169,0.00464281006651411,2.72877299277775,0.005,0.901193674055972,0.00300000000015643,NA
"rare",300,19,"Polychoric PCA",0.13288378463437,0.115544353415292,0.00458689671556584,2.70843356009672,0.005,0.900518676171021,0.281999999999925,NA
"rare",300,19,"Gifi princals",0.135492843006117,0.103841964237947,0.00423301944867617,2.62204804121659,0.005,0.895266657891235,0.0559999999998126,NA
"rare",300,19,"ordPens ordPCA",0.139823980684767,0.11823452818977,0.00478265361171874,2.72143808080714,0.005,0.899326181067687,0.00900000000001455,NA
"rare",300,20,"ordpp linear",0.126829191627482,0.135809537428391,0.00690190411468036,2.74350890915003,0.005,0.910241745126154,0.442999999999984,0
"rare",300,20,"ordpp common",0.154478248060847,0.166556934210097,0.0118199830635203,2.67714043362757,0.005,0.88230060446998,1.75800000000004,0
"rare",300,20,"ordpp item",0.16195865559418,0.151876818100044,0.0105165181643187,2.60997008103362,0.005,0.882346945829678,35.8129999999999,0
"rare",300,20,"PCA, equal scores",0.121860634381423,0.127875004261949,0.00616715727940301,2.71415495482848,0.005,0.910396622017008,0.00199999999995271,NA
"rare",300,20,"Polychoric PCA",0.119020563982123,0.124536311783376,0.00594819390390672,2.693410537705,0.005,0.909384524106585,0.25,NA
"rare",300,20,"Gifi princals",0.125418138975301,0.117449551571398,0.00646460527964768,2.57017230624591,0.005,0.885000819397553,0.0660000000000309,NA
"rare",300,20,"ordPens ordPCA",0.129779876026546,0.132472542153208,0.0069942858136074,2.70000092606127,0.005,0.904164789484146,0.00900000000001455,NA
"rare",300,21,"ordpp linear",0.122578229686019,0.096259349869054,0.00374089031458659,2.62328231399817,0.005,0.910488282351794,0.413000000000011,0
"rare",300,21,"ordpp common",0.142423119005427,0.124372072173425,0.00801533507540383,2.50178789759768,0.005,0.897041183656114,1.77500000000009,0
"rare",300,21,"ordpp item",0.151840104371202,0.117110968571578,0.00875965496493731,2.44356373024239,0.005,0.888474134517335,54.634,0
"rare",300,21,"PCA, equal scores",0.120954523213625,0.0989420250371598,0.00400153030893144,2.6452351534451,0.005,0.913193787220704,0.00300000000015643,NA
"rare",300,21,"Polychoric PCA",0.120597744843983,0.0983940822307949,0.00391033293208832,2.64582198459731,0.005,0.913490112869818,0.41599999999994,NA
"rare",300,21,"Gifi princals",0.131654897310072,0.0905433650940417,0.00571788633065286,2.51224554217589,0.005,0.900794378822079,0.0500000000001819,NA
"rare",300,21,"ordPens ordPCA",0.125835064771711,0.0994506305176012,0.00457618805852137,2.64081596314341,0.005,0.91102982833407,0.0210000000001855,NA
"rare",300,22,"ordpp linear",0.132915736537225,0.0908252613533305,0.00294638581598013,2.56582463290514,0.005,0.881447736113889,0.68100000000004,0
"rare",300,22,"ordpp common",0.160407484919888,0.125820556675427,0.00824672087444284,2.47883623595856,0.005,0.863197289044466,2.63100000000009,0
"rare",300,22,"ordpp item",0.177620170055341,0.100826053760547,0.00633180444567056,2.3367733378504,0.005,0.859907173555251,42.4469999999999,0
"rare",300,22,"PCA, equal scores",0.126626109944276,0.0980436728234132,0.00413305362171684,2.56842400155602,0.005,0.884227537450633,0.00299999999992906,NA
"rare",300,22,"Polychoric PCA",0.126340449363264,0.0980894280914615,0.0041532848032243,2.56480875827091,0.005,0.883747300574525,0.240999999999985,NA
"rare",300,22,"Gifi princals",0.120371762516484,0.0851109178290188,0.00433706080550942,2.48924651928534,0.005,0.873466203733679,0.166999999999916,NA
"rare",300,22,"ordPens ordPCA",0.12439245829504,0.0947410123964774,0.00416734223046434,2.56937988256827,0.005,0.881395594548458,0.0099999999999909,NA
"rare",300,24,"ordpp linear",0.098731643732513,0.134640999891002,0.00688222846675977,2.7339486989671,0.005,0.906009187163637,0.342999999999847,0
"rare",300,24,"ordpp common",0.126459623063326,0.16258434337338,0.0106390688305747,2.71765653891729,0.005,0.88133513347663,1.49500000000012,0
"rare",300,24,"ordpp item",0.134295531131764,0.160490979611139,0.0104755090006324,2.70310238015324,0.005,0.87901860756197,27.396,0
"rare",300,24,"PCA, equal scores",0.0968154532766391,0.127975821767068,0.00616234751283533,2.72166725380796,0.005,0.90304176264734,0.00299999999992906,NA
"rare",300,24,"Polychoric PCA",0.096567072453124,0.126357210375029,0.0060713418251726,2.70904016393704,0.005,0.903839532560532,0.221000000000004,NA
"rare",300,24,"Gifi princals",0.0792021430719754,0.0961317229683,0.00379605735377973,2.53438334253547,0.005,0.89891279742642,0.0629999999998745,NA
"rare",300,24,"ordPens ordPCA",0.0933141430264497,0.125509405478596,0.00579775509089415,2.72455981561124,0.005,0.903806058427183,0.00900000000001455,NA
"rare",300,25,"ordpp linear",0.101993581784159,0.12111335498075,0.00583746144056471,2.65326608535817,0.005,0.89287039267802,0.351999999999862,0
"rare",300,25,"ordpp common",0.117994086861013,0.156754315790994,0.010406279366377,2.65210930144907,0.005,0.873203834542589,1.46900000000005,0
"rare",300,25,"ordpp item",0.13936280341554,0.126971292912593,0.0102985691883584,2.36957985309028,0.005,0.862175030462959,35.548,0
"rare",300,25,"PCA, equal scores",0.0965387927798451,0.133095597551415,0.00635755150297225,2.74988111656126,0.005,0.899556880974088,0.00299999999992906,NA
"rare",300,25,"Polychoric PCA",0.0966007077909527,0.131311485398897,0.00642516281029232,2.72791112683396,0.005,0.898909362999304,0.298000000000002,NA
"rare",300,25,"Gifi princals",0.103266331876683,0.113619118610575,0.00454049931156641,2.71699986624712,0.005,0.894566723927546,0.05600000000004,NA
"rare",300,25,"ordPens ordPCA",0.098104008777511,0.128096597905715,0.00576978725000475,2.7631339136852,0.005,0.899043714083387,0.00900000000001455,NA
"rare",300,26,"ordpp linear",0.142342941179853,0.0986803393609091,0.00545961917595876,2.46099806391211,0.005,0.896915968299942,0.761999999999944,0
"rare",300,26,"ordpp common",0.189965010716793,0.123391201015221,0.00897813472414132,2.44094275374045,0.005,0.868125852649205,2.96599999999989,0
"rare",300,26,"ordpp item",0.201101111132784,0.118445657637058,0.00914860539250311,2.36729056366777,0.005,0.870868071690972,36.8819999999998,0
"rare",300,26,"PCA, equal scores",0.136415261791129,0.0967619212183598,0.0050869760392346,2.46678524896345,0.005,0.888772392345163,0.00299999999992906,NA
"rare",300,26,"Polychoric PCA",0.135434107105443,0.0945921268396671,0.00491309705122531,2.44690954637077,0.005,0.88764632664709,0.244999999999891,NA
"rare",300,26,"Gifi princals",0.14048545501046,0.0899942149938714,0.00453852559447905,2.34246356658642,0.005,0.887305240625324,0.0499999999999545,NA
"rare",300,26,"ordPens ordPCA",0.142092718123896,0.100773454497215,0.00548724999615124,2.46162350983549,0.005,0.888635869428906,0.0099999999999909,NA
"rare",300,27,"ordpp linear",0.142960795865655,0.0688212991450738,0.0037384913863733,2.25624958191455,0.005,0.881258468786053,1.22399999999993,0
"rare",300,27,"ordpp common",0.161528839186388,0.0802705262781972,0.00505566208920635,2.21349346010704,0.005,0.866440529524037,3.08999999999992,0
"rare",300,27,"ordpp item",0.186524347728533,0.0851024624800904,0.0059997095656523,2.24191869533109,0.005,0.844839695041076,55.9540000000002,0
"rare",300,27,"PCA, equal scores",0.131832303969639,0.0782602377477511,0.00426500262026454,2.36626280078657,0.005,0.899722369244322,0.00300000000015643,NA
"rare",300,27,"Polychoric PCA",0.131816616917587,0.0778589235307495,0.00420728915394599,2.36256908492911,0.005,0.899132468736475,0.269999999999982,NA
"rare",300,27,"Gifi princals",0.154242077934756,0.0811418972665077,0.00478623709363556,2.32550277358173,0.005,0.883209453831731,0.0609999999999218,NA
"rare",300,27,"ordPens ordPCA",0.142862961982638,0.080488685583594,0.00437723936610111,2.3651863164954,0.005,0.895630808716415,0.0080000000000382,NA
"rare",300,29,"ordpp linear",0.105933718382211,0.122184905005521,0.00767287232007427,2.67579814319199,0.005,0.888622039241012,0.429000000000087,0
"rare",300,29,"ordpp common",0.123386961046963,0.146325631918061,0.010100651312902,2.66250840206801,0.005,0.887102226295584,1.93100000000004,0
"rare",300,29,"ordpp item",0.135837494007132,0.1310112401892,0.011417725477044,2.50966774871986,0.005,0.877319742841095,28.954,0
"rare",300,29,"PCA, equal scores",0.0964628787307335,0.116985974800397,0.00730325950732256,2.63895363981737,0.005,0.900404652256228,0.00300000000015643,NA
"rare",300,29,"Polychoric PCA",0.0941506923236813,0.114524404725361,0.00713514773148551,2.61904121713773,0.005,0.899873605991374,0.244999999999891,NA
"rare",300,29,"Gifi princals",0.0904633576425187,0.085456167122323,0.00760731409627032,2.47953082619266,0.005,0.876138948255138,0.0410000000001673,NA
"rare",300,29,"ordPens ordPCA",0.0953597323963064,0.10765227807668,0.00791877579418312,2.61411110164832,0.005,0.895667341608001,0.0099999999999909,NA
"rare",300,30,"ordpp linear",0.170356860632143,0.134282137291211,0.00595946503756875,2.84849346172902,0.005,0.922134912835307,0.298000000000002,0
"rare",300,30,"ordpp common",0.207412789060074,0.17230533698172,0.0110498554172405,2.78446404858734,0.005,0.893166323894128,1.51299999999992,0
"rare",300,30,"ordpp item",0.218207046330165,0.167366923634236,0.0107648000055274,2.77954116677013,0.005,0.887130948972574,41.1569999999999,0
"rare",300,30,"PCA, equal scores",0.158380490824068,0.141509922269394,0.00657903891494177,2.89294415621041,0.005,0.919142198908969,0.00299999999992906,NA
"rare",300,30,"Polychoric PCA",0.155757156806291,0.141052084416553,0.00657675835687238,2.88893373529715,0.005,0.918196283458561,0.252999999999929,NA
"rare",300,30,"Gifi princals",0.159614283887983,0.135916822165181,0.00683123592473013,2.83867702838367,0.005,0.903010117841363,0.0529999999998836,NA
"rare",300,30,"ordPens ordPCA",0.162454334865996,0.143951459636578,0.00677678741045558,2.89855559734489,0.005,0.916756545963023,0.0099999999999909,NA
"rare",300,31,"ordpp linear",0.163882402083269,0.160825564618939,0.00947657420650855,2.85691212918954,0.005,0.912753660066803,0.432999999999993,0
"rare",300,31,"ordpp common",0.209595469124711,0.193459926591826,0.0133390155930423,2.81549051604271,0.005,0.874417780427015,2.39400000000001,0
"rare",300,31,"ordpp item",0.219620990190895,0.191134655207137,0.0134461055368456,2.79196472716201,0.005,0.868009254016126,40.623,0
"rare",300,31,"PCA, equal scores",0.162874126900749,0.161700629312738,0.0095747739409017,2.85961510532999,0.005,0.913292312261194,0.00299999999992906,NA
"rare",300,31,"Polychoric PCA",0.162674445099441,0.160626760388614,0.0095150371890232,2.8539866982809,0.005,0.913461956925812,0.305000000000064,NA
"rare",300,31,"Gifi princals",0.165189354668541,0.152185296698605,0.00891239810332268,2.7961962101795,0.005,0.903171270773762,0.0499999999999545,NA
"rare",300,31,"ordPens ordPCA",0.170942940299835,0.166246572973424,0.0100339803253779,2.8767815659259,0.005,0.911930626626567,0.0099999999999909,NA
"rare",300,32,"ordpp linear",0.167872425902221,0.113788276031337,0.00538238063578612,2.62751196092332,0.005,0.921356831661026,0.534999999999854,0
"rare",300,32,"ordpp common",0.203750873305266,0.142114990089216,0.0102623944783536,2.56508283298758,0.005,0.901803306220656,2.5630000000001,0
"rare",300,32,"ordpp item",0.219982838683693,0.142620269461115,0.0111376785574408,2.51817831723988,0.005,0.894684140618103,42.0090000000002,0
"rare",300,32,"PCA, equal scores",0.160397555553194,0.114666637654041,0.00609300753035879,2.5776011712258,0.005,0.921299486156604,0.00199999999995271,NA
"rare",300,32,"Polychoric PCA",0.158340220502267,0.113721334624794,0.00612353622196518,2.56319256736877,0.005,0.920840536134797,0.231000000000222,NA
"rare",300,32,"Gifi princals",0.169471493715262,0.115707513444593,0.00683707018081432,2.52549637615413,0.005,0.905000153391186,0.0460000000002765,NA
"rare",300,32,"ordPens ordPCA",0.164676563307424,0.117701746379588,0.00636109364444418,2.58130839407997,0.005,0.920523785229139,0.00999999999976353,NA
"rare",300,33,"ordpp linear",0.13103892655177,0.132098568069039,0.00758710348090174,2.59835206576972,0.005,0.912344302664926,0.745000000000118,0
"rare",300,33,"ordpp common",0.164060201299088,0.163656757747605,0.01282360055687,2.5987119336182,0.005,0.894329123928899,2.39099999999985,0
"rare",300,33,"ordpp item",0.176641033090759,0.14894001239418,0.0130421950569802,2.45314274164909,0.005,0.883982648969704,43.239,0
"rare",300,33,"PCA, equal scores",0.123152635759396,0.135895494548884,0.0071704659183086,2.7157766088578,0.005,0.912372997099576,0.00199999999995271,NA
"rare",300,33,"Polychoric PCA",0.122432436031763,0.135634115115595,0.0071163034549699,2.7214600423174,0.005,0.912245471198962,0.231999999999971,NA
"rare",300,33,"Gifi princals",0.139362903552191,0.145956566423417,0.00975487227406118,2.66150140080834,0.005,0.913673500151436,0.0480000000000018,NA
"rare",300,33,"ordPens ordPCA",0.128923770769989,0.142485037887843,0.00806344029804679,2.72807589123439,0.005,0.912240086689613,0.0099999999999909,NA
"rare",300,34,"ordpp linear",0.0980485565355025,0.130896591940137,0.00668753075899192,2.69353630546433,0.005,0.902507906967939,0.585000000000036,0
"rare",300,34,"ordpp common",0.115614626221337,0.159760398786928,0.0102926777652518,2.69659329223155,0.005,0.891768189235775,1.70299999999997,0
"rare",300,34,"ordpp item",0.119194626684508,0.157398350331636,0.0101452979896728,2.68180854389148,0.005,0.889753266232665,31.4960000000001,0
"rare",300,34,"PCA, equal scores",0.0897718603501264,0.130196492935757,0.0061482722446707,2.74037690127391,0.005,0.904374302412102,0.00299999999992906,NA
"rare",300,34,"Polychoric PCA",0.088071580897077,0.128791684376742,0.00604351725953205,2.72965437913322,0.005,0.904066347957492,0.216999999999871,NA
"rare",300,34,"Gifi princals",0.0760349787454155,0.108125922481506,0.00446485337552414,2.61938532660442,0.005,0.885571169870772,0.0630000000001019,NA
"rare",300,34,"ordPens ordPCA",0.0883149921404036,0.13129550617273,0.00628915532183248,2.73718375228608,0.005,0.903296312600933,0.0099999999999909,NA
"rare",300,36,"ordpp linear",0.167752700209746,0.136183445300976,0.00614108473027165,2.81678094918373,0.005,0.906102580551952,0.351999999999862,0
"rare",300,36,"ordpp common",0.209061591428696,0.160582518377207,0.0105868676597827,2.68434303443236,0.005,0.883458769484742,2.25,0
"rare",300,36,"ordpp item",0.218478983031441,0.158050150053979,0.0110850882082914,2.62230190808637,0.005,0.880655810541298,42.531,0
"rare",300,36,"PCA, equal scores",0.160649255353837,0.134919750222234,0.00633181840209011,2.7835003707826,0.005,0.904432110994939,0.00199999999995271,NA
"rare",300,36,"Polychoric PCA",0.159210952166208,0.133928907816972,0.00630871109561372,2.77234651491201,0.005,0.902975600393739,0.246000000000095,NA
"rare",300,36,"Gifi princals",0.170451704358773,0.132815956949133,0.00710159151168089,2.75090468477972,0.005,0.891785566568476,0.0410000000001673,NA
"rare",300,36,"ordPens ordPCA",0.164378835612336,0.135763685601963,0.00670346787223655,2.78517643658233,0.005,0.904213129591747,0.0099999999999909,NA
"rare",300,37,"ordpp linear",0.120501629034008,0.112196949224309,0.00473391551674894,2.70777570190154,0.005,0.898829346640655,0.482000000000198,0
"rare",300,37,"ordpp common",0.140480934245311,0.148355223291697,0.0100958498242326,2.61704665172952,0.005,0.865090052185297,1.62599999999998,0
"rare",300,37,"ordpp item",0.149683084750428,0.140103895111232,0.00951163910922568,2.54962465161153,0.005,0.85863623576739,47.972,0
"rare",300,37,"PCA, equal scores",0.116709280395067,0.106937842113698,0.00443765320958952,2.65823524390532,0.005,0.894292718771388,0.00299999999992906,NA
"rare",300,37,"Polychoric PCA",0.116621401559741,0.106912434046224,0.00446763994539386,2.66009859775085,0.005,0.894592787116911,0.232999999999947,NA
"rare",300,37,"Gifi princals",0.0992081880519521,0.0766429185020812,0.00167826642073955,2.58683201208794,0.005,0.890557030883434,0.0490000000002055,NA
"rare",300,37,"ordPens ordPCA",0.112274616262104,0.0977403030887859,0.00362158442836429,2.64400958817787,0.005,0.895708246150457,0.0150000000001,NA
"rare",300,38,"ordpp linear",0.116611213918155,0.140553782999492,0.00680815319362838,2.77276538306979,0.005,0.921367223373334,0.442999999999756,0
"rare",300,38,"ordpp common",0.151511418670767,0.173620179321838,0.012674491732493,2.69140197278685,0.005,0.889338115085555,1.84400000000005,0
"rare",300,38,"ordpp item",0.162055082700212,0.164642479083958,0.0126314531832695,2.60737978679725,0.005,0.888168913275576,53.6120000000001,0
"rare",300,38,"PCA, equal scores",0.110988664141083,0.135078075593412,0.00680091288393386,2.71461688427683,0.005,0.914062583350891,0.00300000000015643,NA
"rare",300,38,"Polychoric PCA",0.109994007495947,0.134703463143033,0.00683376854439292,2.70795517170431,0.005,0.913113741052112,0.271000000000186,NA
"rare",300,38,"Gifi princals",0.107878300787286,0.10828629755013,0.00447004670395688,2.5967072529107,0.005,0.907993656669058,0.0460000000002765,NA
"rare",300,38,"ordPens ordPCA",0.110500290505597,0.132199603307912,0.00653602834494964,2.71179948821327,0.005,0.913827778841999,0.012000000000171,NA
"rare",300,39,"ordpp linear",0.112163509844209,0.131670363295643,0.00684192600480469,2.72552222703373,0.005,0.892163661488289,0.629000000000133,0
"rare",300,39,"ordpp common",0.130076166620599,0.161851962145339,0.0109419516438587,2.68028975702695,0.005,0.860950244207471,2.05999999999995,0
"rare",300,39,"ordpp item",0.138302655871728,0.147788133237447,0.0105510711691202,2.55739598980742,0.005,0.849741785715275,32.982,0
"rare",300,39,"PCA, equal scores",0.108109854227988,0.137368182858069,0.00668999370252992,2.83739113609597,0.005,0.898649882447577,0.00299999999992906,NA
"rare",300,39,"Polychoric PCA",0.107687333939904,0.137294712241108,0.00664825624413333,2.84267825651772,0.005,0.898186309316461,0.257000000000062,NA
"rare",300,39,"Gifi princals",0.0977199935299269,0.113264345185843,0.00431871661186774,2.82915670974049,0.005,0.90093311355313,0.0779999999999745,NA
"rare",300,39,"ordPens ordPCA",0.106232314477635,0.13322639721879,0.0062502064403745,2.84446386634544,0.005,0.900960051298162,0.0099999999999909,NA
"rare",300,40,"ordpp linear",0.144917671379255,0.103455713826306,0.00370815316324388,2.62423707255952,0.005,0.922546001549342,0.666999999999916,0
"rare",300,40,"ordpp common",0.164416375950287,0.126644143373286,0.00736587781396167,2.56727967537922,0.005,0.891722811489491,2.13199999999983,0
"rare",300,40,"ordpp item",0.194044246286085,0.109317369578584,0.0061606938272883,2.44433423201558,0.005,0.879580679155132,35.329,0
"rare",300,40,"PCA, equal scores",0.143000824726602,0.106547514167723,0.00403696851147089,2.64417668721943,0.005,0.921936540474707,0.00300000000015643,NA
"rare",300,40,"Polychoric PCA",0.142581945728557,0.106742028029815,0.00396928735962382,2.65575851860311,0.005,0.922126292439605,0.272000000000389,NA
"rare",300,40,"Gifi princals",0.16989660682091,0.100533736921468,0.00431788152996368,2.51400586929127,0.005,0.905568161699283,0.0489999999999782,NA
"rare",300,40,"ordPens ordPCA",0.149943155677952,0.108881284342306,0.0043708937982078,2.63032604042635,0.005,0.918221539477175,0.00999999999976353,NA
"rare",300,41,"ordpp linear",0.0911482781713186,0.138311083633602,0.00690500714512274,2.78403072790119,0.005,0.907254214709477,0.916999999999916,0
"rare",300,41,"ordpp common",0.108736954819181,0.161503602453163,0.00981044357729401,2.74860341767872,0.005,0.896683540372264,2.03400000000011,0
"rare",300,41,"ordpp item",0.122597039226988,0.166130605206363,0.0105487292770769,2.75831848568618,0.005,0.891645357827965,40.5400000000004,0
"rare",300,41,"PCA, equal scores",0.0879873156672625,0.140900575018674,0.00721169880601029,2.79901736166421,0.005,0.911597566620928,0.00299999999970169,NA
"rare",300,41,"Polychoric PCA",0.0875140907299077,0.141981380413988,0.00728611213466598,2.8069389781124,0.005,0.912947117989959,0.240999999999985,NA
"rare",300,41,"Gifi princals",0.0582596372250765,0.10291895329917,0.00478849179879947,2.60334402233671,0.005,0.89088038745771,0.0770000000002256,NA
"rare",300,41,"ordPens ordPCA",0.0839178854798142,0.136568535711554,0.00687192484855846,2.80595991307865,0.005,0.908217954735257,0.0149999999998727,NA
"rare",300,43,"ordpp linear",0.114216194297641,0.132803202415292,0.00681208384195978,2.70615977835335,0.005,0.916712926151459,0.559000000000196,0
"rare",300,43,"ordpp common",0.136265887911301,0.169162225045126,0.0116389742551564,2.6699316136408,0.005,0.897881550482359,1.98699999999985,0
"rare",300,43,"ordpp item",0.155032433280713,0.177923996531148,0.0124402156693251,2.70218161997293,0.005,0.893944161205929,41.8260000000002,0
"rare",300,43,"PCA, equal scores",0.111912801085777,0.135080547475701,0.00670739462806722,2.76742018146131,0.005,0.91720398693425,0.00300000000015643,NA
"rare",300,43,"Polychoric PCA",0.111090912395166,0.134212787118406,0.00656697347676368,2.77123939071695,0.005,0.916252108754133,0.260999999999967,NA
"rare",300,43,"Gifi princals",0.117488354029472,0.132724318027202,0.00670695236973303,2.70983194392911,0.005,0.906912132899393,0.0530000000003383,NA
"rare",300,43,"ordPens ordPCA",0.117505286063549,0.139410480499531,0.00696544633634948,2.78552936767591,0.005,0.916407463554518,0.00999999999976353,NA
"rare",300,45,"ordpp linear",0.141794083770933,0.0973697040468879,0.00673470072738805,2.5226298815369,0.005,0.907056746408206,0.522000000000162,0
"rare",300,45,"ordpp common",0.163700774114915,0.119139975775821,0.0105122586765861,2.44590004843823,0.005,0.889438039600721,2.0139999999999,0
"rare",300,45,"ordpp item",0.179152893235679,0.110772631816824,0.010232420255202,2.37369535686008,0.005,0.870752840526312,34.0999999999999,0
"rare",300,45,"PCA, equal scores",0.137905507731872,0.0973017263060469,0.00656827522600377,2.54033932570047,0.005,0.906136175982881,0.00300000000015643,NA
"rare",300,45,"Polychoric PCA",0.137912548263507,0.0964489054955924,0.00630764303297437,2.55012331367006,0.005,0.906494240808546,0.283000000000129,NA
"rare",300,45,"Gifi princals",0.145772365333509,0.10220350476493,0.00821712829703002,2.54401133240243,0.005,0.899525522772915,0.0470000000000255,NA
"rare",300,45,"ordPens ordPCA",0.140921682658646,0.0990440003457826,0.00774807413029729,2.51625311501548,0.005,0.897716914917237,0.0130000000001473,NA
"rare",300,46,"ordpp linear",0.142002820672096,0.113686261635023,0.0084002333297133,2.51854647916037,0.005,0.877047287172193,0.789000000000215,0
"rare",300,46,"ordpp common",0.181002657551983,0.141740584856791,0.0127681018219709,2.4853132831403,0.005,0.862132660863017,2.11599999999999,0
"rare",300,46,"ordpp item",0.195886695782554,0.126255549730904,0.0111006905384336,2.34933922551071,0.005,0.851032183482414,44.152,0
"rare",300,46,"PCA, equal scores",0.135529575427963,0.126591727074812,0.00950649812447923,2.6151061637213,0.005,0.891059968923366,0.00300000000015643,NA
"rare",300,46,"Polychoric PCA",0.133894479887096,0.126870211064133,0.00954815764059518,2.61231472026067,0.005,0.891428415001415,0.246999999999844,NA
"rare",300,46,"Gifi princals",0.110247821192876,0.0961053570617992,0.004500272694846,2.45716251770848,0.005,0.895251542325098,0.056999999999789,NA
"rare",300,46,"ordPens ordPCA",0.136611973531416,0.125875386645318,0.00862060464227733,2.60750902257969,0.005,0.893291892433283,0.01299999999992,NA
"rare",300,48,"ordpp linear",0.142257009933372,0.121458428816712,0.00669370050740295,2.64850409507933,0.005,0.907995592262744,0.418999999999869,0
"rare",300,48,"ordpp common",0.179705299247221,0.158870192761874,0.012448111588554,2.55763333077478,0.005,0.876560573707736,2.30600000000004,0
"rare",300,48,"ordpp item",0.194522471409012,0.152031475128226,0.0116028241169793,2.54449661035974,0.005,0.873850960898849,43.761,0
"rare",300,48,"PCA, equal scores",0.13575751420214,0.121885422354962,0.00597743708852412,2.74292991227815,0.005,0.908714456722062,0.00199999999995271,NA
"rare",300,48,"Polychoric PCA",0.13431230793844,0.121859960913748,0.00588001442620076,2.75147354239646,0.005,0.909109242914681,0.25,NA
"rare",300,48,"Gifi princals",0.143370230054295,0.117779648882278,0.00558611314474001,2.70167704843297,0.005,0.913769994589753,0.05600000000004,NA
"rare",300,48,"ordPens ordPCA",0.13754441141322,0.12244192879086,0.00588088202534832,2.75708709998098,0.005,0.908607641929043,0.00999999999976353,NA
"rare",300,49,"ordpp linear",0.137270955698649,0.112754524801664,0.00454017311467764,2.68184602546266,0.005,0.91168850253838,0.356999999999971,0
"rare",300,49,"ordpp common",0.175573560692848,0.141996544409124,0.00923256180334927,2.59912845547583,0.005,0.900254807872666,1.98100000000022,0
"rare",300,49,"ordpp item",0.19455582570317,0.143473439256382,0.00959891028237598,2.62503089314189,0.005,0.881935705079951,30.8090000000002,0
"rare",300,49,"PCA, equal scores",0.129980373872153,0.122880810181746,0.00512638343911228,2.78029924995735,0.005,0.91679361742761,0.00199999999995271,NA
"rare",300,49,"Polychoric PCA",0.129699087554667,0.123142203624745,0.00519740033317368,2.77933267892107,0.005,0.917763796825619,0.347999999999956,NA
"rare",300,49,"Gifi princals",0.150940395660585,0.121810966889844,0.00573578420968535,2.70060153473023,0.005,0.904105809249223,0.0529999999998836,NA
"rare",300,49,"ordPens ordPCA",0.136128007286792,0.126016721481733,0.00552194706833905,2.78388463364672,0.005,0.915229343125047,0.0109999999999673,NA
"rare",300,50,"ordpp linear",0.108828319801368,0.141511620491418,0.00838550050911196,2.78974333824816,0.005,0.909794549324649,0.577999999999975,0
"rare",300,50,"ordpp common",0.131634086800341,0.151159480008988,0.00973610019812068,2.63736405335204,0.005,0.896195974979128,2.78499999999985,0
"rare",300,50,"ordpp item",0.13917876508271,0.146342318562693,0.00972851265582681,2.5866519100295,0.005,0.890072716348066,35.4569999999999,0
"rare",300,50,"PCA, equal scores",0.103222514577484,0.137964606832092,0.00758258002134212,2.78932705121429,0.005,0.908692501418599,0.00300000000015643,NA
"rare",300,50,"Polychoric PCA",0.102477740598996,0.137016670390582,0.00750277462897195,2.78040136331425,0.005,0.90869590453396,0.259999999999764,NA
"rare",300,50,"Gifi princals",0.101731590115527,0.131254514808133,0.00686464487642073,2.71718198441092,0.005,0.904690759158076,0.0749999999998181,NA
"rare",300,50,"ordPens ordPCA",0.10651529873406,0.141561762182133,0.00767361225104804,2.78342074596482,0.005,0.908551694594537,0.00900000000001455,NA
"rare",800,1,"ordpp linear",0.114880335784774,0.113651133858997,0.00524365843077536,2.66998740643162,0.005,0.9070930268955,0.749000000000024,0
"rare",800,1,"ordpp common",0.138326061301803,0.138816746558529,0.00883423512907209,2.6006836662173,0.005,0.890846300994595,3.00399999999991,0
"rare",800,1,"ordpp item",0.143063920013836,0.135596714433583,0.00892260260643009,2.56822818297836,0.005,0.88518548165744,50.9679999999998,0
"rare",800,1,"PCA, equal scores",0.113143210165925,0.113371436857076,0.00516318635497054,2.67709417590515,0.005,0.908047518588972,0.0119999999997162,NA
"rare",800,1,"Polychoric PCA",0.112341348541541,0.112523662702215,0.00511660662450932,2.67088787995521,0.005,0.907993797794889,0.260000000000218,NA
"rare",800,1,"Gifi princals",0.10147909589608,0.096281065909646,0.0042960974120272,2.61589596514167,0.005,0.905258791665182,0.114999999999782,NA
"rare",800,1,"ordPens ordPCA",0.109866696084176,0.108240134089472,0.0052061606516557,2.66908606132006,0.005,0.906004937363397,0.0239999999998872,NA
"rare",800,2,"ordpp linear",0.10395900915871,0.119519813859576,0.00591146462219359,2.66856837912646,0.005,0.902088177117504,0.98299999999972,0
"rare",800,2,"ordpp common",0.132386298415693,0.150341275687896,0.0106146119260647,2.59312947451269,0.005,0.881795894467265,3.44399999999996,0
"rare",800,2,"ordpp item",0.136649310427399,0.150540632009638,0.0108688773097266,2.56144183631425,0.005,0.876810780725752,46.1200000000003,0
"rare",800,2,"PCA, equal scores",0.101874534469556,0.121401701320281,0.00580836913498451,2.70195483162707,0.005,0.90814633753461,0.00399999999990541,NA
"rare",800,2,"Polychoric PCA",0.101347578810408,0.121321124240364,0.00579128246263995,2.7028235150396,0.005,0.908183892845762,0.271999999999935,NA
"rare",800,2,"Gifi princals",0.084947565538559,0.099167173746964,0.00270497504791049,2.68875188840044,0.005,0.913655238270331,0.08199999999988,NA
"rare",800,2,"ordPens ordPCA",0.0956777494196564,0.113884151649528,0.0042874974713081,2.71304591329811,0.005,0.912297623619724,0.0169999999998254,NA
"rare",800,3,"ordpp linear",0.138479759399323,0.124604672505212,0.00573928844667898,2.70789829144273,0.005,0.908778385517319,0.641000000000076,0
"rare",800,3,"ordpp common",0.176252296633558,0.164946270353698,0.0114136653627046,2.67756887535699,0.005,0.885002632656749,2.93299999999999,0
"rare",800,3,"ordpp item",0.181687356542616,0.164408627002234,0.0117292005899281,2.64638912219169,0.005,0.87850362045402,74.5139999999997,0
"rare",800,3,"PCA, equal scores",0.13789832240932,0.124625002631556,0.00577428949982033,2.71051958674945,0.005,0.908165371590016,0.00399999999990541,NA
"rare",800,3,"Polychoric PCA",0.13779935825015,0.125175839953595,0.00581948765158232,2.71311557711413,0.005,0.908489722110686,0.379999999999654,NA
"rare",800,3,"Gifi princals",0.141071000125691,0.121131950281368,0.00544025813370887,2.68416203532573,0.005,0.903950590541714,0.124000000000251,NA
"rare",800,3,"ordPens ordPCA",0.139678500257239,0.127899472944099,0.00599131413852982,2.71924980788474,0.005,0.906366213355351,0.0340000000001055,NA
"rare",800,4,"ordpp linear",0.1397623404552,0.122390205819993,0.00526906967864205,2.69476535090412,0.005,0.89965763131713,0.866999999999734,0
"rare",800,4,"ordpp common",0.168789794482886,0.152789550237663,0.010383415848668,2.62405878225394,0.005,0.874358369534637,3.16200000000026,0
"rare",800,4,"ordpp item",0.172529117773298,0.153332511707195,0.0106905964246375,2.59467012935753,0.005,0.869101934056073,51.3560000000002,0
"rare",800,4,"PCA, equal scores",0.137565898172807,0.122076994653322,0.00521876420669601,2.70718457745075,0.005,0.898894390593535,0.00399999999990541,NA
"rare",800,4,"Polychoric PCA",0.13680693301375,0.121861574457033,0.00520084852556793,2.70768304288857,0.005,0.898474142149544,0.259000000000015,NA
"rare",800,4,"Gifi princals",0.14310256631366,0.123047401396723,0.00541754617732298,2.68863967106148,0.005,0.894840842848507,0.0540000000000873,NA
"rare",800,4,"ordPens ordPCA",0.14198113977148,0.125151377115889,0.00551870302522462,2.70839194795758,0.005,0.896931925499728,0.0190000000002328,NA
"rare",800,5,"ordpp linear",0.12130448134016,0.130798294493574,0.00643357695183391,2.72615111574662,0.005,0.91072304820574,0.869999999999891,0
"rare",800,5,"ordpp common",0.145446180697162,0.163325905140311,0.0111407807736344,2.67737162852903,0.005,0.892199029215358,3.75099999999975,0
"rare",800,5,"ordpp item",0.14945070138369,0.163511495522035,0.0114330925045366,2.65575480612385,0.005,0.885983659650931,45.3150000000001,0
"rare",800,5,"PCA, equal scores",0.119390862884636,0.131681085704024,0.0063067637308387,2.75773494614116,0.005,0.910645513486666,0.00399999999990541,NA
"rare",800,5,"Polychoric PCA",0.119022487454816,0.132005876371086,0.00629917298849317,2.76244160982334,0.005,0.91109651986177,0.302000000000135,NA
"rare",800,5,"Gifi princals",0.10621811166335,0.11308739388795,0.00482942612435609,2.70790711826282,0.005,0.903645738804224,0.0650000000000546,NA
"rare",800,5,"ordPens ordPCA",0.112989145754372,0.123348997477529,0.00559998988984206,2.74619436796892,0.005,0.907892582930537,0.0440000000003238,NA
"rare",800,6,"ordpp linear",0.109635331363699,0.120182849771028,0.00654710916477775,2.69336742580471,0.005,0.90967444284511,1.05999999999995,0
"rare",800,6,"ordpp common",0.140220527844637,0.153131340836347,0.011272006164189,2.61040695783158,0.005,0.896191627741762,4.49800000000005,0
"rare",800,6,"ordpp item",0.145652658102741,0.153805556411142,0.0116013294184441,2.59980392071531,0.005,0.888740146979261,70.4549999999999,0
"rare",800,6,"PCA, equal scores",0.107829171354258,0.122807926469826,0.00685930699518163,2.70039795887236,0.005,0.908040537033705,0.00500000000010914,NA
"rare",800,6,"Polychoric PCA",0.107656086027301,0.123159849756603,0.00686261508322482,2.70514709663267,0.005,0.908019640266679,0.230999999999767,NA
"rare",800,6,"Gifi princals",0.105920143016924,0.118713718763104,0.00567282600110896,2.73676083237907,0.005,0.910342447763528,0.0620000000003529,NA
"rare",800,6,"ordPens ordPCA",0.109026031758506,0.122834315433002,0.00666793706488016,2.70016815420454,0.005,0.909248574949668,0.0229999999996835,NA
"rare",800,7,"ordpp linear",0.115090435892892,0.118605457074923,0.00629992948023847,2.65012448531135,0.005,0.902054843777846,1.11599999999999,0
"rare",800,7,"ordpp common",0.147212738092188,0.146657243255432,0.0100783002368256,2.59375964192843,0.005,0.878597530055266,4.05799999999999,0
"rare",800,7,"ordpp item",0.151011940478379,0.14651929777299,0.0104621983003311,2.56099441880859,0.005,0.872670221343655,58.4870000000001,0
"rare",800,7,"PCA, equal scores",0.113756864418421,0.118432113595775,0.00630509575468474,2.64231414491408,0.005,0.899632314574042,0.00400000000036016,NA
"rare",800,7,"Polychoric PCA",0.113482778599223,0.117670099085579,0.0062466504092209,2.63840188465274,0.005,0.898849933820786,0.252999999999702,NA
"rare",800,7,"Gifi princals",0.106301909598175,0.110121459034905,0.00484490659408167,2.6410232144583,0.005,0.898538055839904,0.0620000000003529,NA
"rare",800,7,"ordPens ordPCA",0.111985880606802,0.117007280852963,0.00565833711953087,2.64731467926618,0.005,0.900202295493055,0.0199999999999818,NA
"rare",800,8,"ordpp linear",0.123915350771611,0.107274742511172,0.00461011237782666,2.59000341175283,0.005,0.907776397931261,0.868999999999687,0
"rare",800,8,"ordpp common",0.150226444211459,0.132533727704429,0.00861225521800327,2.52764804770253,0.005,0.894360089476628,3.18600000000015,0
"rare",800,8,"ordpp item",0.154658844580484,0.130760113371058,0.00884081408218607,2.48924183448421,0.005,0.891250291006669,73.2170000000001,0
"rare",800,8,"PCA, equal scores",0.12205446049797,0.107635506632993,0.00458228750489838,2.60002878069369,0.005,0.908477471538123,0.00399999999990541,NA
"rare",800,8,"Polychoric PCA",0.121083248073695,0.106642403122564,0.00452100361829249,2.5930635698756,0.005,0.908015982818675,0.375,NA
"rare",800,8,"Gifi princals",0.125201935676856,0.104098911103981,0.00431857683551796,2.56676474193308,0.005,0.905737767089864,0.0590000000001965,NA
"rare",800,8,"ordPens ordPCA",0.125004546730748,0.110185960748047,0.00475545699777044,2.60559323559081,0.005,0.908530409074212,0.0320000000001528,NA
"rare",800,9,"ordpp linear",0.125955690653822,0.127672711837332,0.00668195179532768,2.64941348112346,0.005,0.904524696929298,0.639000000000124,0
"rare",800,9,"ordpp common",0.159820739080258,0.152590615408893,0.0108560166051419,2.58817776879834,0.005,0.882021747377081,4.42599999999993,0
"rare",800,9,"ordpp item",0.164197186528723,0.14964330757058,0.0104147696569773,2.589547771447,0.005,0.875923869174944,56.8699999999999,0
"rare",800,9,"PCA, equal scores",0.124896865219041,0.129153424004964,0.00666763133015937,2.66779078371495,0.005,0.905677192929241,0.00500000000010914,NA
"rare",800,9,"Polychoric PCA",0.124766154249498,0.129036391931322,0.00666886217986714,2.66681270302569,0.005,0.905422188696897,0.245000000000346,NA
"rare",800,9,"Gifi princals",0.124789480507055,0.125527858394034,0.00604926893034726,2.66380897579162,0.005,0.90600067014788,0.0640000000003056,NA
"rare",800,9,"ordPens ordPCA",0.127079232230369,0.131124846113677,0.00669024514945601,2.67896804809555,0.005,0.906302477167616,0.0149999999998727,NA
"rare",800,10,"ordpp linear",0.119385535172743,0.111633823967228,0.00452884378910724,2.65612697825703,0.005,0.903321773260104,1.50399999999991,0
"rare",800,10,"ordpp common",0.151130366515416,0.138508648752022,0.00909772696819047,2.55552366179768,0.005,0.87501861193534,3.93499999999995,0
"rare",800,10,"ordpp item",0.155424181087734,0.138136474873141,0.0093853947793261,2.53590227186531,0.005,0.87066514569052,50.2080000000001,0
"rare",800,10,"PCA, equal scores",0.11703104361118,0.110906981368312,0.00443474904388838,2.66671397164794,0.005,0.903503709883319,0.00399999999990541,NA
"rare",800,10,"Polychoric PCA",0.116599360487563,0.11087486143899,0.0044286844742285,2.66721332041713,0.005,0.903388388392141,0.733000000000175,NA
"rare",800,10,"Gifi princals",0.115567428599671,0.100506188995129,0.00376277832499159,2.58920033538044,0.005,0.898681708081125,0.0709999999999127,NA
"rare",800,10,"ordPens ordPCA",0.115306417422231,0.108613479803178,0.00423914077512066,2.6650348921739,0.005,0.903282773578742,0.0229999999996835,NA
"rare",800,11,"ordpp linear",0.0928269095863486,0.126556530165101,0.00588298929192302,2.70742285344789,0.005,0.908363130060298,0.934000000000196,0
"rare",800,11,"ordpp common",0.119909257989869,0.155444806570754,0.0106916591321211,2.63614549664267,0.005,0.889837732973845,3.03499999999985,0
"rare",800,11,"ordpp item",0.125939377728621,0.148074776028426,0.00992137779295536,2.5882620100896,0.005,0.890469121475997,54.248,0
"rare",800,11,"PCA, equal scores",0.0925028076898286,0.126232500609112,0.00587623982799385,2.70858337711028,0.005,0.90810949097931,0.00299999999970169,NA
"rare",800,11,"Polychoric PCA",0.0923901744112538,0.126057116732718,0.00587781768482858,2.70686207665023,0.005,0.907589948466222,0.255000000000109,NA
"rare",800,11,"Gifi princals",0.0838494547197499,0.106576850919094,0.00403213473238991,2.63627409242203,0.005,0.902152407268986,0.0830000000000837,NA
"rare",800,11,"ordPens ordPCA",0.0868286649438504,0.119778851259033,0.00506072665269944,2.70648029293663,0.005,0.909482852120051,0.0169999999998254,NA
"rare",800,12,"ordpp linear",0.133088830889134,0.121197814807254,0.00569537536106247,2.72698673634993,0.005,0.904990706261856,0.962999999999738,0
"rare",800,12,"ordpp common",0.160675076327929,0.148743758117967,0.00963417945830292,2.66088266650558,0.005,0.884793398320239,3.86700000000019,0
"rare",800,12,"ordpp item",0.168587263438914,0.144525290771847,0.01023316282058,2.61873328408452,0.005,0.87742857780864,45.6869999999999,0
"rare",800,12,"PCA, equal scores",0.13011113679407,0.122053126074256,0.00563934106904696,2.74125878573278,0.005,0.907307768583798,0.00399999999990541,NA
"rare",800,12,"Polychoric PCA",0.129003091633865,0.121959545586974,0.00562880578112225,2.74059612227091,0.005,0.907275806369229,0.260000000000218,NA
"rare",800,12,"Gifi princals",0.131333635864526,0.121682457722138,0.0056320188026059,2.76156903018034,0.005,0.905793347899657,0.06899999999996,NA
"rare",800,12,"ordPens ordPCA",0.13044959087335,0.121563320118106,0.00561552465353309,2.74878177569318,0.005,0.907303421261676,0.0160000000000764,NA
"rare",800,13,"ordpp linear",0.14316199922374,0.112147489562986,0.00418822705131855,2.68523163726771,0.005,0.899495930793098,1.20400000000018,0
"rare",800,13,"ordpp common",0.18066458525704,0.143138143661239,0.00980991621114255,2.546290293475,0.005,0.873883242003859,3.4050000000002,0
"rare",800,13,"ordpp item",0.18542895944022,0.139033083431586,0.0097614043356514,2.50691825674813,0.005,0.870731630341994,47.1990000000001,0
"rare",800,13,"PCA, equal scores",0.137733944306369,0.105708923941465,0.00383733486991484,2.64406304911812,0.005,0.901363840487093,0.00399999999990541,NA
"rare",800,13,"Polychoric PCA",0.136181237647769,0.104279245078498,0.00376772420841047,2.63226117828611,0.005,0.901409365958917,0.288000000000011,NA
"rare",800,13,"Gifi princals",0.141189687790119,0.103408655451874,0.00347958336605723,2.63135139075237,0.005,0.901787185007928,0.0609999999996944,NA
"rare",800,13,"ordPens ordPCA",0.142582937084179,0.10664962996202,0.00375160676137569,2.64220600397094,0.005,0.901689901148037,0.0189999999997781,NA
"rare",800,14,"ordpp linear",0.115004310332174,0.116338334977183,0.00545180732188657,2.60649268731417,0.005,0.893440658628255,0.697999999999865,0
"rare",800,14,"ordpp common",0.138290115913277,0.140605921272864,0.00976796903594326,2.52871609688568,0.005,0.871930465296845,3.19299999999976,0
"rare",800,14,"ordpp item",0.141835702707596,0.139710174922887,0.0101202030394253,2.49978930117685,0.005,0.867622554118996,43.0320000000002,0
"rare",800,14,"PCA, equal scores",0.112263840733475,0.11151393233486,0.00494767292221577,2.59270056601366,0.005,0.89059359838438,0.00399999999990541,NA
"rare",800,14,"Polychoric PCA",0.112119276971541,0.110943399841045,0.00491918175483367,2.58962431178244,0.005,0.890498424025939,0.313999999999851,NA
"rare",800,14,"Gifi princals",0.107677281002417,0.105625642758318,0.00427475751370223,2.5816951235843,0.005,0.88748746143319,0.0880000000001928,NA
"rare",800,14,"ordPens ordPCA",0.110768168262565,0.110171956086239,0.00468557178461871,2.59328656201577,0.005,0.890149597382444,0.0329999999999018,NA
"rare",800,15,"ordpp linear",0.125086389164068,0.0789160283738853,0.00323715519253008,2.40536336030388,0.005,0.887519017638942,0.733000000000175,0
"rare",800,15,"ordpp common",0.145047124336028,0.0999419382648497,0.00607068496413763,2.36895605243902,0.005,0.87751674967938,2.82600000000002,0
"rare",800,15,"ordpp item",0.153362296366595,0.0975911360202975,0.00599018096840679,2.34691935947836,0.005,0.871939081934882,42.9569999999999,0
"rare",800,15,"PCA, equal scores",0.121716919913237,0.0849383849239819,0.00339442518721155,2.48072881770973,0.005,0.895044251762905,0.00399999999990541,NA
"rare",800,15,"Polychoric PCA",0.120817962901763,0.0850498206049004,0.00338153956983153,2.48468314675819,0.005,0.895442008004525,0.237999999999829,NA
"rare",800,15,"Gifi princals",0.112179329531638,0.0710859430317828,0.0026079114511071,2.48482657608519,0.005,0.889576970793953,0.166000000000167,NA
"rare",800,15,"ordPens ordPCA",0.115962429877262,0.0774117524157268,0.00322725300512182,2.48500338580042,0.005,0.893416200850824,0.0259999999998399,NA
"rare",800,16,"ordpp linear",0.131271698085635,0.12855560489411,0.00643536536419981,2.72173890339908,0.005,0.910280752208206,0.733000000000175,0
"rare",800,16,"ordpp common",0.164361749369991,0.159143201705813,0.0108032746232849,2.6689643672532,0.005,0.892108593357012,4.56100000000015,0
"rare",800,16,"ordpp item",0.172357045232703,0.152088412541986,0.0105287214451562,2.61150040728146,0.005,0.890510164452088,57.203,0
"rare",800,16,"PCA, equal scores",0.128820800658236,0.126701362915227,0.006445375330205,2.69487198744962,0.005,0.90928468643198,0.00399999999990541,NA
"rare",800,16,"Polychoric PCA",0.128726522221227,0.126257352558079,0.00638487890229583,2.69486615990576,0.005,0.909523798107719,0.271999999999935,NA
"rare",800,16,"Gifi princals",0.12894405534343,0.107660277141088,0.00514988806410365,2.61554479263764,0.005,0.903323953534272,0.0830000000000837,NA
"rare",800,16,"ordPens ordPCA",0.126985901301226,0.118610382180938,0.00605932776136003,2.66726727724551,0.005,0.906665944650914,0.0249999999996362,NA
"rare",800,17,"ordpp linear",0.131254318160436,0.118445929562087,0.00672668909525633,2.64353262283961,0.005,0.910417049532057,0.742999999999938,0
"rare",800,17,"ordpp common",0.159670966332325,0.145789017264575,0.0109305382692654,2.59233046027924,0.005,0.887537794098274,2.62100000000009,0
"rare",800,17,"ordpp item",0.162622982773049,0.145493568364213,0.0107916535453276,2.57023670052015,0.005,0.883286521180851,64.9110000000001,0
"rare",800,17,"PCA, equal scores",0.128034980758344,0.117503733458942,0.00655975975630029,2.65568030767776,0.005,0.909049124156879,0.00300000000015643,NA
"rare",800,17,"Polychoric PCA",0.127179355386697,0.116720586385218,0.00651041997802831,2.65113740669285,0.005,0.908697037917429,0.244000000000142,NA
"rare",800,17,"Gifi princals",0.131856050670946,0.116683918733903,0.00599881087206533,2.62431630067648,0.005,0.906101643546821,0.0909999999998945,NA
"rare",800,17,"ordPens ordPCA",0.130790185591508,0.117217916351801,0.00599596307858531,2.65236621128531,0.005,0.908154138071075,0.0199999999999818,NA
"rare",800,18,"ordpp linear",0.130752046167864,0.11172163621535,0.00491516518364355,2.60307732757747,0.005,0.894015388608604,0.632000000000062,0
"rare",800,18,"ordpp common",0.165296774949196,0.13795752309622,0.00916559654361409,2.54388921427788,0.005,0.873593946391871,4.24900000000025,0
"rare",800,18,"ordpp item",0.170203536803312,0.13486983345676,0.00918182451253487,2.50324543017425,0.005,0.8734119667724,66.7710000000002,0
"rare",800,18,"PCA, equal scores",0.127922754645509,0.111875465375152,0.00478082376358999,2.63073203919505,0.005,0.890376681717367,0.0100000000002183,NA
"rare",800,18,"Polychoric PCA",0.127552232483864,0.111637370485133,0.00474527635225121,2.63297331387976,0.005,0.890400767943369,0.409999999999854,NA
"rare",800,18,"Gifi princals",0.136178667301966,0.11175506281497,0.0049368737383817,2.61097335802562,0.005,0.885361362555251,0.0760000000000218,NA
"rare",800,18,"ordPens ordPCA",0.136056818667162,0.115519686965225,0.00512568120972334,2.63553516321888,0.005,0.889402920753819,0.0289999999999964,NA
"rare",800,19,"ordpp linear",0.0956008568935276,0.122672582698575,0.00537380858521605,2.72231046589172,0.005,0.914270353543034,0.481000000000222,0
"rare",800,19,"ordpp common",0.1176884072992,0.152988630710118,0.0101790291408469,2.63551754331314,0.005,0.899502208879924,2.50599999999986,0
"rare",800,19,"ordpp item",0.123821636527596,0.149529296510205,0.0103708860092992,2.57905097942665,0.005,0.893073618617584,43.252,0
"rare",800,19,"PCA, equal scores",0.0942383965806764,0.122877889173917,0.00560361299183196,2.70379089319103,0.005,0.915443104128929,0.00399999999990541,NA
"rare",800,19,"Polychoric PCA",0.0943246470312871,0.12275386117625,0.0055819025221588,2.70512395834791,0.005,0.915147312712137,0.234999999999673,NA
"rare",800,19,"Gifi princals",0.0778506051053366,0.0923811749760975,0.00314616296549458,2.61687132023349,0.005,0.907914766651233,0.124000000000251,NA
"rare",800,19,"ordPens ordPCA",0.0868225757934803,0.111682198588751,0.00441741836825336,2.70613267085138,0.005,0.915740448981743,0.0160000000000764,NA
"rare",800,20,"ordpp linear",0.113822442923954,0.141410664546462,0.00707376468479802,2.79450115502121,0.005,0.911767036951248,0.8449999999998,0
"rare",800,20,"ordpp common",0.136041124645158,0.177879629665087,0.0118393743558338,2.79141242333517,0.005,0.893158418749404,2.89800000000014,0
"rare",800,20,"ordpp item",0.139950085598024,0.17460359330437,0.0118447536329286,2.74920272648935,0.005,0.890712688490531,44.9479999999999,0
"rare",800,20,"PCA, equal scores",0.113350330564515,0.142437475307014,0.00714597309718534,2.79919322503317,0.005,0.912619712655223,0.00399999999990541,NA
"rare",800,20,"Polychoric PCA",0.112958859130801,0.141872077896806,0.0071291695168101,2.79248845165861,0.005,0.912713730320633,0.271000000000186,NA
"rare",800,20,"Gifi princals",0.0943871644098865,0.115653452225751,0.00465021671622131,2.69890859583736,0.005,0.913933809542258,0.0639999999998508,NA
"rare",800,20,"ordPens ordPCA",0.104945062457557,0.134079656274027,0.00617454945944107,2.79236191687792,0.005,0.915926020878215,0.0279999999997926,NA
"rare",800,21,"ordpp linear",0.111489524226937,0.109766767470043,0.00493240580014132,2.57285682565259,0.005,0.901815854441705,0.980000000000018,0
"rare",800,21,"ordpp common",0.132134570643823,0.134645641720472,0.009121569503349,2.52264630572614,0.005,0.890600145988989,3.07099999999991,0
"rare",800,21,"ordpp item",0.140226279726784,0.126146221006331,0.00821564539510225,2.46965500274529,0.005,0.884589446687995,55.6869999999999,0
"rare",800,21,"PCA, equal scores",0.109604312261765,0.108718261615353,0.00478810994317011,2.58147696119939,0.005,0.905288840665094,0.00599999999985812,NA
"rare",800,21,"Polychoric PCA",0.108900980303471,0.108284375096547,0.0047742563962715,2.57762218114452,0.005,0.905167668708303,0.253000000000156,NA
"rare",800,21,"Gifi princals",0.112613497694198,0.106100580625795,0.00475034103864968,2.54269864116765,0.005,0.89949433699099,0.0700000000001637,NA
"rare",800,21,"ordPens ordPCA",0.112882018491215,0.108518063924982,0.00471335568173981,2.57641936551036,0.005,0.903173080889343,0.0260000000002947,NA
"rare",800,22,"ordpp linear",0.127141462153796,0.106489662737767,0.00447423286383136,2.6334781040783,0.005,0.909283727043262,0.856999999999971,0
"rare",800,22,"ordpp common",0.158983225390709,0.140653096936442,0.00935917905429245,2.57049273759977,0.005,0.891246597853305,4.72900000000027,0
"rare",800,22,"ordpp item",0.170153456014295,0.137572923506876,0.00920363426739808,2.52938699755559,0.005,0.882711507126889,38.6809999999996,0
"rare",800,22,"PCA, equal scores",0.125953146879288,0.108232366540281,0.00454866748710012,2.64883816230218,0.005,0.909372311605613,0.00399999999990541,NA
"rare",800,22,"Polychoric PCA",0.125532981184705,0.10798465272234,0.00449720872772011,2.65410992413511,0.005,0.909267544856935,0.225000000000364,NA
"rare",800,22,"Gifi princals",0.139086810748209,0.110903491652256,0.00499919238928055,2.61063703827811,0.005,0.903319653753197,0.0579999999999927,NA
"rare",800,22,"ordPens ordPCA",0.134273050660991,0.113284872193088,0.00497042120273539,2.65572776220164,0.005,0.909138772381016,0.0260000000002947,NA
"rare",800,23,"ordpp linear",0.11231201911034,0.111480655034391,0.00517428250897955,2.59328090551122,0.005,0.907300490080811,1.48100000000022,0
"rare",800,23,"ordpp common",0.140551165173402,0.14249649726677,0.00995337436589048,2.52854508502361,0.005,0.889606826085097,4.26300000000037,0
"rare",800,23,"ordpp item",0.145337455984834,0.14149558967695,0.0101869988382302,2.49051179010918,0.005,0.88334630224857,49.0710000000004,0
"rare",800,23,"PCA, equal scores",0.108850503726301,0.110583929823483,0.00520791792022147,2.58811189677178,0.005,0.904813122160955,0.00399999999990541,NA
"rare",800,23,"Polychoric PCA",0.107730255130089,0.110024205660708,0.00519451017207984,2.58201775946207,0.005,0.904265604002078,0.208000000000084,NA
"rare",800,23,"Gifi princals",0.106963097074502,0.10625030360309,0.00405669140357714,2.61528907603961,0.005,0.910358934087423,0.0659999999998035,NA
"rare",800,23,"ordPens ordPCA",0.110032713082642,0.109747744572709,0.00482102023145067,2.591915681812,0.005,0.908306584903144,0.0209999999997308,NA
"rare",800,24,"ordpp linear",0.136077164520533,0.135016568646099,0.00719999999987681,2.75390926503706,0.005,0.896440238346228,1.11499999999978,0
"rare",800,24,"ordpp common",0.164543376558807,0.168233518106515,0.0119055116519828,2.70515955797037,0.005,0.886385052867637,3.05499999999984,0
"rare",800,24,"ordpp item",0.171813328806165,0.167402180529095,0.0124463212109941,2.69486706977621,0.005,0.882309870406023,77.788,0
"rare",800,24,"PCA, equal scores",0.133575171757078,0.134926023826703,0.00746028703472976,2.73401284820645,0.005,0.898227109659033,0.00500000000010914,NA
"rare",800,24,"Polychoric PCA",0.132539124112901,0.134217977650937,0.0074913330341948,2.72281254423074,0.005,0.897977238898945,0.365999999999985,NA
"rare",800,24,"Gifi princals",0.134430567614866,0.132992104461378,0.00741931040590305,2.7050419750381,0.005,0.894738168985221,0.0789999999997235,NA
"rare",800,24,"ordPens ordPCA",0.137127547687991,0.138528177145916,0.00776295629057505,2.74144111466772,0.005,0.897517179847116,0.0180000000000291,NA
"rare",800,25,"ordpp linear",0.115957483177914,0.145950460018222,0.00755469945504058,2.79294570636693,0.005,0.905267210969297,0.577000000000226,0
"rare",800,25,"ordpp common",0.145186432427283,0.178636147093139,0.0125744065635155,2.72740913154354,0.005,0.880583770779369,2.75900000000001,0
"rare",800,25,"ordpp item",0.148639156860572,0.178165566092794,0.0128368942754816,2.70306976596524,0.005,0.879176996508992,43.2939999999999,0
"rare",800,25,"PCA, equal scores",0.113475243441849,0.146700426898182,0.00744983702138555,2.82683671125496,0.005,0.901800689857311,0.00400000000036016,NA
"rare",800,25,"Polychoric PCA",0.113393009897582,0.146145282706279,0.00740087134307196,2.82696119403351,0.005,0.901586801381923,0.230000000000018,NA
"rare",800,25,"Gifi princals",0.114167269885688,0.138261188161041,0.00625944009269801,2.80018092773532,0.005,0.90163938754328,0.0769999999997708,NA
"rare",800,25,"ordPens ordPCA",0.116901230161555,0.147135059232469,0.00719421511622864,2.83266114947771,0.005,0.902037734857216,0.0199999999999818,NA
"rare",800,26,"ordpp linear",0.127729181882886,0.114245883569634,0.00548277543953882,2.59400946494334,0.005,0.899903404362582,0.844000000000051,0
"rare",800,26,"ordpp common",0.156690994378448,0.140109577862252,0.00956848566501153,2.52963961803755,0.005,0.881196058718738,3.09799999999996,0
"rare",800,26,"ordpp item",0.162907808318976,0.137745663135643,0.00946663959409309,2.50999810128595,0.005,0.87821069114426,45.7359999999999,0
"rare",800,26,"PCA, equal scores",0.126053446838665,0.117189248977627,0.0056458321403247,2.61700807966385,0.005,0.899009895539812,0.00399999999990541,NA
"rare",800,26,"Polychoric PCA",0.125535919878552,0.11792494009776,0.00563055547124854,2.63019436692597,0.005,0.899299938732789,0.277000000000044,NA
"rare",800,26,"Gifi princals",0.127202556890594,0.105849828626689,0.00471637435827491,2.6127427177733,0.005,0.894902918309015,0.0869999999999891,NA
"rare",800,26,"ordPens ordPCA",0.126532493648454,0.113192500277746,0.00531030547554514,2.6236709896988,0.005,0.895331768344682,0.0239999999998872,NA
"rare",800,27,"ordpp linear",0.142727912806961,0.129155121730416,0.00693583525317338,2.72392544338382,0.005,0.912021747210531,1.12100000000009,0
"rare",800,27,"ordpp common",0.176771182823694,0.161295989858945,0.0114998212930262,2.67113623737542,0.005,0.894104948540878,4.52199999999993,0
"rare",800,27,"ordpp item",0.180788427704553,0.164189337082317,0.0118668569712907,2.65380989508782,0.005,0.887905307993393,79.1769999999997,0
"rare",800,27,"PCA, equal scores",0.141608488565695,0.127575142411931,0.00673818850221016,2.72541130023715,0.005,0.911343985719106,0.00599999999985812,NA
"rare",800,27,"Polychoric PCA",0.141376345463966,0.127374851312539,0.00669592729776642,2.72681374421587,0.005,0.910894831765697,0.253999999999905,NA
"rare",800,27,"Gifi princals",0.140807889367036,0.125353239495707,0.0060492120199196,2.70426881696246,0.005,0.913006754974316,0.0749999999998181,NA
"rare",800,27,"ordPens ordPCA",0.144031594597853,0.130786522558054,0.00667031129714124,2.73297822274962,0.005,0.91365004837965,0.0130000000003747,NA
"rare",800,28,"ordpp linear",0.10920465917046,0.115770728628625,0.00537188330212313,2.66800151686528,0.005,0.911612833514995,0.746000000000095,0
"rare",800,28,"ordpp common",0.128335905535533,0.136295207244658,0.00863262211371211,2.57324478924989,0.005,0.894586807042321,2.2489999999998,0
"rare",800,28,"ordpp item",0.134416757986604,0.133781164897595,0.00886023026567885,2.51967822314749,0.005,0.887661783811402,59.1079999999997,0
"rare",800,28,"PCA, equal scores",0.107489962716551,0.11497101284702,0.00524327246931673,2.67086990578423,0.005,0.911039406795333,0.00500000000010914,NA
"rare",800,28,"Polychoric PCA",0.106823585398996,0.11453213348157,0.00523046120859007,2.66645341122655,0.005,0.910427206360388,0.23700000000008,NA
"rare",800,28,"Gifi princals",0.0980721747956532,0.101523090773318,0.00381556425154749,2.66990298019455,0.005,0.91480741674827,0.0710000000003674,NA
"rare",800,28,"ordPens ordPCA",0.103757023739384,0.110187253416065,0.00471290509073983,2.67216235321608,0.005,0.912662590553836,0.0199999999999818,NA
"rare",800,29,"ordpp linear",0.111979309948092,0.125787997283772,0.0061827369819825,2.77561127049939,0.005,0.914680805661588,1.19700000000012,0
"rare",800,29,"ordpp common",0.13769057454756,0.157375973758114,0.0107717498423117,2.66406875864867,0.005,0.890888879028461,3.73199999999997,0
"rare",800,29,"ordpp item",0.142068029308822,0.159526672716615,0.0116916894063217,2.63608479282015,0.005,0.882453321505896,54.3780000000002,0
"rare",800,29,"PCA, equal scores",0.108714581462882,0.128152862475298,0.00618990692385254,2.80825815989503,0.005,0.917341996933222,0.00500000000010914,NA
"rare",800,29,"Polychoric PCA",0.107812676997936,0.127951972908545,0.00613962971456766,2.80846706670936,0.005,0.917064285533905,0.729000000000269,NA
"rare",800,29,"Gifi princals",0.10958566603446,0.116412012013694,0.00519170441108177,2.73324595397305,0.005,0.90911452305914,0.141000000000076,NA
"rare",800,29,"ordPens ordPCA",0.111152990528656,0.128592190394582,0.00614241461286382,2.80014795859489,0.005,0.916407572535787,0.0210000000001855,NA
"rare",800,30,"ordpp linear",0.118703373600537,0.1377769649003,0.00695528577087282,2.75696571056637,0.005,0.922446003578687,1.00500000000011,0
"rare",800,30,"ordpp common",0.155706912214389,0.171916260885903,0.0122964421587052,2.68907086834066,0.005,0.901675766913682,5.49400000000014,0
"rare",800,30,"ordpp item",0.159728658352188,0.170602825073461,0.0123741262529772,2.66530319294012,0.005,0.90059600415247,102.242,0
"rare",800,30,"PCA, equal scores",0.118002488708883,0.134373556976443,0.0067537979399099,2.73493073850173,0.005,0.921556784621468,0.00800000000026557,NA
"rare",800,30,"Polychoric PCA",0.117897488611037,0.135185375462378,0.00683062586390943,2.73904016831163,0.005,0.921546961153563,1.05700000000024,NA
"rare",800,30,"Gifi princals",0.115855097245386,0.124875575185037,0.00602930325736733,2.69772019946525,0.005,0.91694407307129,0.0900000000001455,NA
"rare",800,30,"ordPens ordPCA",0.117997915693454,0.133307715452151,0.00670541405252745,2.73070249058785,0.005,0.920183691703127,0.0199999999999818,NA
"rare",800,31,"ordpp linear",0.127523458208374,0.131435182167805,0.00658246277867812,2.77073842894263,0.005,0.911039197334618,0.961999999999989,0
"rare",800,31,"ordpp common",0.153746682210878,0.163414573271975,0.0113384200748686,2.68466764662668,0.005,0.884874984244604,3.77999999999975,0
"rare",800,31,"ordpp item",0.158251250170494,0.157817177701866,0.010916245000399,2.65521567422981,0.005,0.881870319233871,50.8499999999999,0
"rare",800,31,"PCA, equal scores",0.123892275458752,0.125089997880484,0.00638870397958918,2.70628229820152,0.005,0.909239776705522,0.00399999999990541,NA
"rare",800,31,"Polychoric PCA",0.123490984989004,0.124614670020172,0.00637009289011648,2.70213310056777,0.005,0.909030215351173,0.273999999999887,NA
"rare",800,31,"Gifi princals",0.12123927921075,0.119148768969625,0.00573374240605737,2.69648131346945,0.005,0.909971733945645,0.0720000000001164,NA
"rare",800,31,"ordPens ordPCA",0.12318244012195,0.123103404502505,0.00621836416846505,2.70634585645411,0.005,0.910159966024357,0.0199999999999818,NA
"rare",800,32,"ordpp linear",0.123729930043963,0.115437076662317,0.00537138436335473,2.63872646996085,0.005,0.904247260250016,0.826000000000022,0
"rare",800,32,"ordpp common",0.150319681219471,0.136852730036322,0.00902453512999041,2.54751117033216,0.005,0.883840747328195,3.56899999999996,0
"rare",800,32,"ordpp item",0.154203625332147,0.135584747332113,0.0092235745764719,2.51586313516651,0.005,0.878302707715148,83.069,0
"rare",800,32,"PCA, equal scores",0.121066593671309,0.115500561929584,0.00545610778481931,2.62695019371762,0.005,0.8997745601398,0.00399999999990541,NA
"rare",800,32,"Polychoric PCA",0.120653801132832,0.115089606475056,0.0054502430244722,2.62134627325305,0.005,0.898875483922043,0.280999999999949,NA
"rare",800,32,"Gifi princals",0.117759265015168,0.107551969210317,0.00447423139705826,2.60825033244,0.005,0.895431514311772,0.0760000000000218,NA
"rare",800,32,"ordPens ordPCA",0.122180757452313,0.116287717461086,0.00535551016735876,2.63487805031629,0.005,0.900504084560051,0.0399999999999636,NA
"rare",800,33,"ordpp linear",0.118515752546255,0.0982391008897536,0.00376794536321401,2.60640801299094,0.005,0.924445673848907,1.48100000000022,0
"rare",800,33,"ordpp common",0.14629592511086,0.122556413608448,0.007894622011989,2.48250685293351,0.005,0.907315979550571,4.15700000000015,0
"rare",800,33,"ordpp item",0.151947040409792,0.120447817252015,0.00841164781088716,2.43885829191185,0.005,0.901800444310264,72.1640000000002,0
"rare",800,33,"PCA, equal scores",0.117800677610127,0.0987003228268666,0.0039021787566383,2.59997199587866,0.005,0.922966178816632,0.00399999999990541,NA
"rare",800,33,"Polychoric PCA",0.117835471862093,0.0981198278297598,0.00385010528071063,2.59778164783612,0.005,0.923296722023204,0.306999999999789,NA
"rare",800,33,"Gifi princals",0.116064869984641,0.0915225849033333,0.00342960028274597,2.59943981724395,0.005,0.925057192307009,0.123999999999796,NA
"rare",800,33,"ordPens ordPCA",0.119793967146483,0.0971099448478445,0.00385082249433237,2.60645618956317,0.005,0.923670287555349,0.0189999999997781,NA
"rare",800,34,"ordpp linear",0.104823246493704,0.108387871660802,0.00444681667397368,2.63863592278735,0.005,0.915758084006137,1.52300000000014,0
"rare",800,34,"ordpp common",0.131263932668684,0.136740485345044,0.00934178277218902,2.52182419421323,0.005,0.890869931814055,3.45499999999993,0
"rare",800,34,"ordpp item",0.135197473887878,0.134708275603352,0.00942386407845228,2.49452602025336,0.005,0.888255429005715,74.7439999999997,0
"rare",800,34,"PCA, equal scores",0.104168710309155,0.107283397320806,0.00436931244486542,2.62990638103717,0.005,0.915046061496319,0.0140000000001237,NA
"rare",800,34,"Polychoric PCA",0.104007089481265,0.106697499239693,0.00428794050379473,2.63343507196672,0.005,0.915048284505841,1.28600000000006,NA
"rare",800,34,"Gifi princals",0.101655034311247,0.0915033565563628,0.00314445652484175,2.55299871404644,0.005,0.904804728483864,0.0749999999998181,NA
"rare",800,34,"ordPens ordPCA",0.104186035624777,0.103196600939671,0.00399391849598612,2.62756167380854,0.005,0.914948446071735,0.0529999999998836,NA
"rare",800,35,"ordpp linear",0.12240720860638,0.121579913194173,0.00597881183308287,2.65743711319969,0.005,0.916689861823357,1.26899999999978,0
"rare",800,35,"ordpp common",0.149278151768272,0.148283547234267,0.0102136151968227,2.58074651205806,0.005,0.897922094245143,4.24499999999989,0
"rare",800,35,"ordpp item",0.153945371340952,0.145108499847105,0.0101074652717921,2.55483622227995,0.005,0.89450104560062,73.0030000000002,0
"rare",800,35,"PCA, equal scores",0.121445115875944,0.120648709015453,0.00601369283366667,2.64980314302411,0.005,0.915226789440204,0.00500000000010914,NA
"rare",800,35,"Polychoric PCA",0.120888900262534,0.120520425956981,0.00601170738948815,2.64843045319079,0.005,0.91510934019973,0.342999999999847,NA
"rare",800,35,"Gifi princals",0.126783461391366,0.121214868135815,0.00624284750593446,2.63964999315069,0.005,0.907938163656554,0.108000000000175,NA
"rare",800,35,"ordPens ordPCA",0.125994274065911,0.123425268572473,0.00634997789817622,2.65254298485966,0.005,0.913254917178099,0.0310000000004038,NA
"rare",800,36,"ordpp linear",0.105322825104982,0.126075431732556,0.00603263648720962,2.71059960246742,0.005,0.905531192354948,0.715999999999894,0
"rare",800,36,"ordpp common",0.128385498262746,0.155186383804356,0.0105264258168904,2.64006046773284,0.005,0.889627310447643,7.38400000000001,0
"rare",800,36,"ordpp item",0.134601619792212,0.150963637045527,0.0106864395506221,2.58435661654382,0.005,0.882409699206917,113.362,0
"rare",800,36,"PCA, equal scores",0.103955820571001,0.126761694703463,0.0058557147626493,2.74040455020121,0.005,0.906834986371473,0.0069999999996071,NA
"rare",800,36,"Polychoric PCA",0.103806894654321,0.126556309074746,0.00584673943422983,2.73853412963796,0.005,0.906747776322062,0.529999999999745,NA
"rare",800,36,"Gifi princals",0.0926943429926347,0.099279291347488,0.00284406295360744,2.67821960855845,0.005,0.906448121855661,0.0919999999996435,NA
"rare",800,36,"ordPens ordPCA",0.101412712690407,0.119022470448261,0.00470833293076773,2.73799870465531,0.005,0.909036925676129,0.0540000000000873,NA
"rare",800,37,"ordpp linear",0.13414924717537,0.135059290760155,0.00676270921198371,2.73864594682341,0.005,0.911140321680912,0.960000000000036,0
"rare",800,37,"ordpp common",0.16623676399201,0.166065192106892,0.0115814645746981,2.67325535149179,0.005,0.884854888432186,3.30100000000039,0
"rare",800,37,"ordpp item",0.175168056202018,0.163710294446246,0.0117972189660677,2.63368442891019,0.005,0.876287264805595,51.1030000000001,0
"rare",800,37,"PCA, equal scores",0.132870133555096,0.13611144431943,0.00675080029713091,2.75980710368602,0.005,0.910090256278764,0.00599999999985812,NA
"rare",800,37,"Polychoric PCA",0.13252646903945,0.136256712503671,0.00675119774431685,2.76285395645407,0.005,0.910087726503306,0.778999999999996,NA
"rare",800,37,"Gifi princals",0.136952396785536,0.132011297810351,0.00705351894714517,2.69027450348662,0.005,0.902011230712619,0.318000000000211,NA
"rare",800,37,"ordPens ordPCA",0.135470671017202,0.136255711423722,0.00693449193840402,2.75900199267449,0.005,0.906826014144375,0.0280000000002474,NA
"rare",800,38,"ordpp linear",0.088251531292713,0.118608022207412,0.00558592015411197,2.67717640440201,0.005,0.907178635429286,1.02700000000004,0
"rare",800,38,"ordpp common",0.110965345560849,0.153663939718592,0.010306341125168,2.64253174333667,0.005,0.890482639899161,3.58800000000019,0
"rare",800,38,"ordpp item",0.115875717460394,0.154262835130854,0.0110513285486004,2.61183059969638,0.005,0.884229449711071,79.7739999999999,0
"rare",800,38,"PCA, equal scores",0.0877152654035405,0.119109985041858,0.00560961969774956,2.68805039262625,0.005,0.906956796812106,0.00399999999990541,NA
"rare",800,38,"Polychoric PCA",0.0875047226563326,0.118999223524103,0.00559116198545863,2.68998059271981,0.005,0.906665749803348,0.774000000000342,NA
"rare",800,38,"Gifi princals",0.0775663082666988,0.101082436887517,0.0037229372071192,2.66001112689333,0.005,0.901064062071468,0.106000000000222,NA
"rare",800,38,"ordPens ordPCA",0.0862404986364298,0.115064107632317,0.00504650772574785,2.69989763725056,0.005,0.909260728779798,0.0390000000002146,NA
"rare",800,39,"ordpp linear",0.0968051520378398,0.111598994082015,0.00475642319352833,2.60701285211341,0.005,0.908023769602856,1.43499999999995,0
"rare",800,39,"ordpp common",0.122353379936382,0.142243670958,0.00990881295051598,2.53972101468677,0.005,0.88799394505542,3.88200000000006,0
"rare",800,39,"ordpp item",0.12672245158332,0.138988172560264,0.0098259032650991,2.50587216868076,0.005,0.884968422932288,90.6799999999998,0
"rare",800,39,"PCA, equal scores",0.0944831705461728,0.114843713154583,0.00483827957467425,2.65570715020952,0.005,0.909387819355116,0.00500000000010914,NA
"rare",800,39,"Polychoric PCA",0.0936494362411008,0.114341367128798,0.0047772387252906,2.6573257591588,0.005,0.90946885432137,0.530999999999949,NA
"rare",800,39,"Gifi princals",0.0814426731197334,0.0871986258453367,0.00245523755234707,2.61698142374763,0.005,0.907993460488855,0.0720000000001164,NA
"rare",800,39,"ordPens ordPCA",0.0860236087627206,0.101823787175944,0.00357254258736992,2.65497222947572,0.005,0.909837704102047,0.0149999999998727,NA
"rare",800,40,"ordpp linear",0.147719111689057,0.114828643866225,0.0062894640828068,2.6766496660555,0.005,0.900325446784244,0.809999999999945,0
"rare",800,40,"ordpp common",0.17723788728405,0.144946416219283,0.00979893708744114,2.60963825840833,0.005,0.874030743724308,4.5920000000001,0
"rare",800,40,"ordpp item",0.186270174877305,0.142106367592078,0.0103530000814326,2.55438048318224,0.005,0.866515944713237,78.2000000000003,0
"rare",800,40,"PCA, equal scores",0.146395044561072,0.112653038511242,0.00590544620064869,2.67201418653979,0.005,0.899356531021232,0.00500000000010914,NA
"rare",800,40,"Polychoric PCA",0.146287134964303,0.112947285699582,0.00592043864317876,2.67623413118542,0.005,0.900061613819979,0.418999999999869,NA
"rare",800,40,"Gifi princals",0.157539932709093,0.12017979677839,0.00666897800384657,2.6620230109436,0.005,0.894993339384308,0.125999999999749,NA
"rare",800,40,"ordPens ordPCA",0.157598628388603,0.119573129621378,0.00653549302452963,2.67315036934382,0.005,0.895079700435719,0.0219999999999345,NA
"rare",800,41,"ordpp linear",0.131476764594609,0.116929120787143,0.00497513193319064,2.69866054438075,0.005,0.904556098346062,1.38599999999997,0
"rare",800,41,"ordpp common",0.15895590493734,0.149279869937614,0.00977434927966631,2.62949987462232,0.005,0.881613558429168,5.07899999999972,0
"rare",800,41,"ordpp item",0.162002923605008,0.150559878596827,0.0101860135463692,2.61452751405774,0.005,0.876889399035322,70.3620000000001,0
"rare",800,41,"PCA, equal scores",0.128331019571241,0.116184882518019,0.00486808884902762,2.69947852486482,0.005,0.904099430663424,0.00900000000001455,NA
"rare",800,41,"Polychoric PCA",0.127973556931441,0.115967233002527,0.0048532042648723,2.69885748945408,0.005,0.903659016064075,0.970000000000255,NA
"rare",800,41,"Gifi princals",0.121332943246238,0.110424476335778,0.00399087165810851,2.7173096822908,0.005,0.903609268168267,0.160000000000309,NA
"rare",800,41,"ordPens ordPCA",0.125338094443699,0.11321537289987,0.00442051017243507,2.70405655925897,0.005,0.906168435227054,0.0219999999999345,NA
"rare",800,42,"ordpp linear",0.134705934910411,0.112446029974337,0.00500136191519519,2.65903387379794,0.005,0.908644340656341,1.39499999999998,0
"rare",800,42,"ordpp common",0.171666971626633,0.142595550532924,0.00943762414453064,2.57733497641018,0.005,0.889631464127038,6.32200000000012,0
"rare",800,42,"ordpp item",0.175457178010014,0.144176408924384,0.00979901742376836,2.56676701360334,0.005,0.886116484332371,140.686,0
"rare",800,42,"PCA, equal scores",0.133187859582253,0.117761595362502,0.00551632981949691,2.68001482109401,0.005,0.908038901871808,0.0100000000002183,NA
"rare",800,42,"Polychoric PCA",0.132769159607596,0.11845412374718,0.00559601091868038,2.68087723186202,0.005,0.907751564811654,0.911999999999807,NA
"rare",800,42,"Gifi princals",0.137830746305632,0.119730969308948,0.00580133428927149,2.66171779819119,0.005,0.906502248718347,0.132000000000062,NA
"rare",800,42,"ordPens ordPCA",0.138162567395759,0.122072169040749,0.00590586663871065,2.68886973277945,0.005,0.906995856256274,0.0279999999997926,NA
"rare",800,43,"ordpp linear",0.118362676310549,0.139024333524206,0.00695348993558821,2.83107659572698,0.005,0.915976583504377,0.833999999999833,0
"rare",800,43,"ordpp common",0.159271771067902,0.175478661066578,0.011834392591183,2.75328494143004,0.005,0.893672742519231,3.51199999999972,0
"rare",800,43,"ordpp item",0.163268756451798,0.177075135195318,0.0122517155255828,2.7332338433125,0.005,0.88819693898256,55.5769999999998,0
"rare",800,43,"PCA, equal scores",0.116866810137021,0.139054484170628,0.00692295268880394,2.83097031277643,0.005,0.917415730119536,0.00599999999985812,NA
"rare",800,43,"Polychoric PCA",0.116632035529093,0.138864123848183,0.00691707880204906,2.8303248508907,0.005,0.917229480920296,2.74299999999994,NA
"rare",800,43,"Gifi princals",0.11774967794932,0.143509331625347,0.0078851594238474,2.82657647186706,0.005,0.91019199214131,0.141999999999825,NA
"rare",800,43,"ordPens ordPCA",0.119832818191097,0.142986050709757,0.00752706656444211,2.84152712009363,0.005,0.914961901221377,0.0239999999998872,NA
"rare",800,44,"ordpp linear",0.111685181100274,0.11033209856839,0.0047383221482926,2.6432683390434,0.005,0.903785910488706,1.63700000000017,0
"rare",800,44,"ordpp common",0.147881408337113,0.133241370385099,0.00847690808634219,2.54719407727987,0.005,0.878496218612899,7.00499999999965,0
"rare",800,44,"ordpp item",0.151580111493272,0.13254206156425,0.00877952491049258,2.52395277235444,0.005,0.874160482145685,96.685,0
"rare",800,44,"PCA, equal scores",0.110186233634449,0.112114965266242,0.00482716469594066,2.65656506987808,0.005,0.904550865612395,0.00399999999990541,NA
"rare",800,44,"Polychoric PCA",0.110146725946579,0.112060856316086,0.00482568670342186,2.65595412246912,0.005,0.904459540368666,0.422000000000025,NA
"rare",800,44,"Gifi princals",0.106715785144583,0.104106369557124,0.00418076882896018,2.61227233464832,0.005,0.904028013705164,0.13799999999992,NA
"rare",800,44,"ordPens ordPCA",0.10853829100848,0.108199864663748,0.00436583864145821,2.65609045654105,0.005,0.905257680016548,0.0140000000001237,NA
"rare",800,45,"ordpp linear",0.113935153064325,0.116788208604287,0.00611245063318292,2.68264404240593,0.005,0.914878358068148,0.875999999999749,0
"rare",800,45,"ordpp common",0.138726581511487,0.142741351612733,0.00972099134958621,2.60711929392734,0.005,0.893082894528411,3.221,0
"rare",800,45,"ordpp item",0.143234974207888,0.140957758064435,0.00997218454733592,2.57907693737418,0.005,0.889599320623808,172.255,0
"rare",800,45,"PCA, equal scores",0.113005297473537,0.114489172549592,0.00589580001072029,2.66559086810903,0.005,0.912660636303053,0.0539999999996326,NA
"rare",800,45,"Polychoric PCA",0.112490962445548,0.113687110020113,0.00582811926236661,2.65978346519728,0.005,0.911816462261772,0.594000000000051,NA
"rare",800,45,"Gifi princals",0.103646097834251,0.0968517675360118,0.00522585650539764,2.60637986400759,0.005,0.911386234046372,0.927999999999884,NA
"rare",800,45,"ordPens ordPCA",0.108996149396831,0.109294336738034,0.00592566708572536,2.67027799704282,0.005,0.911161298261843,0.0340000000001055,NA
"rare",800,46,"ordpp linear",0.11866080140582,0.111974441084687,0.00531268106192969,2.70168562950649,0.005,0.903386349479679,1.22899999999981,0
"rare",800,46,"ordpp common",0.137813843532584,0.137780572114208,0.00853826173989816,2.61026625868932,0.005,0.887400920524202,4.63700000000017,0
"rare",800,46,"ordpp item",0.143594720591337,0.13767538091313,0.00892735256001657,2.60402175940932,0.005,0.884966695500296,92.712,0
"rare",800,46,"PCA, equal scores",0.115683116816653,0.111143238807009,0.00504025991447887,2.70979727056687,0.005,0.903684854034202,0.00399999999990541,NA
"rare",800,46,"Polychoric PCA",0.115490762463608,0.110531043761562,0.00498610249482463,2.70729784343149,0.005,0.904144452349852,0.393000000000029,NA
"rare",800,46,"Gifi princals",0.110903787133467,0.0974282538468561,0.00372851524952589,2.67566792049711,0.005,0.907272346565573,0.0809999999996762,NA
"rare",800,46,"ordPens ordPCA",0.114217006341135,0.108914271863802,0.00466737367525336,2.71801274028758,0.005,0.905359367901071,0.0169999999998254,NA
"rare",800,47,"ordpp linear",0.132542260246973,0.10196484174787,0.00385618193638809,2.58631451514653,0.005,0.888869423351031,1.27800000000025,0
"rare",800,47,"ordpp common",0.158488591832414,0.128371865252937,0.00816909279800005,2.52322280013769,0.005,0.875639283868367,5.39599999999973,0
"rare",800,47,"ordpp item",0.166558673357903,0.119623887323003,0.00777103994532171,2.43822327672272,0.005,0.866835388917333,60.9650000000001,0
"rare",800,47,"PCA, equal scores",0.130954538573415,0.101717607406967,0.00373416138451929,2.60085914611811,0.005,0.890662002381922,0.00900000000001455,NA
"rare",800,47,"Polychoric PCA",0.130552120940383,0.101738222780356,0.00372880072847373,2.60220469822627,0.005,0.891182212549293,0.315000000000055,NA
"rare",800,47,"Gifi princals",0.138025783256193,0.0987491400035249,0.00382543283933168,2.54756564713491,0.005,0.88607579029438,0.0900000000001455,NA
"rare",800,47,"ordPens ordPCA",0.136989180133295,0.102231246619132,0.00385631745366227,2.58994251511602,0.005,0.888584711481658,0.0230000000001382,NA
"rare",800,48,"ordpp linear",0.108236767109568,0.107868811523529,0.0051091884784612,2.60068803184426,0.005,0.898705034438788,1.09400000000005,0
"rare",800,48,"ordpp common",0.134851327446888,0.131323052684177,0.00856814157802972,2.52096329006836,0.005,0.873804952650788,4.50800000000027,0
"rare",800,48,"ordpp item",0.138973076869242,0.131270861331761,0.00882741193674717,2.48834216274876,0.005,0.866858828406767,87.7940000000003,0
"rare",800,48,"PCA, equal scores",0.103946891583754,0.10525417031263,0.00488037248263766,2.58693197934744,0.005,0.898554787391974,0.0069999999996071,NA
"rare",800,48,"Polychoric PCA",0.10381334678049,0.105363439149432,0.00489928982167964,2.58707591042793,0.005,0.898745923026557,0.915999999999713,NA
"rare",800,48,"Gifi princals",0.0970075071209814,0.0990314197289124,0.00392014297872245,2.58580796991641,0.005,0.901026816097839,0.101000000000113,NA
"rare",800,48,"ordPens ordPCA",0.0999323356155144,0.102588358530204,0.0043420400118791,2.59499672688192,0.005,0.899367243531175,0.0360000000000582,NA
"rare",800,49,"ordpp linear",0.121002133864714,0.123298108802765,0.00574929248846412,2.76434071142871,0.005,0.90469245456751,1.16100000000006,0
"rare",800,49,"ordpp common",0.155621115383991,0.15768031742372,0.0104174307495373,2.67516006037448,0.005,0.884266047812266,4.20000000000027,0
"rare",800,49,"ordpp item",0.158598594941186,0.159153780907596,0.0107529858447617,2.66220656551,0.005,0.879645365523915,97.0920000000001,0
"rare",800,49,"PCA, equal scores",0.119640878424914,0.124041614445351,0.00578946562296559,2.77234746612131,0.005,0.904567569181129,0.0100000000002183,NA
"rare",800,49,"Polychoric PCA",0.119422167197498,0.123948553824594,0.00580497218780013,2.76997783551173,0.005,0.904426616702879,0.446000000000367,NA
"rare",800,49,"Gifi princals",0.116819118524163,0.113585191267827,0.00457684119803297,2.77254959628441,0.005,0.90528384880711,0.0630000000001019,NA
"rare",800,49,"ordPens ordPCA",0.118451444396756,0.119999330423897,0.00525261171610613,2.77791785404704,0.005,0.906361332263932,0.031999999999698,NA
"rare",800,50,"ordpp linear",0.152237451542187,0.0893197567204402,0.00443944365330612,2.53873100491282,0.005,0.89909114989176,1.85699999999997,0
"rare",800,50,"ordpp common",0.17986521240959,0.11070850363038,0.00739576317895865,2.42366869850931,0.005,0.872302522253664,10.3670000000002,0
"rare",800,50,"ordpp item",0.183243035925452,0.109023483901289,0.00725485995124466,2.3973520166772,0.005,0.870024044884564,84.3720000000003,0
"rare",800,50,"PCA, equal scores",0.149893132205684,0.0888067945477848,0.0043187299880312,2.53412207055619,0.005,0.896211125531571,0.00500000000010914,NA
"rare",800,50,"Polychoric PCA",0.149988348002482,0.0883187034048865,0.00429012185296409,2.52855882696508,0.005,0.896181181016632,0.302000000000135,NA
"rare",800,50,"Gifi princals",0.158651419902259,0.0923883789378785,0.00456047211885196,2.46751177321034,0.005,0.889357156218016,0.0770000000002256,NA
"rare",800,50,"ordPens ordPCA",0.158917255110044,0.0932416349575694,0.00443436424410861,2.50927960920888,0.005,0.893587194232899,0.0219999999999345,NA
"two_factor",300,1,"ordpp linear",0.126686397811088,0.115863507855566,0.00386537796464182,2.80271028461762,0.005,0.916904811728658,0.771999999999935,0
"two_factor",300,1,"ordpp common",0.151782810113573,0.146095912320334,0.00865196239430768,2.68669253441236,0.005,0.901252003645372,2.27399999999989,0
"two_factor",300,1,"ordpp item",0.165313756829391,0.157796511836171,0.0108463495286504,2.67604910914745,0.005,0.897392880945979,54.4970000000003,0
"two_factor",300,1,"PCA, equal scores",0.121316059779136,0.10914705636031,0.00339054329350992,2.77119782148235,0.005,0.922100109737068,0.00299999999970169,NA
"two_factor",300,1,"Polychoric PCA",0.119172400552375,0.106579112683443,0.00323653420864054,2.7528044738381,0.005,0.921572798462544,0.643000000000029,NA
"two_factor",300,1,"Gifi princals",0.110651749222218,0.0870470101632457,0.00219680622804781,2.64493222499823,0.005,0.924360155634315,0.117000000000189,NA
"two_factor",300,1,"ordPens ordPCA",0.121891293972869,0.107246644119359,0.00314354356785363,2.77585965488497,0.005,0.923373251606324,0.0300000000002001,NA
"two_factor",300,2,"ordpp linear",0.104569117072969,0.107843114696236,0.00316389721471775,2.80497343702637,0.005,0.921454457016,0.567000000000007,0
"two_factor",300,2,"ordpp common",0.135010010769487,0.137207615961314,0.00792564130708739,2.68625913715408,0.005,0.899567611460299,1.89699999999993,0
"two_factor",300,2,"ordpp item",0.149537771325898,0.131999536918715,0.00845224396124837,2.58055231596726,0.005,0.891168099613274,60.0740000000001,0
"two_factor",300,2,"PCA, equal scores",0.0924013452337762,0.102351601910557,0.00389833504560581,2.62009618486924,0.005,0.903756440114879,0.00300000000015643,NA
"two_factor",300,2,"Polychoric PCA",0.0901141671804926,0.0990813148946164,0.00385723503945763,2.57799124368147,0.005,0.896676105495921,3.6909999999998,NA
"two_factor",300,2,"Gifi princals",0.0897173775238582,0.0851890699190847,0.00277298788278878,2.56862890510534,0.005,0.874903882796831,0.15099999999984,NA
"two_factor",300,2,"ordPens ordPCA",0.090709860735442,0.0981477361149165,0.00363396951619193,2.615262030611,0.005,0.898585664410965,0.0149999999998727,NA
"two_factor",300,3,"ordpp linear",0.111786417523652,0.109151107694264,0.00387731780822113,2.70308732950673,0.005,0.916101178328398,0.382999999999811,0
"two_factor",300,3,"ordpp common",0.14385603020715,0.145143438843726,0.0100760051136221,2.55025573078073,0.005,0.894032933330444,3.23500000000013,0
"two_factor",300,3,"ordpp item",0.161159893344869,0.129068503590865,0.00892291877010463,2.43647455793278,0.005,0.886646728074969,33.654,0
"two_factor",300,3,"PCA, equal scores",0.107920782798863,0.110963114456036,0.00381723358158516,2.75109778921858,0.005,0.900489438022832,0.00300000000015643,NA
"two_factor",300,3,"Polychoric PCA",0.10642307386433,0.108752612907714,0.00366579249244569,2.74052132685242,0.005,0.89357082851418,0.434999999999945,NA
"two_factor",300,3,"Gifi princals",0.0997672594826303,0.086413940312163,0.00189982943003065,2.7035790711553,0.005,0.896548378128264,0.0929999999998472,NA
"two_factor",300,3,"ordPens ordPCA",0.103019796516563,0.101964711870945,0.00302525337392934,2.74364910052306,0.005,0.890085921302474,0.0190000000002328,NA
"two_factor",300,4,"ordpp linear",0.123383551886325,0.112714302423577,0.00351689908059358,2.81064195935571,0.005,0.90743203533207,0.317000000000007,0
"two_factor",300,4,"ordpp common",0.156128134873168,0.149737788391188,0.00951501955658478,2.66971841565168,0.005,0.881402684684315,5.67200000000003,0
"two_factor",300,4,"ordpp item",0.164901475882384,0.148259544622342,0.0101305329569081,2.61407782167864,0.005,0.876472009634093,117.857,0
"two_factor",300,4,"PCA, equal scores",0.116382140203577,0.113886661514524,0.00308086152998021,2.9074037214325,0.005,0.906075912320596,0.00199999999995271,NA
"two_factor",300,4,"Polychoric PCA",0.114183215651488,0.113811288418372,0.00301482200137722,2.92401959960808,0.005,0.904647256376875,1.93600000000015,NA
"two_factor",300,4,"Gifi princals",0.107713345596511,0.103306638103763,0.00267748690352961,2.95486498175612,0.005,0.891404331795654,0.149999999999636,NA
"two_factor",300,4,"ordPens ordPCA",0.113542175694573,0.109709766471096,0.00287385576227038,2.93295230152916,0.005,0.904622177484567,0.0340000000001055,NA
"two_factor",300,5,"ordpp linear",0.176069484542648,0.128945306571255,0.00504040419470705,2.86491256746171,0.005,0.933656012710582,0.529999999999745,0
"two_factor",300,5,"ordpp common",0.221869969975458,0.165235058806401,0.0109164638227274,2.73431856666119,0.005,0.918085990713542,2.32400000000007,0
"two_factor",300,5,"ordpp item",0.23242714725549,0.1544389858576,0.0106062211246488,2.66177470267789,0.005,0.91377328736654,74.3200000000002,0
"two_factor",300,5,"PCA, equal scores",0.160151873736039,0.119405548893784,0.0036911543717732,2.94235100628785,0.005,0.918449069886376,0.00299999999970169,NA
"two_factor",300,5,"Polychoric PCA",0.156213472582442,0.11706474211495,0.00348136702087684,2.9432745182846,0.005,0.914037336403691,1.70100000000002,NA
"two_factor",300,5,"Gifi princals",0.16853417514806,0.12324255198067,0.00655184256114914,2.86117131320103,0.005,0.906250240846043,0.177999999999884,NA
"two_factor",300,5,"ordPens ordPCA",0.163619931837469,0.120859048580503,0.00473923878221538,2.93302184865906,0.005,0.917157618462387,0.0180000000000291,NA
"two_factor",300,6,"ordpp linear",0.113555278844764,0.10449801154714,0.00469390946936677,2.74647810774868,0.005,0.901518804971893,0.756999999999607,0
"two_factor",300,6,"ordpp common",0.137791948328639,0.133164802843753,0.00825402168826497,2.59612358306898,0.005,0.8659694271215,2.11500000000024,0
"two_factor",300,6,"ordpp item",0.153248900907263,0.118400393800591,0.00696834476066721,2.4851458527392,0.005,0.854995242566103,84.933,0
"two_factor",300,6,"PCA, equal scores",0.108889615224507,0.111318036167515,0.00436433498457748,2.80194942235644,0.005,0.898871815867237,0.00299999999970169,NA
"two_factor",300,6,"Polychoric PCA",0.108459921961905,0.111274830057206,0.00432057171081158,2.80360370605664,0.005,0.898781811724321,0.387000000000171,NA
"two_factor",300,6,"Gifi princals",0.0951673925960302,0.0996801442695281,0.00427890760182015,2.80768086130167,0.005,0.884220542098436,0.0850000000000364,NA
"two_factor",300,6,"ordPens ordPCA",0.10556790521554,0.110647495431131,0.00496181838524291,2.84934496759886,0.005,0.89493442121472,0.0210000000001855,NA
"two_factor",300,7,"ordpp linear",0.126709356475874,0.114312083929305,0.00530247802586494,2.72927989639461,0.005,0.91507390789509,1.41800000000012,0
"two_factor",300,7,"ordpp common",0.147854274346381,0.149748163915099,0.0100830183088435,2.6553892709952,0.005,0.906585077600573,4.9989999999998,0
"two_factor",300,7,"ordpp item",0.165997978695931,0.123463347637745,0.00748351744683999,2.55010224106955,0.005,0.895839795161845,80.9960000000001,0
"two_factor",300,7,"PCA, equal scores",0.125582619061117,0.118908843799635,0.00547419640177365,2.7866326204213,0.005,0.915949235816746,0.00500000000010914,NA
"two_factor",300,7,"Polychoric PCA",0.125589611168587,0.112550830692968,0.00481455706882022,2.73703747901858,0.005,0.915036623192842,1.95299999999997,NA
"two_factor",300,7,"Gifi princals",0.123301265801374,0.0811840927161024,0.0027488999691642,2.57626837400089,0.005,0.898900683620653,0.102000000000317,NA
"two_factor",300,7,"ordPens ordPCA",0.121296495409435,0.109570311802523,0.00463446695666503,2.78245140892952,0.005,0.91348685487055,0.0160000000000764,NA
"two_factor",300,8,"ordpp linear",0.160332376400471,0.107293449788851,0.00349068000088329,2.76227895522045,0.005,0.918637259703138,0.652000000000044,0
"two_factor",300,8,"ordpp common",0.214463303760045,0.145392608468013,0.0107542765741259,2.53272247682024,0.005,0.883535228416509,4.91300000000001,0
"two_factor",300,8,"ordpp item",0.232627691630757,0.141047876738658,0.00999527193256835,2.51629786435538,0.005,0.880349262571181,66.2170000000001,0
"two_factor",300,8,"PCA, equal scores",0.156388740561457,0.107427972402778,0.00331035139821022,2.78221062779944,0.005,0.912298952066311,0.00399999999990541,NA
"two_factor",300,8,"Polychoric PCA",0.153662944816331,0.107302124722553,0.00321490727343732,2.79324206329471,0.005,0.90749640065337,1.02700000000004,NA
"two_factor",300,8,"Gifi princals",0.19081604649887,0.118560775437532,0.00580609273083845,2.594611707182,0.005,0.901705774940617,0.1550000000002,NA
"two_factor",300,8,"ordPens ordPCA",0.167213945885626,0.113106389454899,0.00381369971085028,2.76971149612868,0.005,0.905208471666581,0.0380000000000109,NA
"two_factor",300,9,"ordpp linear",0.120034591517001,0.103985548870969,0.0034548625346584,2.68298260563187,0.005,0.924514173696802,1.05600000000004,0
"two_factor",300,9,"ordpp common",0.153767673425262,0.142172013835253,0.00912641214389553,2.59301976256037,0.005,0.898410111205932,4.88999999999987,0
"two_factor",300,9,"ordpp item",0.162227222375561,0.131042113199366,0.00874332708771803,2.49976699361405,0.005,0.889659117697224,85.8719999999998,0
"two_factor",300,9,"PCA, equal scores",0.112735313682806,0.10132797050821,0.0033151594548518,2.6582921785333,0.005,0.91989955765686,0.01299999999992,NA
"two_factor",300,9,"Polychoric PCA",0.110494473533422,0.100007618343013,0.0033465888449062,2.63692295517084,0.005,0.917613990143654,0.73700000000008,NA
"two_factor",300,9,"Gifi princals",0.108078773060798,0.086191196597078,0.00300043198536875,2.49369550518431,0.005,0.909424755921755,0.130000000000109,NA
"two_factor",300,9,"ordPens ordPCA",0.108627293401295,0.0945190317612701,0.00273057960985907,2.62943140833053,0.005,0.916306962730405,0.0460000000002765,NA
"two_factor",300,10,"ordpp linear",0.104639653131398,0.110726789286942,0.00346517014592438,2.79534275256564,0.005,0.930926009225681,0.796999999999571,0
"two_factor",300,10,"ordpp common",0.124966921897995,0.138072895897786,0.00783632005894331,2.6637000282044,0.005,0.91935487955566,2.71900000000005,0
"two_factor",300,10,"ordpp item",0.130586967200216,0.131106444859749,0.00773366592946768,2.58371231305329,0.005,0.91758455162065,62.2640000000001,0
"two_factor",300,10,"PCA, equal scores",0.102264845024055,0.115414409691631,0.00369424877539203,2.83455295771328,0.005,0.933983444707667,0.00700000000006185,NA
"two_factor",300,10,"Polychoric PCA",0.102647680882147,0.11519102642372,0.00367260194649155,2.83511290642536,0.005,0.934131435795679,0.931999999999789,NA
"two_factor",300,10,"Gifi princals",0.0930419944702629,0.0941231941996982,0.00211618661928388,2.77649600146787,0.005,0.924796770168794,0.477999999999611,NA
"two_factor",300,10,"ordPens ordPCA",0.0972239254132213,0.109201947033694,0.00310171571009801,2.83054290302229,0.005,0.935270966680323,0.0219999999999345,NA
"two_factor",300,11,"ordpp linear",0.163858715308194,0.125934709469001,0.00506488815659014,2.81964947041896,0.005,0.919023640072804,0.891000000000076,0
"two_factor",300,11,"ordpp common",0.200359804983339,0.177460916387175,0.0116935051586423,2.7855139402442,0.005,0.901245747929318,2.78500000000031,0
"two_factor",300,11,"ordpp item",0.21553373728524,0.172488690026227,0.0120366401327007,2.71934444466209,0.005,0.88958760241669,80.0360000000001,0
"two_factor",300,11,"PCA, equal scores",0.159717459570648,0.125058970741824,0.00515678391659618,2.80468419577848,0.005,0.907027548617492,0.00300000000015643,NA
"two_factor",300,11,"Polychoric PCA",0.15963553336245,0.128229949756432,0.00538369093334779,2.8219462447788,0.005,0.911389405764406,0.305000000000291,NA
"two_factor",300,11,"Gifi princals",0.167128012354599,0.126818414841872,0.00674053864523677,2.75778651309506,0.005,0.878950213635771,0.0899999999996908,NA
"two_factor",300,11,"ordPens ordPCA",0.160787825090555,0.126305617059642,0.0055700539135173,2.81463875811382,0.005,0.897173225086449,0.0210000000001855,NA
"two_factor",300,12,"ordpp linear",0.108224235066101,0.131884136431135,0.00508521263068127,2.92951529120666,0.005,0.916507097626856,0.425999999999931,0
"two_factor",300,12,"ordpp common",0.140341032343875,0.176760741491825,0.0114410149692416,2.79911485026047,0.005,0.881282664821558,4.71900000000005,0
"two_factor",300,12,"ordpp item",0.15456172423791,0.167935188704276,0.0109559715691773,2.72989367168882,0.005,0.872298999881314,65.848,0
"two_factor",300,12,"PCA, equal scores",0.105144945462434,0.130248745280227,0.00510265375050838,2.9160457909563,0.005,0.915321273271036,0.00199999999995271,NA
"two_factor",300,12,"Polychoric PCA",0.104331137312952,0.128826666507129,0.00509950039495322,2.90267132018359,0.005,0.914635341410036,0.399999999999636,NA
"two_factor",300,12,"Gifi princals",0.0783968211856168,0.1066116211204,0.00523350918427841,2.91254270020869,0.005,0.912286303334253,0.0839999999998327,NA
"two_factor",300,12,"ordPens ordPCA",0.0939358951883444,0.12474945593682,0.00560560001400026,2.94171044982,0.005,0.91802631326377,0.0109999999999673,NA
"two_factor",300,13,"ordpp linear",0.116354227333518,0.104648561086596,0.00319617307588185,2.74345636710524,0.005,0.914872137379862,1,0
"two_factor",300,13,"ordpp common",0.142947970197091,0.136409440330091,0.00836784554487795,2.59399118553353,0.005,0.890787824506966,3.72800000000007,0
"two_factor",300,13,"ordpp item",0.154731845363359,0.13355629100936,0.00857301276527285,2.54644454365,0.005,0.883835075425142,93.9829999999997,0
"two_factor",300,13,"PCA, equal scores",0.110753708602608,0.101354734526741,0.00360720231763301,2.63912073779039,0.005,0.90851637244219,0.00500000000010914,NA
"two_factor",300,13,"Polychoric PCA",0.110734970969364,0.102166541281313,0.00367642378093022,2.64325029875712,0.005,0.909179197141621,1.69200000000001,NA
"two_factor",300,13,"Gifi princals",0.102301316610888,0.083953733094612,0.00274292341011464,2.58594604841951,0.005,0.894963747570812,0.0920000000000982,NA
"two_factor",300,13,"ordPens ordPCA",0.106835345972981,0.0942621062595977,0.00312929699092173,2.63037107561324,0.005,0.90648435347856,0.0249999999996362,NA
"two_factor",300,14,"ordpp linear",0.123594197998114,0.113722776638951,0.00431357663952548,2.7465934195553,0.005,0.889736758504839,1.21300000000019,0
"two_factor",300,14,"ordpp common",0.159017422693182,0.122521784911221,0.0074716130379711,2.50923143488243,0.005,0.867069028348467,5.20299999999997,0
"two_factor",300,14,"ordpp item",0.177338433852359,0.121984787512721,0.00762727283580606,2.50024605509895,0.005,0.853153648403319,68.069,0
"two_factor",300,14,"PCA, equal scores",0.121413558064892,0.10606235266594,0.00392828133404293,2.68101332326451,0.005,0.897034902260247,0.00700000000006185,NA
"two_factor",300,14,"Polychoric PCA",0.120673529930626,0.105073817507477,0.00379997771571219,2.68196747524813,0.005,0.89953327144851,2.06899999999996,NA
"two_factor",300,14,"Gifi princals",0.126373079797124,0.0941477022253483,0.00350037576255086,2.56094718329169,0.005,0.888601934985218,0.230999999999767,NA
"two_factor",300,14,"ordPens ordPCA",0.11890045402114,0.100468581514835,0.00330461204463141,2.66754010440173,0.005,0.901151265284994,0.025000000000091,NA
"two_factor",300,15,"ordpp linear",0.137911608055341,0.0927527214004887,0.00265031252944056,2.67952131604312,0.005,0.890848907409033,0.494999999999891,0
"two_factor",300,15,"ordpp common",0.169464670572689,0.115152650822857,0.00691742196603925,2.49437369572367,0.005,0.868027906494217,3.71599999999989,0
"two_factor",300,15,"ordpp item",0.18355375347576,0.110503151273367,0.00786060274985882,2.44950080768653,0.005,0.860881464904075,97.0830000000001,0
"two_factor",300,15,"PCA, equal scores",0.135971165649867,0.100909518099826,0.00339526555865518,2.71358843458663,0.005,0.897096308454796,0.00700000000006185,NA
"two_factor",300,15,"Polychoric PCA",0.135491735652327,0.10193700377487,0.00351980063544491,2.71377073940981,0.005,0.897555763128496,0.582000000000335,NA
"two_factor",300,15,"Gifi princals",0.126534396714065,0.106340235172749,0.00597500698655228,2.64040789087545,0.005,0.892941044687418,0.0910000000003492,NA
"two_factor",300,15,"ordPens ordPCA",0.137869407627929,0.103712679079577,0.00463079776147307,2.73534486718669,0.005,0.895502353110624,0.0830000000000837,NA
"two_factor",300,16,"ordpp linear",0.123270670761001,0.12251931545013,0.00670109645521416,2.63378722881561,0.005,0.908150206001414,1.41500000000042,0
"two_factor",300,16,"ordpp common",0.161752695166835,0.14853156865172,0.0117990190727064,2.53339768706767,0.005,0.891210503506193,3.62900000000036,0
"two_factor",300,16,"ordpp item",0.174621946251579,0.131495725233248,0.00924828035173129,2.47097427524939,0.005,0.886401417909826,56.1970000000001,0
"two_factor",300,16,"PCA, equal scores",0.118267771133618,0.122558335455522,0.00707485855433775,2.63255972407974,0.005,0.909130082253152,0.00399999999990541,NA
"two_factor",300,16,"Polychoric PCA",0.118531725487037,0.122910701416085,0.00708273407763076,2.63420713349169,0.005,0.90926129292842,0.30600000000004,NA
"two_factor",300,16,"Gifi princals",0.109819643204303,0.102589227704545,0.00442546571412495,2.61218839413388,0.005,0.902383417305763,0.0830000000000837,NA
"two_factor",300,16,"ordPens ordPCA",0.114860623219675,0.116768342128369,0.00614141319488081,2.62940699645912,0.005,0.909605211894034,0.0149999999998727,NA
"two_factor",300,17,"ordpp linear",0.1501834913773,0.129087523289447,0.00521691998104741,2.81597813195713,0.005,0.918852027599506,0.939000000000306,0
"two_factor",300,17,"ordpp common",0.198953898517652,0.156005478848049,0.0108746756230402,2.648397640759,0.005,0.891348785039076,3.15999999999985,0
"two_factor",300,17,"ordpp item",0.211997530415803,0.160469120954637,0.0117027626285391,2.68086494946281,0.005,0.885736008136535,69.5059999999999,0
"two_factor",300,17,"PCA, equal scores",0.136319414346797,0.137492771755111,0.00575151862993509,2.87301911449235,0.005,0.925419571163577,0.00300000000015643,NA
"two_factor",300,17,"Polychoric PCA",0.12866624524409,0.136558340724788,0.00564667976623007,2.87306945577397,0.005,0.922598587562265,0.353000000000065,NA
"two_factor",300,17,"Gifi princals",0.136675914175435,0.112621179590909,0.00341628683228366,2.79234715612186,0.005,0.918170487880686,0.0879999999997381,NA
"two_factor",300,17,"ordPens ordPCA",0.126252903923405,0.12635223505778,0.00447299067847898,2.85511198792604,0.005,0.922464159524184,0.0289999999999964,NA
"two_factor",300,18,"ordpp linear",0.107048798520735,0.138519753476837,0.00567895316616431,2.94017454490978,0.005,0.93120069685398,1.00700000000006,0
"two_factor",300,18,"ordpp common",0.136700541078278,0.171971630538135,0.0108837713922157,2.82538133604195,0.005,0.914579504073332,2.57200000000012,0
"two_factor",300,18,"ordpp item",0.142574878331376,0.172158221800672,0.0110373661536747,2.80466890282633,0.005,0.913159154449855,90.5680000000002,0
"two_factor",300,18,"PCA, equal scores",0.105573897335592,0.138173301345752,0.00548680399348982,2.96780369094025,0.005,0.932784115690842,0.00199999999995271,NA
"two_factor",300,18,"Polychoric PCA",0.105544584162103,0.138383730613119,0.00549021456810417,2.96966831523377,0.005,0.932759073476546,2.23500000000013,NA
"two_factor",300,18,"Gifi princals",0.0903087618242831,0.108962462567029,0.00349403114079279,2.82103754663571,0.005,0.923821812946366,1.23500000000013,NA
"two_factor",300,18,"ordPens ordPCA",0.0993234901586105,0.131736077138428,0.00497798306543489,2.9664694975786,0.005,0.932030912742159,0.01299999999992,NA
"two_factor",300,19,"ordpp linear",0.106131358935904,0.13207764605528,0.00504475200546907,2.96484003530862,0.005,0.932118489944791,1.20199999999977,0
"two_factor",300,19,"ordpp common",0.135713363093728,0.174831920318873,0.0117485066679763,2.85372868578942,0.005,0.914129909019532,4.16800000000012,0
"two_factor",300,19,"ordpp item",0.146374389799763,0.172546323753003,0.0124617777257341,2.80588184888457,0.005,0.904268753593213,69.308,0
"two_factor",300,19,"PCA, equal scores",0.102482850992467,0.124306402633312,0.00438732935003976,2.95614648325072,0.005,0.920912959330631,0.00500000000010914,NA
"two_factor",300,19,"Polychoric PCA",0.102899412109084,0.12639170357089,0.0045976161439353,2.95375214112427,0.005,0.923282857233601,0.429999999999836,NA
"two_factor",300,19,"Gifi princals",0.0918913811639589,0.10737480140635,0.00440553547259289,2.82646006514773,0.005,0.902742911466181,0.0650000000000546,NA
"two_factor",300,19,"ordPens ordPCA",0.100350085505056,0.119755902842041,0.00451812960220255,2.93508044582895,0.005,0.917768802739977,0.012000000000171,NA
"two_factor",300,20,"ordpp linear",0.11227503724048,0.0986967888132437,0.00370975638476768,2.60045476652906,0.005,0.903687596925453,1.64899999999989,0
"two_factor",300,20,"ordpp common",0.144724461022921,0.12269118766816,0.00856921817985418,2.50167268968508,0.005,0.892827786994477,3,0
"two_factor",300,20,"ordpp item",0.158983201004677,0.117188628198872,0.00857232338157214,2.43263521358685,0.005,0.886077429518526,94.288,0
"two_factor",300,20,"PCA, equal scores",0.111308559075004,0.0993282607431448,0.00378210220017417,2.60904792204172,0.005,0.903185018670894,0.00299999999970169,NA
"two_factor",300,20,"Polychoric PCA",0.110483263261614,0.10208128300968,0.0039799852059824,2.64528920981749,0.005,0.908774790097002,0.744000000000142,NA
"two_factor",300,20,"Gifi princals",0.110598603026977,0.0944557340153012,0.0053412650285759,2.74021879880326,0.005,0.895696966600599,0.492999999999938,NA
"two_factor",300,20,"ordPens ordPCA",0.117135124850225,0.0898501077688622,0.00438007302254776,2.56689386713016,0.005,0.891614269985425,0.0639999999998508,NA
"two_factor",300,21,"ordpp linear",0.0892221392615578,0.0896398225567316,0.00246471353123829,2.7052597369158,0.005,0.918696638125143,0.751000000000204,0
"two_factor",300,21,"ordpp common",0.123151065520902,0.113241275634878,0.00660927740645289,2.491797628566,0.005,0.890563176603216,2.30799999999999,0
"two_factor",300,21,"ordpp item",0.131379516871516,0.111935733417803,0.00640835336964537,2.49362286282516,0.005,0.890538389270711,88.105,0
"two_factor",300,21,"PCA, equal scores",0.0800608697568524,0.0936996501981944,0.00320097527024562,2.73849583678272,0.005,0.905374110436606,0.00300000000015643,NA
"two_factor",300,21,"Polychoric PCA",0.0800767867700471,0.0937742895704313,0.00317856803127846,2.73494188163647,0.005,0.907456340217993,0.326999999999771,NA
"two_factor",300,21,"Gifi princals",0.0647379153635764,0.0897456700546757,0.00783316555925595,2.76315838678794,0.005,0.877088627322855,0.159000000000106,NA
"two_factor",300,21,"ordPens ordPCA",0.0722834314877641,0.0927973892333981,0.00555499358037598,2.77102821230175,0.005,0.887711493557627,0.0149999999998727,NA
"two_factor",300,22,"ordpp linear",0.122143711360297,0.111076541399425,0.00474928077826584,2.75840592289414,0.005,0.919683572360089,0.825000000000273,0
"two_factor",300,22,"ordpp common",0.153912220507056,0.137692036705797,0.00917460250648552,2.56697809553166,0.005,0.896727026182601,3.47600000000011,0
"two_factor",300,22,"ordpp item",0.165130725802951,0.127889111423692,0.00911825706384283,2.45615820568226,0.005,0.890151841122243,110.294,0
"two_factor",300,22,"PCA, equal scores",0.119258372320181,0.118286783696549,0.0048896017354789,2.81700631401846,0.005,0.920896024430745,0.00199999999995271,NA
"two_factor",300,22,"Polychoric PCA",0.116032675903994,0.117781661884895,0.00478996209503848,2.80558659413972,0.005,0.918753769637263,0.91399999999976,NA
"two_factor",300,22,"Gifi princals",0.107512829152957,0.104721044848754,0.00343206199911957,2.80346807510734,0.005,0.920558603340512,0.0539999999996326,NA
"two_factor",300,22,"ordPens ordPCA",0.113960170416539,0.114514562875853,0.00458074377450972,2.81034875977037,0.005,0.920460152630393,0.0239999999998872,NA
"two_factor",300,23,"ordpp linear",0.142754191251558,0.118379881173024,0.00521642590587196,2.65243290265427,0.005,0.920570710926398,0.944999999999709,0
"two_factor",300,23,"ordpp common",0.202200595781687,0.149642296465534,0.0114640464170664,2.48161587252881,0.005,0.895069802918661,4.79100000000017,0
"two_factor",300,23,"ordpp item",0.214037183657902,0.144081580942181,0.0113020120577221,2.43207451076983,0.005,0.895143354899635,106.296,0
"two_factor",300,23,"PCA, equal scores",0.126096610881384,0.126637380245896,0.00580365098250794,2.72345213441895,0.005,0.915852756675165,0.00199999999995271,NA
"two_factor",300,23,"Polychoric PCA",0.121988930202921,0.124957964873285,0.00563862905181403,2.71881157463965,0.005,0.912747342868976,0.309999999999945,NA
"two_factor",300,23,"Gifi princals",0.158707751996806,0.130757188140924,0.00650329114513784,2.68185458615806,0.005,0.919233186882875,0.0480000000002292,NA
"two_factor",300,23,"ordPens ordPCA",0.125344204743402,0.125024038713932,0.00581250931182933,2.69731448060128,0.005,0.910697544389061,0.0270000000000437,NA
"two_factor",300,24,"ordpp linear",0.122532291760767,0.127648314071165,0.00568756406001006,2.76093211788337,0.005,0.909010308663972,0.974999999999909,0
"two_factor",300,24,"ordpp common",0.166730574796844,0.144462941050664,0.0093750117414788,2.60979634184875,0.005,0.873645848401742,3.15100000000029,0
"two_factor",300,24,"ordpp item",0.177522733279208,0.135443026975653,0.00887363725316941,2.53460211723311,0.005,0.86481299405117,82.7060000000001,0
"two_factor",300,24,"PCA, equal scores",0.114997799360886,0.115867031689879,0.00412682768562319,2.76524878329855,0.005,0.912670253575086,0.00199999999995271,NA
"two_factor",300,24,"Polychoric PCA",0.113511030024391,0.11464443410273,0.00400660190750145,2.76176322129783,0.005,0.912348104047767,0.219000000000051,NA
"two_factor",300,24,"Gifi princals",0.0805393696297768,0.0590587966245402,0.000241928961016143,2.59117785302921,0.005,0.885809910399793,0.0540000000000873,NA
"two_factor",300,24,"ordPens ordPCA",0.108816939021201,0.108747738046696,0.00352524216650806,2.75942883098657,0.005,0.911184075720798,0.0150000000003274,NA
"two_factor",300,27,"ordpp linear",0.139752549867338,0.108899072698314,0.00398283555412376,2.73589540216253,0.005,0.912153754473348,0.885000000000218,0
"two_factor",300,27,"ordpp common",0.190033756892566,0.135398315745354,0.00933355527452745,2.54125266851066,0.005,0.876890433461201,7.30099999999993,0
"two_factor",300,27,"ordpp item",0.199433889294738,0.118564562062949,0.00921182428385495,2.42962519537391,0.005,0.863724057094472,101.322,0
"two_factor",300,27,"PCA, equal scores",0.121001415974647,0.108121398025228,0.0041634810394619,2.76311145556912,0.005,0.878834438699499,0.00199999999995271,NA
"two_factor",300,27,"Polychoric PCA",0.118698351655643,0.106732513252241,0.0040828670886074,2.75163326824693,0.005,0.87623218412455,2.69799999999987,NA
"two_factor",300,27,"Gifi princals",0.111002435968556,0.0927226368744572,0.00266760109418551,2.69524812065781,0.005,0.864788786418923,0.222000000000207,NA
"two_factor",300,27,"ordPens ordPCA",0.115355289927184,0.103475245185474,0.00368889697080258,2.76182737610002,0.005,0.875539585953474,0.025000000000091,NA
"two_factor",300,28,"ordpp linear",0.147434262142237,0.132383535492404,0.00599822830256171,2.79334048992964,0.005,0.918445105722282,1.76999999999998,0
"two_factor",300,28,"ordpp common",0.179050782495056,0.163883100341791,0.0107857293558549,2.71231773685006,0.005,0.895995173357962,8.67399999999998,0
"two_factor",300,28,"ordpp item",0.190597459403539,0.160682572004464,0.0107963322188949,2.66626035979705,0.005,0.883880744928987,78.2370000000001,0
"two_factor",300,28,"PCA, equal scores",0.14042874812563,0.130087572191009,0.00598264206200553,2.76600486647306,0.005,0.905083522759674,0.0109999999999673,NA
"two_factor",300,28,"Polychoric PCA",0.138824706262692,0.12902648281188,0.00592272801357358,2.75803254359068,0.005,0.902913703493849,0.343000000000302,NA
"two_factor",300,28,"Gifi princals",0.14056736550908,0.127304767526393,0.00631439313125077,2.69709615174756,0.005,0.898323013304585,0.0549999999998363,NA
"two_factor",300,28,"ordPens ordPCA",0.138291953755444,0.130663642730073,0.00617854762372019,2.75622593568405,0.005,0.906026639533814,0.01299999999992,NA
"two_factor",300,29,"ordpp linear",0.121331490404161,0.119237562521381,0.00500614353365905,2.68745253667303,0.005,0.910459740256147,0.844000000000051,0
"two_factor",300,29,"ordpp common",0.152067582871237,0.149035582588692,0.0102876045237281,2.56416178313857,0.005,0.88874899746908,2.11799999999994,0
"two_factor",300,29,"ordpp item",0.167654542942928,0.11798621658124,0.00769119539237827,2.39829380837844,0.005,0.878922242129267,70.2040000000002,0
"two_factor",300,29,"PCA, equal scores",0.114381230079366,0.120922412754333,0.00439644518141514,2.8056127405431,0.005,0.892187540154519,0.00400000000036016,NA
"two_factor",300,29,"Polychoric PCA",0.113796597058614,0.120242662007475,0.00433340880854379,2.80412138005279,0.005,0.889901895471927,0.820999999999913,NA
"two_factor",300,29,"Gifi princals",0.131731329480275,0.114414458985564,0.00475954512928505,2.65069819631647,0.005,0.885201795968293,0.163000000000011,NA
"two_factor",300,29,"ordPens ordPCA",0.117893428015998,0.120032264873216,0.00433938012735292,2.79732778034599,0.005,0.883023169602497,0.0169999999998254,NA
"two_factor",300,30,"ordpp linear",0.133179468936435,0.128710157859024,0.00496471606900387,2.8747554317671,0.005,0.923519739014343,0.573999999999614,0
"two_factor",300,30,"ordpp common",0.173949343952072,0.164019808989922,0.0109013872636771,2.70731388449383,0.005,0.888690667524626,2.37199999999984,0
"two_factor",300,30,"ordpp item",0.17942148215966,0.155469521595646,0.01025822152904,2.66417309562249,0.005,0.884125777184583,57.636,0
"two_factor",300,30,"PCA, equal scores",0.126104259391487,0.120830236177649,0.00395174976208834,2.8868777309488,0.005,0.917703084520299,0.00199999999995271,NA
"two_factor",300,30,"Polychoric PCA",0.124194382145406,0.119818585114542,0.00384131519068799,2.88537719642742,0.005,0.916295838555744,0.224999999999909,NA
"two_factor",300,30,"Gifi princals",0.120708821100484,0.103896117539964,0.00396535822021298,2.73238477519812,0.005,0.895620317576125,0.0630000000001019,NA
"two_factor",300,30,"ordPens ordPCA",0.125575713950165,0.117656618333683,0.00385838690734294,2.86916935408157,0.005,0.914048829205847,0.0150000000003274,NA
"two_factor",300,31,"ordpp linear",0.0908073471903627,0.131455939090932,0.0060888114972421,2.78201436567693,0.005,0.907472196553153,0.661000000000058,0
"two_factor",300,31,"ordpp common",0.116349582843872,0.164011818051051,0.0110506686827575,2.72042121412499,0.005,0.887650384231376,2.20600000000013,0
"two_factor",300,31,"ordpp item",0.133721701226837,0.133309319482757,0.00845401817601894,2.58330089678173,0.005,0.866720401781031,77.7179999999998,0
"two_factor",300,31,"PCA, equal scores",0.0843986735728485,0.133266484219564,0.00607392930460646,2.81640959979248,0.005,0.91570819879301,0.00399999999990541,NA
"two_factor",300,31,"Polychoric PCA",0.085288400946719,0.134565030564074,0.00614339166824718,2.82703974932046,0.005,0.916281905148794,1.67800000000034,NA
"two_factor",300,31,"Gifi princals",0.0699538926525065,0.0903675207757828,0.00188014721750173,2.70875051726636,0.005,0.891422332402924,0.0830000000000837,NA
"two_factor",300,31,"ordPens ordPCA",0.0774784716289458,0.119437728178799,0.00436157273981765,2.80179524320882,0.005,0.913678428677635,0.0219999999999345,NA
"two_factor",300,32,"ordpp linear",0.108889258563876,0.0990977026182832,0.00262171293878138,2.80756472544114,0.005,0.911327298426942,0.67699999999968,0
"two_factor",300,32,"ordpp common",0.141535112840885,0.151303688937848,0.0116151291985851,2.7172704702053,0.005,0.883743481811914,2.1550000000002,0
"two_factor",300,32,"ordpp item",0.150349476741511,0.147184969607596,0.0125389116545449,2.66657143077898,0.005,0.874603383547148,90.654,0
"two_factor",300,32,"PCA, equal scores",0.104692011595311,0.109933818169416,0.0032948762235444,2.90631504566608,0.005,0.919778234718723,0.00300000000015643,NA
"two_factor",300,32,"Polychoric PCA",0.103876775286024,0.110646091526044,0.00338007310466532,2.90616901434171,0.005,0.919685124831687,3.95699999999988,NA
"two_factor",300,32,"Gifi princals",0.0942305545013196,0.0819658956412881,0.00136045498549287,2.86046736767477,0.005,0.91488987274937,0.167999999999665,NA
"two_factor",300,32,"ordPens ordPCA",0.0981940198370999,0.0989137812652898,0.00221743815932737,2.90674816442612,0.005,0.922186168982846,0.0150000000003274,NA
"two_factor",300,33,"ordpp linear",0.122418586677772,0.11090737755457,0.00408110858422916,2.70263649338533,0.005,0.920938529975862,0.353000000000065,0
"two_factor",300,33,"ordpp common",0.149541366856668,0.136970764972261,0.00893554979762316,2.55193458787224,0.005,0.891608611561537,1.81799999999976,0
"two_factor",300,33,"ordpp item",0.167458283257073,0.12103922139462,0.00921011927092436,2.4465383023077,0.005,0.872081051100039,60.8870000000002,0
"two_factor",300,33,"PCA, equal scores",0.116434857327407,0.112722995097938,0.00416929731103075,2.72170130402373,0.005,0.920930233164792,0.00199999999995271,NA
"two_factor",300,33,"Polychoric PCA",0.115259327601644,0.111710400527989,0.0041086649341827,2.7152234419175,0.005,0.919676876129827,0.527999999999793,NA
"two_factor",300,33,"Gifi princals",0.0886368343285383,0.0777635249998384,0.00123407347129293,2.63868749230558,0.005,0.92143808333453,0.159999999999854,NA
"two_factor",300,33,"ordPens ordPCA",0.104095323466739,0.099588484394095,0.00278961693611384,2.71571906299549,0.005,0.925105232053939,0.012000000000171,NA
"two_factor",300,34,"ordpp linear",0.146199358376788,0.131084066459725,0.00652232292354497,2.80425843497431,0.005,0.924784357282172,0.776999999999589,0
"two_factor",300,34,"ordpp common",0.19307827954158,0.166715661477284,0.0132007436036783,2.6919163406994,0.005,0.897081664706985,2.19500000000016,0
"two_factor",300,34,"ordpp item",0.199963235938418,0.16546820207948,0.0130611881063337,2.6755289593417,0.005,0.893787265064782,70.2689999999998,0
"two_factor",300,34,"PCA, equal scores",0.138771839579971,0.112118650062142,0.00509342639115432,2.66881472890267,0.005,0.902827942540342,0.00600000000031287,NA
"two_factor",300,34,"Polychoric PCA",0.138168299754773,0.111798308531029,0.00512331461048028,2.66127239742349,0.005,0.901428520226175,0.731000000000222,NA
"two_factor",300,34,"Gifi princals",0.132637543201726,0.102463731665985,0.00385410935151264,2.60951138413984,0.005,0.881466120409724,0.175999999999931,NA
"two_factor",300,34,"ordPens ordPCA",0.135952796257424,0.110421053859411,0.00449382609598916,2.64992348858427,0.005,0.894941521606547,0.0329999999999018,NA
"two_factor",300,35,"ordpp linear",0.101703878950761,0.170794207223454,0.00852206194670957,3.04438823626113,0.005,0.920837838831905,2.23999999999978,0
"two_factor",300,35,"ordpp common",0.133886572621173,0.21233942385534,0.0151917651482133,2.93096179491276,0.005,0.889771838963071,4.73299999999972,0
"two_factor",300,35,"ordpp item",0.147357775310439,0.193393109403729,0.0148291177537974,2.80363933734518,0.005,0.879317303347775,100.012,0
"two_factor",300,35,"PCA, equal scores",0.0981595076659248,0.160522022582292,0.00825464169413205,2.9480828760818,0.005,0.912778778863029,0.00299999999970169,NA
"two_factor",300,35,"Polychoric PCA",0.0982752527792314,0.161391711745049,0.00838388703793419,2.94588612321268,0.005,0.915205883310102,0.503000000000156,NA
"two_factor",300,35,"Gifi princals",0.0811035777762406,0.137170158883557,0.00608211757930767,2.9473575466625,0.005,0.894804562351207,0.157999999999902,NA
"two_factor",300,35,"ordPens ordPCA",0.0881376820581573,0.150685395664217,0.00709766636535549,2.95294061996557,0.005,0.9120835572009,0.0109999999999673,NA
"two_factor",300,36,"ordpp linear",0.110914656171445,0.0983971963571939,0.00254515278325921,2.73127493365945,0.005,0.899494612322561,0.684999999999945,0
"two_factor",300,36,"ordpp common",0.141360786133805,0.116483779488572,0.00644175112239297,2.51127319646588,0.005,0.865430765966366,2.08699999999999,0
"two_factor",300,36,"ordpp item",0.152363682181376,0.101869566801483,0.00526373676748417,2.42938853329199,0.005,0.861158772278777,90.509,0
"two_factor",300,36,"PCA, equal scores",0.105335467436825,0.0890100268323257,0.00220284908439983,2.63934821992071,0.005,0.87638490833834,0.00200000000040745,NA
"two_factor",300,36,"Polychoric PCA",0.106022288596974,0.0899959533210485,0.00223813569651089,2.6491955268232,0.005,0.879513048579018,0.481999999999971,NA
"two_factor",300,36,"Gifi princals",0.0972353905344462,0.0684619279534074,0.00336315237684702,2.52174397610852,0.005,0.838325121033971,1.19599999999991,NA
"two_factor",300,36,"ordPens ordPCA",0.101552149315847,0.0796651611107681,0.00236219907144642,2.62982370325346,0.005,0.859167645266258,0.0659999999998035,NA
"two_factor",300,37,"ordpp linear",0.102347548152994,0.0976488477176193,0.00372790799519321,2.69655785794851,0.005,0.927466891510532,0.936999999999898,0
"two_factor",300,37,"ordpp common",0.13742049696117,0.119302766616274,0.00832987753395437,2.50085063412098,0.005,0.906407912901678,6.8140000000003,0
"two_factor",300,37,"ordpp item",0.153888966956327,0.122600444748752,0.0096665307281197,2.48972952560548,0.005,0.895261402734854,72.6489999999999,0
"two_factor",300,37,"PCA, equal scores",0.0974134729936048,0.0804334385076717,0.00190266659416001,2.55829094889518,0.005,0.911285855915871,0.00199999999995271,NA
"two_factor",300,37,"Polychoric PCA",0.097091443903235,0.079872556842976,0.00184827806152323,2.55535436360157,0.005,0.910817002772473,0.335000000000036,NA
"two_factor",300,37,"Gifi princals",0.075476563507012,0.0646491462712762,0.000805235082169872,2.54013432486697,0.005,0.903843425786777,0.0979999999999563,NA
"two_factor",300,37,"ordPens ordPCA",0.0893072754444456,0.0769344148352833,0.0017211879924794,2.57084301248752,0.005,0.911780301350536,0.012000000000171,NA
"two_factor",300,38,"ordpp linear",0.117900718699578,0.114989795383769,0.00472359817744239,2.66525890548084,0.005,0.914332864770833,1.15300000000025,0
"two_factor",300,38,"ordpp common",0.143400207192106,0.15900018140141,0.011281946159958,2.60896734505259,0.005,0.898790880069039,3.32799999999997,0
"two_factor",300,38,"ordpp item",0.156942683195243,0.149597021109214,0.0102829775847245,2.59609849979473,0.005,0.892312857179792,73.0160000000001,0
"two_factor",300,38,"PCA, equal scores",0.113116750884184,0.121339942098337,0.0050907561613467,2.71281730492473,0.005,0.918023742248539,0.00199999999995271,NA
"two_factor",300,38,"Polychoric PCA",0.114137300451265,0.118939743135075,0.00487776098183284,2.70570156265924,0.005,0.915546735464058,0.220000000000255,NA
"two_factor",300,38,"Gifi princals",0.118035947988508,0.0941307520865095,0.00350728513441569,2.55498195691353,0.005,0.893984879262792,0.099999999999909,NA
"two_factor",300,38,"ordPens ordPCA",0.113450912699033,0.120171498980584,0.00491128186360251,2.7271882729181,0.005,0.920199865590224,0.01299999999992,NA
"two_factor",300,39,"ordpp linear",0.136859583805555,0.103987353503592,0.00388463507179473,2.67464227371381,0.005,0.894641201130285,0.735999999999876,0
"two_factor",300,39,"ordpp common",0.177164220390126,0.121311265975151,0.00718906445763282,2.54545152695976,0.005,0.882891044224556,2.26900000000023,0
"two_factor",300,39,"ordpp item",0.185602603340588,0.115510077521666,0.00654165059271083,2.50948548196573,0.005,0.876686821612123,54.1309999999999,0
"two_factor",300,39,"PCA, equal scores",0.134406923401208,0.106361238178606,0.0040157443928247,2.71563944273343,0.005,0.89897357503837,0.00299999999970169,NA
"two_factor",300,39,"Polychoric PCA",0.13198441618017,0.106157131628703,0.00404127749032895,2.72800186387162,0.005,0.905997544534154,0.243999999999687,NA
"two_factor",300,39,"Gifi princals",0.117580546537599,0.0908571210119803,0.0037244855564436,2.7106556996476,0.005,0.901102008417511,0.153999999999996,NA
"two_factor",300,39,"ordPens ordPCA",0.128533985650184,0.102153701225003,0.00384571259496506,2.73779070618092,0.005,0.903041955863754,0.0109999999999673,NA
"two_factor",300,40,"ordpp linear",0.104324673925433,0.122368459230943,0.00517168222835696,2.72468290146014,0.005,0.924144571304597,0.875,0
"two_factor",300,40,"ordpp common",0.134330998869979,0.167963100553273,0.0122173316962864,2.61673208204302,0.005,0.903675668497473,3.2470000000003,0
"two_factor",300,40,"ordpp item",0.150892453158934,0.143562233458133,0.01051191870772,2.47925299307043,0.005,0.897356978670718,36.9429999999998,0
"two_factor",300,40,"PCA, equal scores",0.100210219492991,0.134678288528504,0.0058543933903136,2.82673342435021,0.005,0.926363423920143,0.00199999999995271,NA
"two_factor",300,40,"Polychoric PCA",0.100288414523535,0.13293880929001,0.00573076478248511,2.81811496301539,0.005,0.925802841352416,0.257000000000062,NA
"two_factor",300,40,"Gifi princals",0.106463589276657,0.107000419311249,0.00377449996640175,2.69810533844742,0.005,0.918360492536448,0.0630000000001019,NA
"two_factor",300,40,"ordPens ordPCA",0.0987672782476696,0.129794473802364,0.00529831273177606,2.82413836695971,0.005,0.928493616986493,0.0100000000002183,NA
"two_factor",300,41,"ordpp linear",0.111839224778702,0.114508759460377,0.00450800548408751,2.68501544904052,0.005,0.899589285541011,3.01000000000022,0
"two_factor",300,41,"ordpp common",0.139958034010954,0.14393400546812,0.00988438935600311,2.5356067065783,0.005,0.864061513240024,5.55999999999995,0
"two_factor",300,41,"ordpp item",0.149326639491604,0.1432596827862,0.0101829645214616,2.5195371554663,0.005,0.860117722821569,68.1909999999998,0
"two_factor",300,41,"PCA, equal scores",0.108114153941435,0.114905468408258,0.00415915773331229,2.73204194455642,0.005,0.894249073216032,0.00800000000026557,NA
"two_factor",300,41,"Polychoric PCA",0.106630051685871,0.112803845771489,0.00392391187596655,2.72943297550402,0.005,0.8907669044671,0.715999999999894,NA
"two_factor",300,41,"Gifi princals",0.108195057874417,0.0998373693684137,0.00298790461806551,2.65880280591751,0.005,0.882219753304755,0.0499999999997272,NA
"two_factor",300,41,"ordPens ordPCA",0.107730900877638,0.114356360238803,0.00403033470347839,2.73987678870976,0.005,0.89398196163524,0.0230000000001382,NA
"two_factor",300,42,"ordpp linear",0.135233847266724,0.110214075332885,0.00514865155299569,2.68801865390185,0.005,0.922730740063649,3.08699999999999,0
"two_factor",300,42,"ordpp common",0.171614546166648,0.133885568528197,0.00901690958410933,2.57998222075857,0.005,0.899774541823446,4.44800000000032,0
"two_factor",300,42,"ordpp item",0.177493125616439,0.127621054487035,0.00866015073675735,2.52695929206734,0.005,0.899180150918063,77.6100000000001,0
"two_factor",300,42,"PCA, equal scores",0.133632617235782,0.103803608744642,0.00453812934121557,2.66361473122772,0.005,0.921019958282409,0.00300000000015643,NA
"two_factor",300,42,"Polychoric PCA",0.132637213788983,0.102127582608323,0.00429145419887311,2.66486811574293,0.005,0.919914997991059,0.304999999999836,NA
"two_factor",300,42,"Gifi princals",0.134033173447528,0.106947893909608,0.00435720708360147,2.68454366877641,0.005,0.924336782409357,0.0630000000001019,NA
"two_factor",300,42,"ordPens ordPCA",0.132859889862148,0.0997191620700456,0.00396219006488938,2.64739212350881,0.005,0.919085298466926,0.0210000000001855,NA
"two_factor",300,43,"ordpp linear",0.128754169470442,0.144459574504034,0.00680932138265997,2.85023224243266,0.005,0.922237008210689,0.856999999999971,0
"two_factor",300,43,"ordpp common",0.14997993132225,0.181068139728805,0.0123163563947915,2.75250374723212,0.005,0.904088421427927,2.77200000000039,0
"two_factor",300,43,"ordpp item",0.159153596461029,0.163659943522345,0.0110803649775725,2.65277400084286,0.005,0.893873114991344,56.1840000000002,0
"two_factor",300,43,"PCA, equal scores",0.111759356133981,0.135701548942882,0.00488645072623888,3.00900945118505,0.005,0.90381212997483,0.00300000000015643,NA
"two_factor",300,43,"Polychoric PCA",0.111621855431394,0.137416812678952,0.00508266612597817,3.00619272448153,0.005,0.905693894298613,0.320999999999913,NA
"two_factor",300,43,"Gifi princals",0.113596083251758,0.131907179359282,0.00508716837829278,2.95397871045947,0.005,0.897559781615466,0.0709999999999127,NA
"two_factor",300,43,"ordPens ordPCA",0.11043958802388,0.134676917348421,0.0050794554888691,2.99383517420344,0.005,0.901164763285143,0.0140000000001237,NA
"two_factor",300,44,"ordpp linear",0.135446968739372,0.13787814901129,0.00603143889812671,2.91302272030646,0.005,0.902624373857592,0.72400000000016,0
"two_factor",300,44,"ordpp common",0.172059020597437,0.169348813672865,0.0105761053524811,2.79716071151393,0.005,0.876090503759336,3.54099999999971,0
"two_factor",300,44,"ordpp item",0.182966744705403,0.163473850164864,0.00974872007112197,2.79796509510479,0.005,0.864943184315472,114.593,0
"two_factor",300,44,"PCA, equal scores",0.123961132183537,0.119071236658884,0.00355535698022055,2.96296322394211,0.005,0.881355576150804,0.00499999999965439,NA
"two_factor",300,44,"Polychoric PCA",0.122613870718676,0.117390562324833,0.00340226301141435,2.96059857085076,0.005,0.878265117560982,0.675999999999931,NA
"two_factor",300,44,"Gifi princals",0.12312505032643,0.10057659402935,0.00314875289765828,2.7555981923919,0.005,0.873861749443212,0.0869999999999891,NA
"two_factor",300,44,"ordPens ordPCA",0.120386064477473,0.10977334543334,0.00288625432617916,2.91162233819026,0.005,0.871724889594085,0.0720000000001164,NA
"two_factor",300,45,"ordpp linear",0.0946316826380561,0.0810877394789362,0.00125654145295855,2.72058664412721,0.005,0.907836201279046,0.608000000000175,0
"two_factor",300,45,"ordpp common",0.12605825158277,0.0947991376454559,0.00433235490802254,2.42239073485936,0.005,0.886070209570432,2.15800000000036,0
"two_factor",300,45,"ordpp item",0.13903903715429,0.091585971854359,0.00459863111798417,2.34281101407128,0.005,0.880931489510604,49.9459999999999,0
"two_factor",300,45,"PCA, equal scores",0.0874786799999042,0.0760830766233305,0.00144625288678312,2.6669143848213,0.005,0.905028743397804,0.00399999999990541,NA
"two_factor",300,45,"Polychoric PCA",0.0866989134300465,0.0750550589399761,0.00144480134029812,2.65408258140465,0.005,0.902800716986631,0.277000000000044,NA
"two_factor",300,45,"Gifi princals",0.0710748333897025,0.0686863072185863,0.00455621558558754,2.67714225919035,0.005,0.883224762340458,0.142999999999574,NA
"two_factor",300,45,"ordPens ordPCA",0.0790132004158817,0.0741324784104266,0.00272151100554721,2.69537603952582,0.005,0.903889547530932,0.0149999999998727,NA
"two_factor",300,46,"ordpp linear",0.141065507975145,0.0905048090803801,0.00341376969577885,2.57604831091271,0.005,0.916004261772602,0.483999999999924,0
"two_factor",300,46,"ordpp common",0.166382113912714,0.106948551885043,0.00600719104805152,2.46982069148616,0.005,0.903566414161485,2.45100000000002,0
"two_factor",300,46,"ordpp item",0.171227143128857,0.107959060960871,0.00611358506508272,2.45032496209347,0.005,0.900608406891058,30.7999999999997,0
"two_factor",300,46,"PCA, equal scores",0.138975612212482,0.0925964268797585,0.00404753615577283,2.55853695252501,0.005,0.910085706783966,0.00200000000040745,NA
"two_factor",300,46,"Polychoric PCA",0.138834915311059,0.0926055989073443,0.00409599976293251,2.55343254880457,0.005,0.909389779075097,0.302999999999884,NA
"two_factor",300,46,"Gifi princals",0.125953696309091,0.0860690800335929,0.00282501512152545,2.48127343696101,0.005,0.904059545692804,0.0450000000000728,NA
"two_factor",300,46,"ordPens ordPCA",0.137541389738076,0.0882715694886019,0.00255378441759417,2.56110792886363,0.005,0.915356894948234,0.0179999999995744,NA
"two_factor",300,47,"ordpp linear",0.149187593869557,0.0933711266863479,0.00373814943542605,2.49553390171752,0.005,0.888868634108967,0.838000000000193,0
"two_factor",300,47,"ordpp common",0.188531470008403,0.125046634334626,0.00877507476171254,2.42301530989704,0.005,0.872152655896665,2.74299999999994,0
"two_factor",300,47,"ordpp item",0.195668499444178,0.114697982800992,0.00846246310827121,2.32442982775059,0.005,0.856858495612401,60.7249999999999,0
"two_factor",300,47,"PCA, equal scores",0.139098747771704,0.0991488400819235,0.00411428277706219,2.54338766962369,0.005,0.889815759141649,0.00300000000015643,NA
"two_factor",300,47,"Polychoric PCA",0.135968118222313,0.0978881652663371,0.00396711043243888,2.5411675328415,0.005,0.887426179510973,1.05499999999984,NA
"two_factor",300,47,"Gifi princals",0.137428852605929,0.0780475070859307,0.00378016836646627,2.38162817429246,0.005,0.884074843466594,0.338000000000193,NA
"two_factor",300,47,"ordPens ordPCA",0.136718536667086,0.0936038800381585,0.00407689074190579,2.51981665721037,0.005,0.887123963727606,0.0239999999998872,NA
"two_factor",300,48,"ordpp linear",0.117846872593496,0.0988105600965875,0.0039534321720396,2.53928237269003,0.005,0.891934272914805,0.489999999999782,0
"two_factor",300,48,"ordpp common",0.161336293452993,0.130742217319596,0.0094771335974808,2.43993975160568,0.005,0.868192102557085,2.05000000000018,0
"two_factor",300,48,"ordpp item",0.170053204696961,0.120543459249956,0.00838133973316266,2.39995300522906,0.005,0.857972719977996,56.0749999999998,0
"two_factor",300,48,"PCA, equal scores",0.115000647637224,0.102036406944635,0.00387291540226097,2.59180586418272,0.005,0.898690975095941,0.00300000000015643,NA
"two_factor",300,48,"Polychoric PCA",0.114072053989492,0.102014636537783,0.00388506192122948,2.58908021880611,0.005,0.899093933696024,0.386999999999716,NA
"two_factor",300,48,"Gifi princals",0.109340852591436,0.0926707243295186,0.00315485634746378,2.54451321946199,0.005,0.876799344255576,0.0889999999999418,NA
"two_factor",300,48,"ordPens ordPCA",0.114188696005535,0.100051698941476,0.00376864331639952,2.58041339119579,0.005,0.897748359748345,0.0109999999999673,NA
"two_factor",300,49,"ordpp linear",0.110775201880344,0.114883427272738,0.00512727474441832,2.64402843922389,0.005,0.886113897588679,0.922000000000025,0
"two_factor",300,49,"ordpp common",0.15147412151417,0.155570405291522,0.0110117462876814,2.59893405865373,0.005,0.854860654423435,3.04800000000023,0
"two_factor",300,49,"ordpp item",0.162072115543396,0.149706812304946,0.0110453395527591,2.52820608202542,0.005,0.840955569641637,70.9270000000001,0
"two_factor",300,49,"PCA, equal scores",0.108769669684037,0.115972556836116,0.00500308249802087,2.6862145140913,0.005,0.890363245274123,0.00399999999990541,NA
"two_factor",300,49,"Polychoric PCA",0.107918559506431,0.122051002822073,0.00544028631255443,2.73063483332326,0.005,0.89863163936114,0.298000000000229,NA
"two_factor",300,49,"Gifi princals",0.113292090609314,0.109629389150169,0.00478617856554649,2.61031140332896,0.005,0.885545124630402,0.15099999999984,NA
"two_factor",300,49,"ordPens ordPCA",0.108447650486725,0.11309369840471,0.00471467826709981,2.66839910245668,0.005,0.887499029691747,0.0160000000000764,NA
"two_factor",300,50,"ordpp linear",0.13306344212276,0.099879870900937,0.00379756926503194,2.62903019374821,0.005,0.90709668360557,0.834000000000287,0
"two_factor",300,50,"ordpp common",0.182786663724871,0.118253743093758,0.00765261404706065,2.46716749273857,0.005,0.884657362276033,5.80699999999979,0
"two_factor",300,50,"ordpp item",0.196739185635033,0.11658592712002,0.00765432645653293,2.43648345265191,0.005,0.870439158036914,82.0149999999999,0
"two_factor",300,50,"PCA, equal scores",0.125087614221304,0.10537249706839,0.00410236807231316,2.64918534938492,0.005,0.888429310675817,0.00300000000015643,NA
"two_factor",300,50,"Polychoric PCA",0.121596031620692,0.104553146999835,0.00390367288570237,2.65372344082276,0.005,0.879652349632406,0.759000000000015,NA
"two_factor",300,50,"Gifi princals",0.132336831360392,0.109986410916247,0.00490527838737543,2.66014408685095,0.005,0.854215131733474,0.115999999999985,NA
"two_factor",300,50,"ordPens ordPCA",0.128925842211199,0.107482109837824,0.00450581861313602,2.66911873822986,0.005,0.87709175855243,0.0299999999997453,NA
"two_factor",800,1,"ordpp linear",0.11291934451975,0.119927142555473,0.0046804252477563,2.80866118121818,0.005,0.908977683947489,1.84500000000025,0
"two_factor",800,1,"ordpp common",0.144390840085605,0.15214842915787,0.00971505635689105,2.68300507825844,0.005,0.883976943487442,5.10699999999997,0
"two_factor",800,1,"ordpp item",0.148702591524092,0.148395353720226,0.00970501194457745,2.63977423932356,0.005,0.87852700034572,126.295,0
"two_factor",800,1,"PCA, equal scores",0.10954265771063,0.117255479638953,0.0043279099800021,2.80603875029542,0.005,0.903599840589813,0.00399999999990541,NA
"two_factor",800,1,"Polychoric PCA",0.110489540673863,0.118149271921322,0.00442395592462699,2.80821939171163,0.005,0.905462499233915,0.321000000000367,NA
"two_factor",800,1,"Gifi princals",0.0991704312435858,0.0988929357502318,0.00228909273299482,2.78018327160009,0.005,0.90062155074059,0.139999999999873,NA
"two_factor",800,1,"ordPens ordPCA",0.0999543860401364,0.103758067279558,0.00273127118085136,2.78780824469207,0.005,0.902474078210218,0.0210000000001855,NA
"two_factor",800,2,"ordpp linear",0.117593627628904,0.115876383839947,0.00424871304809293,2.75546501572428,0.005,0.912982938838736,1.98000000000002,0
"two_factor",800,2,"ordpp common",0.142956742939084,0.144039899414943,0.00896332410095584,2.62701419790142,0.005,0.892437943382024,5.18499999999995,0
"two_factor",800,2,"ordpp item",0.152287988748833,0.143726029208215,0.00953551357020542,2.56871152304909,0.005,0.883362305673831,53.3209999999999,0
"two_factor",800,2,"PCA, equal scores",0.113690389125106,0.110503626484313,0.00356029804348875,2.76342496674228,0.005,0.908676593891394,0.00399999999990541,NA
"two_factor",800,2,"Polychoric PCA",0.113141142954539,0.110032366543987,0.00352457964334107,2.76189392110334,0.005,0.90838925757909,0.304000000000087,NA
"two_factor",800,2,"Gifi princals",0.114251921829623,0.106410400100946,0.0032743496609038,2.74449338275246,0.005,0.907935970384746,0.108000000000175,NA
"two_factor",800,2,"ordPens ordPCA",0.112302177447069,0.108167661856325,0.00334294650700234,2.75892749341525,0.005,0.906957283095425,0.0270000000000437,NA
"two_factor",800,3,"ordpp linear",0.132020092715855,0.108541101534092,0.0040861319155704,2.67182236298404,0.005,0.906164525156058,2.60400000000027,0
"two_factor",800,3,"ordpp common",0.173393345656066,0.135369546604152,0.00893467153278763,2.54078837196814,0.005,0.878642006241522,9.471,0
"two_factor",800,3,"ordpp item",0.175728369105589,0.133812682159228,0.00907436148257967,2.5146588617257,0.005,0.876330626180414,136.452,0
"two_factor",800,3,"PCA, equal scores",0.129295509756909,0.111459492278692,0.00430064075900794,2.69527918421367,0.005,0.905871453643905,0.00799999999981083,NA
"two_factor",800,3,"Polychoric PCA",0.129495367585553,0.111493292617285,0.0043197122902705,2.69379471772382,0.005,0.905890671415578,0.30600000000004,NA
"two_factor",800,3,"Gifi princals",0.123006472458785,0.105698112835443,0.00382455336353761,2.68117282564931,0.005,0.906084664143428,0.206000000000131,NA
"two_factor",800,3,"ordPens ordPCA",0.126217540816889,0.108785669690588,0.00406313616628078,2.69213142797564,0.005,0.907675224886007,0.0360000000000582,NA
"two_factor",800,4,"ordpp linear",0.138309114260537,0.139927102335273,0.00679004930700341,2.8104587462912,0.005,0.920064447570861,1.30400000000009,0
"two_factor",800,4,"ordpp common",0.179486244422598,0.168157504433198,0.0117002095601686,2.69309970119109,0.005,0.883741137178082,4.99299999999994,0
"two_factor",800,4,"ordpp item",0.186369986013249,0.162497821976348,0.0113634130524575,2.65256920523916,0.005,0.881829248425859,73.9590000000003,0
"two_factor",800,4,"PCA, equal scores",0.136897221203309,0.142454729950425,0.00702088883917738,2.82261919347139,0.005,0.919376382922906,0.00400000000036016,NA
"two_factor",800,4,"Polychoric PCA",0.136580847151533,0.142624515514033,0.00704953101568783,2.8223092516523,0.005,0.919086930591865,0.290999999999713,NA
"two_factor",800,4,"Gifi princals",0.139408207917165,0.143535784101508,0.00718199863034637,2.81003836564416,0.005,0.916510272337573,0.0909999999998945,NA
"two_factor",800,4,"ordPens ordPCA",0.139948835032909,0.14345052720875,0.00713354243271829,2.81385231210787,0.005,0.92019219030716,0.0709999999999127,NA
"two_factor",800,5,"ordpp linear",0.113887034910037,0.107960520880951,0.00330063992197306,2.77226305582002,0.005,0.914625937373512,2.08399999999983,0
"two_factor",800,5,"ordpp common",0.144973605671981,0.138111406096352,0.0084956547626742,2.60990583457651,0.005,0.88393159077115,8.14399999999978,0
"two_factor",800,5,"ordpp item",0.148637313995098,0.13461454127462,0.00855855753679577,2.55897893313005,0.005,0.879232216028986,44.232,0
"two_factor",800,5,"PCA, equal scores",0.112384943224237,0.10688203604371,0.00321750924159641,2.76879658790155,0.005,0.914613243421823,0.00399999999990541,NA
"two_factor",800,5,"Polychoric PCA",0.112131807001002,0.107693070843814,0.00327299444939775,2.77343036609424,0.005,0.914952204342853,0.255000000000109,NA
"two_factor",800,5,"Gifi princals",0.103754950250695,0.104207214992443,0.00260779997601546,2.83508646780946,0.005,0.920843860067126,0.139999999999873,NA
"two_factor",800,5,"ordPens ordPCA",0.106433898903867,0.0977936944750033,0.00244105584017087,2.76302851877946,0.005,0.917226398284213,0.0280000000002474,NA
"two_factor",800,6,"ordpp linear",0.13652736474356,0.122675822924035,0.00477349253009708,2.78975799901801,0.005,0.913586487015468,1.17099999999982,0
"two_factor",800,6,"ordpp common",0.175471998383923,0.164953506582537,0.0113072375262858,2.68559359062837,0.005,0.883701819216451,3.42700000000013,0
"two_factor",800,6,"ordpp item",0.178726810419048,0.161827185914211,0.0112706692173429,2.65356988690179,0.005,0.881844256234713,89.5010000000002,0
"two_factor",800,6,"PCA, equal scores",0.135661462432087,0.122463780915673,0.0047285196107952,2.79308694670885,0.005,0.914257462614444,0.00399999999990541,NA
"two_factor",800,6,"Polychoric PCA",0.135460946798899,0.122322884059096,0.00475928555624463,2.78775073044775,0.005,0.914403058135531,0.288000000000011,NA
"two_factor",800,6,"Gifi princals",0.133155161929877,0.112849222739322,0.00428797559652293,2.71684322091135,0.005,0.911284195930177,0.184000000000196,NA
"two_factor",800,6,"ordPens ordPCA",0.134444331810474,0.119639349782068,0.00443227326028521,2.78649838733706,0.005,0.915018028764935,0.0269999999995889,NA
"two_factor",800,7,"ordpp linear",0.125302401674754,0.129167141994277,0.00562119142221163,2.77435009041211,0.005,0.903180693046608,0.833999999999833,0
"two_factor",800,7,"ordpp common",0.156132429104047,0.166635596230141,0.0110972935742415,2.72220075746358,0.005,0.874594700615014,3.84800000000041,0
"two_factor",800,7,"ordpp item",0.160496206390276,0.167521333048458,0.0116160638617833,2.70044478789892,0.005,0.869739414826878,75.6610000000001,0
"two_factor",800,7,"PCA, equal scores",0.124571144860844,0.127085274298903,0.00542982255016895,2.76639320603247,0.005,0.903397750009839,0.00400000000036016,NA
"two_factor",800,7,"Polychoric PCA",0.124255398530423,0.125189143792064,0.00528078491575163,2.75652836459202,0.005,0.902870842563592,1.42599999999993,NA
"two_factor",800,7,"Gifi princals",0.118144166975339,0.122176467586714,0.00522140793363977,2.72323792118815,0.005,0.901137354536407,0.093000000000302,NA
"two_factor",800,7,"ordPens ordPCA",0.120949842312508,0.122719825613813,0.00495540126111793,2.76183152673326,0.005,0.90405345546271,0.0189999999997781,NA
"two_factor",800,8,"ordpp linear",0.119481720231296,0.12586398844235,0.00569498055386606,2.75624059299866,0.005,0.921051162497889,1.21000000000004,0
"two_factor",800,8,"ordpp common",0.153694302628745,0.152310020510956,0.0105829480155212,2.6185076872703,0.005,0.896936737559868,3.47400000000016,0
"two_factor",800,8,"ordpp item",0.159193133942508,0.147275816310021,0.010395825961543,2.54893794606938,0.005,0.886988667549271,47.9650000000001,0
"two_factor",800,8,"PCA, equal scores",0.117752681148775,0.12839220412311,0.00571093787975458,2.78794336262773,0.005,0.923292310729637,0.00399999999990541,NA
"two_factor",800,8,"Polychoric PCA",0.117380191656604,0.128219477972115,0.00566713043513672,2.79009606288617,0.005,0.92338902684263,0.224999999999909,NA
"two_factor",800,8,"Gifi princals",0.107586867373198,0.114920251312753,0.00424593303112801,2.75727546976589,0.005,0.922561531475728,0.0809999999996762,NA
"two_factor",800,8,"ordPens ordPCA",0.11270561968971,0.121482268649165,0.00477013956911174,2.78693778318766,0.005,0.924176570285964,0.0329999999999018,NA
"two_factor",800,9,"ordpp linear",0.113205580779338,0.117999790787802,0.00418037961476156,2.82288716422887,0.005,0.927602483160301,1.99499999999989,0
"two_factor",800,9,"ordpp common",0.140908941051676,0.150510756432121,0.00940612148643725,2.68983336125393,0.005,0.907244699515796,7.44399999999996,0
"two_factor",800,9,"ordpp item",0.144238242236342,0.151543813823204,0.0101312122551889,2.6572917009445,0.005,0.90219586251193,80.6349999999998,0
"two_factor",800,9,"PCA, equal scores",0.112399266530674,0.1187897237771,0.00414415594639826,2.83963919990406,0.005,0.928312578240985,0.00399999999990541,NA
"two_factor",800,9,"Polychoric PCA",0.112122806115615,0.118928786391758,0.00414970661430927,2.84007537371784,0.005,0.928437368733943,0.316000000000258,NA
"two_factor",800,9,"Gifi princals",0.110207907212969,0.108931214858902,0.00389715738521643,2.76295843612888,0.005,0.925131127971316,0.0929999999998472,NA
"two_factor",800,9,"ordPens ordPCA",0.10989856906387,0.11245259413128,0.00403661657351278,2.8183872141173,0.005,0.925299017132527,0.0579999999999927,NA
"two_factor",800,10,"ordpp linear",0.119770346263881,0.119393484682996,0.00495186414345426,2.78941012762461,0.005,0.915846189391168,0.83199999999988,0
"two_factor",800,10,"ordpp common",0.15657409850103,0.152309505574036,0.0101767043350891,2.64685477648618,0.005,0.891909406209548,5.34700000000021,0
"two_factor",800,10,"ordpp item",0.159909393950913,0.150415250317828,0.0103320642269658,2.60878684868218,0.005,0.887056660723365,50.7600000000002,0
"two_factor",800,10,"PCA, equal scores",0.114243063520149,0.121512123902937,0.00503135743171543,2.8351797328737,0.005,0.915073817130964,0.00399999999990541,NA
"two_factor",800,10,"Polychoric PCA",0.113349210156955,0.12106458369104,0.00497860736560227,2.83714210371941,0.005,0.914073299765509,0.239000000000033,NA
"two_factor",800,10,"Gifi princals",0.109714961735039,0.112255547850366,0.00458229284810296,2.80602418064625,0.005,0.911390056018652,0.0740000000000691,NA
"two_factor",800,10,"ordPens ordPCA",0.111210016997016,0.1171475360528,0.00478608106132676,2.83293922696248,0.005,0.914095499793717,0.0150000000003274,NA
"two_factor",800,11,"ordpp linear",0.112183309331957,0.117463175797837,0.00461913867109847,2.73765413723237,0.005,0.910839846031911,0.634000000000015,0
"two_factor",800,11,"ordpp common",0.140254049394531,0.149102882452245,0.00983342504813977,2.61726709353455,0.005,0.88506618356098,2.90900000000011,0
"two_factor",800,11,"ordpp item",0.142489888774343,0.14840773216848,0.00996932079854017,2.59810533405912,0.005,0.882033489319472,49.1949999999997,0
"two_factor",800,11,"PCA, equal scores",0.108364371389505,0.115133200151255,0.0043236721367187,2.74547506037082,0.005,0.91578863358613,0.00399999999990541,NA
"two_factor",800,11,"Polychoric PCA",0.106676857190693,0.113392313360961,0.00415666796883386,2.73975726247446,0.005,0.915372023053349,0.273000000000138,NA
"two_factor",800,11,"Gifi princals",0.101198457702222,0.102553053740225,0.00304290945066561,2.74607014289305,0.005,0.914395027420693,0.109000000000378,NA
"two_factor",800,11,"ordPens ordPCA",0.100067639458794,0.104712879562934,0.00320376287373245,2.75051698438735,0.005,0.918578647449653,0.0170000000002801,NA
"two_factor",800,12,"ordpp linear",0.119358673805169,0.115628563311215,0.00416657088709333,2.77657418748035,0.005,0.918804694942277,0.728000000000065,0
"two_factor",800,12,"ordpp common",0.156342908554978,0.151002441057733,0.010430743325512,2.62559103678262,0.005,0.888928862962001,3.10899999999992,0
"two_factor",800,12,"ordpp item",0.164124770654577,0.149877789646187,0.0114637226876322,2.59787235297055,0.005,0.880768320579319,46.0430000000001,0
"two_factor",800,12,"PCA, equal scores",0.118129701213372,0.114905778385506,0.0041713070630351,2.76524949994744,0.005,0.918927898368882,0.00399999999990541,NA
"two_factor",800,12,"Polychoric PCA",0.118140894680943,0.11498805473454,0.00418642051172839,2.76452626708231,0.005,0.918853634615236,0.29300000000012,NA
"two_factor",800,12,"Gifi princals",0.110676966253504,0.104220332550596,0.00351221990905264,2.76247149987189,0.005,0.918415011145537,0.146999999999935,NA
"two_factor",800,12,"ordPens ordPCA",0.113746083297464,0.109044377092683,0.00383191611769231,2.77521635897636,0.005,0.919130178784227,0.0200000000004366,NA
"two_factor",800,13,"ordpp linear",0.109915468652961,0.117441707905632,0.00428488162047351,2.77441711784566,0.005,0.920442541114575,2.21000000000004,0
"two_factor",800,13,"ordpp common",0.136122558793585,0.145091829835385,0.00902903106183137,2.64312518613474,0.005,0.900268896961939,11.8740000000003,0
"two_factor",800,13,"ordpp item",0.138018838429264,0.145750595369342,0.00944090622617481,2.61554477935327,0.005,0.89604499426912,73.913,0
"two_factor",800,13,"PCA, equal scores",0.108314185127893,0.116699942378887,0.00420788980401354,2.77328914090696,0.005,0.916373224307926,0.00499999999965439,NA
"two_factor",800,13,"Polychoric PCA",0.108236003606767,0.116658539510464,0.00419949163151258,2.77331159317197,0.005,0.916531254663571,0.492000000000189,NA
"two_factor",800,13,"Gifi princals",0.0979963825698663,0.102327360653894,0.00396841625867466,2.72507149882127,0.005,0.904475018336017,0.0960000000000036,NA
"two_factor",800,13,"ordPens ordPCA",0.101722705599821,0.106890403896731,0.00377459572153038,2.75762269254175,0.005,0.910791704124761,0.0670000000000073,NA
"two_factor",800,14,"ordpp linear",0.113043360929294,0.11646841224823,0.00441700139229499,2.7542310762264,0.005,0.921263054157176,1.7180000000003,0
"two_factor",800,14,"ordpp common",0.139482912199059,0.145461373892504,0.0092597976290637,2.6311581524247,0.005,0.900821619857755,3.89999999999964,0
"two_factor",800,14,"ordpp item",0.145829769268216,0.141986986672853,0.00954904571856531,2.57721374593083,0.005,0.892629992615739,55.0709999999999,0
"two_factor",800,14,"PCA, equal scores",0.105372565933056,0.110271942993523,0.00424506151717707,2.67322409048658,0.005,0.893522344498751,0.00399999999990541,NA
"two_factor",800,14,"Polychoric PCA",0.104274090771973,0.109125130309064,0.00417891305803425,2.6632914765862,0.005,0.889520055915918,0.204000000000178,NA
"two_factor",800,14,"Gifi princals",0.0961866911157543,0.100207297038944,0.003392227498882,2.63787166698675,0.005,0.888951629009253,0.0549999999998363,NA
"two_factor",800,14,"ordPens ordPCA",0.0994985535058068,0.103891979684036,0.003570238171232,2.6679808075332,0.005,0.892117982409884,0.0270000000000437,NA
"two_factor",800,15,"ordpp linear",0.119802700354181,0.104469565796773,0.00360356683271153,2.66807282892558,0.005,0.903229719638828,1.43900000000031,0
"two_factor",800,15,"ordpp common",0.148589561083625,0.132385294074765,0.00830293345515403,2.55307531825443,0.005,0.871354036352382,7.2539999999999,0
"two_factor",800,15,"ordpp item",0.15391140753141,0.129104206621214,0.00847383292523089,2.51476668583915,0.005,0.864591216673314,54.2570000000001,0
"two_factor",800,15,"PCA, equal scores",0.11746174526599,0.106471380345584,0.0038561183744573,2.66831289587041,0.005,0.900626782308939,0.00400000000036016,NA
"two_factor",800,15,"Polychoric PCA",0.116931460987183,0.10782204084538,0.00401135091071262,2.6701714040907,0.005,0.900772161806235,0.233999999999924,NA
"two_factor",800,15,"Gifi princals",0.114770550510016,0.0965148148617783,0.00300574589438551,2.63780119672386,0.005,0.893572333774121,0.0630000000001019,NA
"two_factor",800,15,"ordPens ordPCA",0.115783938516991,0.102389771321114,0.00350437918204128,2.65923486073677,0.005,0.899220946367646,0.0309999999999491,NA
"two_factor",800,16,"ordpp linear",0.123236268208269,0.111750231629156,0.00414875097217415,2.71899491299218,0.005,0.917333901036327,0.636999999999716,0
"two_factor",800,16,"ordpp common",0.149108333118244,0.144090186849808,0.0091977326887903,2.6142815726323,0.005,0.896508371295116,2.33699999999999,0
"two_factor",800,16,"ordpp item",0.152723397277505,0.144742025738991,0.0096055537974791,2.58711801569243,0.005,0.890300493074528,51.491,0
"two_factor",800,16,"PCA, equal scores",0.11276365451023,0.0917665732352593,0.00272167922040653,2.60437098439168,0.005,0.893393824261126,0.00399999999990541,NA
"two_factor",800,16,"Polychoric PCA",0.111526069400122,0.0901613240737773,0.00261473714667471,2.59423106032821,0.005,0.890725156273081,0.255999999999858,NA
"two_factor",800,16,"Gifi princals",0.106845415712192,0.0785801661086791,0.00171217682994302,2.54603836563172,0.005,0.886366687925901,0.136999999999716,NA
"two_factor",800,16,"ordPens ordPCA",0.108874649144965,0.0849626129215621,0.00212656540020351,2.58810499802328,0.005,0.88918178538716,0.0270000000000437,NA
"two_factor",800,17,"ordpp linear",0.127017048228988,0.128765475674618,0.00515668994731709,2.82974437665703,0.005,0.914590522285205,1.1550000000002,0
"two_factor",800,17,"ordpp common",0.160152098579711,0.163525314470345,0.0108012956527623,2.70753384707639,0.005,0.8896424859116,3.97799999999961,0
"two_factor",800,17,"ordpp item",0.163243160906479,0.162521421852701,0.01110761445981,2.67372317531505,0.005,0.887170622998647,50.348,0
"two_factor",800,17,"PCA, equal scores",0.120366478973209,0.125847531482885,0.00551110249678356,2.75626879553242,0.005,0.897749004400313,0.00399999999990541,NA
"two_factor",800,17,"Polychoric PCA",0.120001245142124,0.125338030244255,0.00549928869662759,2.75062293117918,0.005,0.897095070782363,0.264999999999873,NA
"two_factor",800,17,"Gifi princals",0.111323090390184,0.117273618563517,0.00468443220346104,2.74101041369074,0.005,0.899235384057801,0.0700000000001637,NA
"two_factor",800,17,"ordPens ordPCA",0.115420962662021,0.119936500300554,0.00486790630842119,2.75105686442419,0.005,0.899763840647334,0.024000000000342,NA
"two_factor",800,18,"ordpp linear",0.124797649381898,0.109067986960976,0.00365062323894179,2.72660414153778,0.005,0.921867361118394,0.976000000000113,0
"two_factor",800,18,"ordpp common",0.158961422067057,0.137586902656514,0.00905580280161596,2.55513953503626,0.005,0.900956248387064,4.95600000000013,0
"two_factor",800,18,"ordpp item",0.161518510201421,0.134676968602522,0.00883905242049901,2.52852937617279,0.005,0.898285813164448,54.531,0
"two_factor",800,18,"PCA, equal scores",0.121904830437283,0.102375964020152,0.00308811888951445,2.70024297552451,0.005,0.915114508795412,0.00700000000006185,NA
"two_factor",800,18,"Polychoric PCA",0.121284163479003,0.101338602851099,0.00301084275003893,2.69515180890056,0.005,0.913805414111769,0.259000000000015,NA
"two_factor",800,18,"Gifi princals",0.110279837065173,0.0879613503880057,0.00217168533068302,2.64512954192835,0.005,0.903677778019486,0.148999999999887,NA
"two_factor",800,18,"ordPens ordPCA",0.116338030451084,0.094933271188599,0.0024750526904806,2.69534862323916,0.005,0.911615880158318,0.0309999999999491,NA
"two_factor",800,19,"ordpp linear",0.102575712262306,0.0916940753623139,0.00247819917412009,2.6333089542837,0.005,0.902517235303769,1.38000000000011,0
"two_factor",800,19,"ordpp common",0.131591813241203,0.114499301724606,0.0067559126807658,2.45228863034542,0.005,0.891863583444941,4.42100000000028,0
"two_factor",800,19,"ordpp item",0.141225312281353,0.110748371813952,0.00682154263664217,2.399096225158,0.005,0.880005511775587,56.8669999999997,0
"two_factor",800,19,"PCA, equal scores",0.0997602993941107,0.0899376871565924,0.00222142777620511,2.64822406321226,0.005,0.885934126479087,0.00600000000031287,NA
"two_factor",800,19,"Polychoric PCA",0.0997440305614515,0.0902106904971238,0.00225737685333779,2.64762508771606,0.005,0.887938813997793,0.310999999999694,NA
"two_factor",800,19,"Gifi princals",0.088498355937788,0.0761843866570683,0.00113543448457336,2.61416977658968,0.005,0.877789448699979,0.099999999999909,NA
"two_factor",800,19,"ordPens ordPCA",0.0926739534239287,0.0826269993085316,0.00150555987892885,2.64178634374469,0.005,0.88281061852591,0.0479999999997744,NA
"two_factor",800,20,"ordpp linear",0.110018623087495,0.0888423286158793,0.00240903329854664,2.60151974778666,0.005,0.907645308446495,1.48599999999988,0
"two_factor",800,20,"ordpp common",0.143818795924495,0.113911119665383,0.00674189379643833,2.47026043736012,0.005,0.871771267437215,4.28800000000001,0
"two_factor",800,20,"ordpp item",0.146848268028099,0.11238587086643,0.00711267137465149,2.43989538833766,0.005,0.866367315856559,59.71,0
"two_factor",800,20,"PCA, equal scores",0.108022349882283,0.0904061643819459,0.00219207954036972,2.65636823722417,0.005,0.906816849497977,0.00500000000010914,NA
"two_factor",800,20,"Polychoric PCA",0.10800991731344,0.0900143820476924,0.00219523334340829,2.64980928129637,0.005,0.906575558869209,0.259000000000015,NA
"two_factor",800,20,"Gifi princals",0.104249922189761,0.07976263269835,0.00179730083058069,2.57523560698652,0.005,0.904154602011753,0.0900000000001455,NA
"two_factor",800,20,"ordPens ordPCA",0.104686501101632,0.0851341029942724,0.00192061266724813,2.6573716939916,0.005,0.906242688352742,0.0309999999999491,NA
"two_factor",800,21,"ordpp linear",0.121254240053602,0.119801147904818,0.00503922247807982,2.73644613316613,0.005,0.914080740851187,1.16899999999987,0
"two_factor",800,21,"ordpp common",0.150514715041364,0.150364251895048,0.0097424159359197,2.65397615849246,0.005,0.900608735749569,4.05799999999999,0
"two_factor",800,21,"ordpp item",0.153506623479745,0.15085781323835,0.010189567923431,2.63320720590793,0.005,0.894870383843011,47.1620000000003,0
"two_factor",800,21,"PCA, equal scores",0.117844772193772,0.105473988071182,0.00414437517612158,2.62893723776285,0.005,0.90442326422138,0.00399999999990541,NA
"two_factor",800,21,"Polychoric PCA",0.11688995660064,0.101872693023757,0.00386620014459379,2.60641467186496,0.005,0.900802976121711,0.289999999999964,NA
"two_factor",800,21,"Gifi princals",0.104367160811405,0.0900952495218404,0.00294146253043008,2.5688658743118,0.005,0.898612802187689,0.08199999999988,NA
"two_factor",800,21,"ordPens ordPCA",0.110085560665132,0.0961193048701423,0.00337523382218239,2.59670424449991,0.005,0.902843820912003,0.0289999999999964,NA
"two_factor",800,22,"ordpp linear",0.0984250060955325,0.103146299350355,0.0036014732707028,2.68461233435769,0.005,0.913034270919656,0.791999999999916,0
"two_factor",800,22,"ordpp common",0.125803839667135,0.126582563110492,0.00759038641113714,2.55256288169448,0.005,0.885905531980069,3.26299999999992,0
"two_factor",800,22,"ordpp item",0.12768516595601,0.125419107667522,0.00770780489618619,2.53412526313388,0.005,0.883440308203811,43.9479999999999,0
"two_factor",800,22,"PCA, equal scores",0.0977151140181874,0.101549535115475,0.00349512902672009,2.67433391648743,0.005,0.913669737626486,0.00500000000010914,NA
"two_factor",800,22,"Polychoric PCA",0.0976092073124067,0.102166878508285,0.00350822963571825,2.68218493292934,0.005,0.913697592859311,0.229000000000269,NA
"two_factor",800,22,"Gifi princals",0.0847020344783741,0.092052198744837,0.00464480915432753,2.73494447657507,0.005,0.909959476513505,0.08199999999988,NA
"two_factor",800,22,"ordPens ordPCA",0.0911456080262236,0.094272710995201,0.00400560890235628,2.70026223722216,0.005,0.914226739597897,0.0380000000000109,NA
"two_factor",800,23,"ordpp linear",0.110352409399467,0.122554109589378,0.00405815187048376,2.88920480820563,0.005,0.920054539729162,1.00199999999995,0
"two_factor",800,23,"ordpp common",0.139782930977958,0.152822845607964,0.00945908091732766,2.69218971541944,0.005,0.898711720715289,3.32800000000043,0
"two_factor",800,23,"ordpp item",0.145387163802748,0.158032727044433,0.0104428476778527,2.67936240328277,0.005,0.893020218088972,37.7160000000003,0
"two_factor",800,23,"PCA, equal scores",0.103312753036334,0.118858611253648,0.00404051756121584,2.83988793410288,0.005,0.92073675716841,0.00500000000010914,NA
"two_factor",800,23,"Polychoric PCA",0.101394147343543,0.116849861080441,0.00395009715382327,2.82055058196344,0.005,0.919135014338865,0.325000000000273,NA
"two_factor",800,23,"Gifi princals",0.101004128773895,0.114201092358798,0.0031361085069259,2.91995908731096,0.005,0.922791474225925,0.117999999999938,NA
"two_factor",800,23,"ordPens ordPCA",0.0949208880651367,0.109810533379607,0.00313342980977881,2.84074101028547,0.005,0.920810759669348,0.0370000000002619,NA
"two_factor",800,24,"ordpp linear",0.100646242194226,0.129823614569368,0.00531282484445511,2.83500916673431,0.005,0.917743819804022,0.929000000000087,0
"two_factor",800,24,"ordpp common",0.123086446810668,0.160643104249953,0.0101584041002451,2.72351264794112,0.005,0.898387400566831,2.71300000000019,0
"two_factor",800,24,"ordpp item",0.12780829929124,0.152393598059624,0.00976446075569131,2.66786486398678,0.005,0.894313098681154,62.1479999999997,0
"two_factor",800,24,"PCA, equal scores",0.0993224008903091,0.130872369076667,0.00529746961600347,2.86398011605336,0.005,0.917127838196483,0.00399999999990541,NA
"two_factor",800,24,"Polychoric PCA",0.0988909290198696,0.12963850876419,0.00511650869036264,2.86864096068769,0.005,0.916262237544313,0.315000000000055,NA
"two_factor",800,24,"Gifi princals",0.088914582310115,0.102444392852219,0.00282585279508559,2.80013510151735,0.005,0.914717135441362,0.125999999999749,NA
"two_factor",800,24,"ordPens ordPCA",0.0917978323052991,0.116810606614581,0.00415027304650803,2.83610974615834,0.005,0.919092039387014,0.0229999999996835,NA
"two_factor",800,25,"ordpp linear",0.143907684004211,0.121918605018381,0.0047294363956649,2.79580645405711,0.005,0.926187239286648,0.882999999999811,0
"two_factor",800,25,"ordpp common",0.192071471243641,0.150897164827359,0.0100788484384288,2.62658866370945,0.005,0.88898776991896,3.40599999999995,0
"two_factor",800,25,"ordpp item",0.195551998771955,0.146385640850486,0.00990756253845461,2.58034630019793,0.005,0.885252714858757,48.8809999999999,0
"two_factor",800,25,"PCA, equal scores",0.13639213253403,0.112055304410366,0.00413696054633177,2.7280613844492,0.005,0.915075738984009,0.00399999999990541,NA
"two_factor",800,25,"Polychoric PCA",0.135803820642494,0.111084201539021,0.00407250722814352,2.72168636644314,0.005,0.914135688998404,0.213999999999942,NA
"two_factor",800,25,"Gifi princals",0.141167339483185,0.101054373343944,0.00385195526063845,2.61148321065249,0.005,0.893735765005217,0.0660000000002583,NA
"two_factor",800,25,"ordPens ordPCA",0.136842813204345,0.10641768863842,0.00384319302094883,2.68346612144305,0.005,0.905832392317949,0.025000000000091,NA
"two_factor",800,26,"ordpp linear",0.135762003213907,0.117814113824694,0.003908211280051,2.8364411335337,0.005,0.919084698219292,1.08699999999999,0
"two_factor",800,26,"ordpp common",0.172002144052443,0.148344618338632,0.00918109037668115,2.66814378728788,0.005,0.892961526808847,4.57799999999997,0
"two_factor",800,26,"ordpp item",0.175216089045578,0.147207746822,0.00938548459255474,2.635641263826,0.005,0.889344915250928,64.2539999999999,0
"two_factor",800,26,"PCA, equal scores",0.131148141945825,0.115373309724024,0.00387070459633454,2.80692979523398,0.005,0.918849790863849,0.00399999999990541,NA
"two_factor",800,26,"Polychoric PCA",0.129183510822225,0.113988348440638,0.00381656660480137,2.79238383491565,0.005,0.917542883189318,0.217999999999847,NA
"two_factor",800,26,"Gifi princals",0.126447731948619,0.103582198047642,0.0030447235883904,2.74592227466658,0.005,0.916206735577469,0.0920000000000982,NA
"two_factor",800,26,"ordPens ordPCA",0.128668179473184,0.111254123551962,0.00345796971675167,2.80860656068202,0.005,0.919735409162333,0.0230000000001382,NA
"two_factor",800,27,"ordpp linear",0.119777011733475,0.102454157264241,0.00385458209423868,2.69948708160792,0.005,0.920689596239612,1.09299999999985,0
"two_factor",800,27,"ordpp common",0.156132028392211,0.132898663403374,0.0087817791273213,2.56149062702338,0.005,0.89367888480051,3.69599999999991,0
"two_factor",800,27,"ordpp item",0.158360776836058,0.132454572643185,0.00911401720432713,2.53365237386315,0.005,0.889177889956199,62.281,0
"two_factor",800,27,"PCA, equal scores",0.119009545838585,0.100544035326067,0.00376659637311414,2.67624773549323,0.005,0.917337557802929,0.00399999999990541,NA
"two_factor",800,27,"Polychoric PCA",0.118535142137939,0.0997746844613281,0.00373516290475445,2.66552703349293,0.005,0.915731123894483,0.207000000000335,NA
"two_factor",800,27,"Gifi princals",0.113104850224239,0.0880931243748588,0.00230321719809936,2.61406920504203,0.005,0.911031186650493,0.0880000000001928,NA
"two_factor",800,27,"ordPens ordPCA",0.114666756408215,0.0933831904325321,0.00269153020983334,2.6531534738149,0.005,0.915529763475219,0.0279999999997926,NA
"two_factor",800,28,"ordpp linear",0.135943395766688,0.112705470087886,0.00364311483052533,2.8183294360512,0.005,0.924805849340795,0.565000000000055,0
"two_factor",800,28,"ordpp common",0.180991707143545,0.145711981953509,0.00933464869869531,2.62311468208048,0.005,0.8926330563845,3.03600000000006,0
"two_factor",800,28,"ordpp item",0.189883829367335,0.141617962645657,0.0093616922239186,2.5793108146598,0.005,0.884370412145972,59.0630000000001,0
"two_factor",800,28,"PCA, equal scores",0.135003650049062,0.112796320501583,0.00369551686725515,2.81690656262101,0.005,0.922261584039222,0.00399999999990541,NA
"two_factor",800,28,"Polychoric PCA",0.135139674018304,0.112820075401079,0.00369268171679543,2.81830718643709,0.005,0.922773423481334,0.235999999999876,NA
"two_factor",800,28,"Gifi princals",0.141488920717792,0.114088316830074,0.00393842481659719,2.8333944287256,0.005,0.921284317761622,0.0709999999999127,NA
"two_factor",800,28,"ordPens ordPCA",0.13844808451515,0.114209727093645,0.0039417464495934,2.82859378468858,0.005,0.920978969264879,0.0390000000002146,NA
"two_factor",800,29,"ordpp linear",0.117803881576471,0.105040799121634,0.00366693544641204,2.65910758297955,0.005,0.914539081729325,0.959000000000287,0
"two_factor",800,29,"ordpp common",0.147308711878857,0.128964915795264,0.00840445715001358,2.4993981567588,0.005,0.88311855742392,4.21199999999999,0
"two_factor",800,29,"ordpp item",0.157269266541208,0.124367269391036,0.0086192657394021,2.45326395636783,0.005,0.875165015763698,46.8470000000002,0
"two_factor",800,29,"PCA, equal scores",0.116125645499484,0.105541681549475,0.00347398951868013,2.69226390260298,0.005,0.915227304857029,0.00399999999990541,NA
"two_factor",800,29,"Polychoric PCA",0.115851501546068,0.10538059324626,0.00345385440163641,2.6925692882737,0.005,0.915180012091149,0.297000000000025,NA
"two_factor",800,29,"Gifi princals",0.110078618113969,0.0913476623023464,0.00219868770915523,2.66007554974448,0.005,0.918436639983226,0.0880000000001928,NA
"two_factor",800,29,"ordPens ordPCA",0.111810866551365,0.100109089617502,0.00288995663911657,2.69417327738411,0.005,0.918251976088052,0.0150000000003274,NA
"two_factor",800,30,"ordpp linear",0.126672542656521,0.115930113243937,0.00396735045170614,2.80651896787131,0.005,0.915934560924786,1.03400000000011,0
"two_factor",800,30,"ordpp common",0.163321350920222,0.147228767735052,0.00980995336182364,2.61794826389142,0.005,0.891092709987539,3.83599999999979,0
"two_factor",800,30,"ordpp item",0.167144567390416,0.149020675041359,0.010350527717815,2.59382500665461,0.005,0.887819406599215,51.8849999999998,0
"two_factor",800,30,"PCA, equal scores",0.120242020303258,0.109572612464396,0.00331099758363618,2.8034421810512,0.005,0.914269898950889,0.00600000000031287,NA
"two_factor",800,30,"Polychoric PCA",0.119253901430388,0.108322394578215,0.00321411886319637,2.79758259048331,0.005,0.913220568698465,0.247000000000298,NA
"two_factor",800,30,"Gifi princals",0.117273207568644,0.104646728101565,0.00319641721615346,2.79033617270231,0.005,0.914773262109022,0.0679999999997563,NA
"two_factor",800,30,"ordPens ordPCA",0.11899648664438,0.108040314410968,0.00330054714522663,2.80915794753646,0.005,0.914953412982837,0.0199999999999818,NA
"two_factor",800,31,"ordpp linear",0.124974009865716,0.106953017267613,0.00460477386530754,2.70965606416941,0.005,0.919275893809486,0.432999999999993,0
"two_factor",800,31,"ordpp common",0.153333554987076,0.132756266866838,0.00923637425715759,2.57188291105339,0.005,0.901263060999075,2.57099999999991,0
"two_factor",800,31,"ordpp item",0.159162590120653,0.12733516095753,0.00949885760666311,2.51897805811499,0.005,0.896041277328041,56.3710000000001,0
"two_factor",800,31,"PCA, equal scores",0.121697604895809,0.10632117296662,0.00437417566939156,2.72508239702081,0.005,0.914950170053049,0.00399999999990541,NA
"two_factor",800,31,"Polychoric PCA",0.12053836328218,0.1052200042267,0.00425793809645822,2.71819467272195,0.005,0.912353187250452,0.306999999999789,NA
"two_factor",800,31,"Gifi princals",0.112698657407677,0.0894889271580494,0.00237423635617595,2.66391803809214,0.005,0.910383757548127,0.11200000000008,NA
"two_factor",800,31,"ordPens ordPCA",0.114708064309547,0.0971934188219923,0.00293898643348118,2.71308331114391,0.005,0.913450948514107,0.0330000000003565,NA
"two_factor",800,32,"ordpp linear",0.126001040914598,0.113853171807099,0.00402888392615384,2.81253349808751,0.005,0.930280006205693,0.733999999999924,0
"two_factor",800,32,"ordpp common",0.161066390963403,0.139357371298152,0.00869203174988977,2.61382411512053,0.005,0.905415347571132,3.50899999999956,0
"two_factor",800,32,"ordpp item",0.162213176296381,0.141291328881187,0.00922303184927369,2.6076184363414,0.005,0.904729521755579,55.223,0
"two_factor",800,32,"PCA, equal scores",0.125049388733818,0.114718498197434,0.00403397346022603,2.82883990782691,0.005,0.928351224545799,0.00399999999990541,NA
"two_factor",800,32,"Polychoric PCA",0.124498938103923,0.114371092858783,0.00399094050758656,2.82883632515393,0.005,0.927412444662965,0.298999999999978,NA
"two_factor",800,32,"Gifi princals",0.119630259789844,0.110278987487202,0.0033536264560323,2.8120337318005,0.005,0.923991777981812,0.0709999999999127,NA
"two_factor",800,32,"ordPens ordPCA",0.120921503269183,0.110151324630415,0.00328919018455957,2.82443613079998,0.005,0.926873925943435,0.0329999999999018,NA
"two_factor",800,33,"ordpp linear",0.115945454321313,0.0963029626094929,0.00275254873819966,2.65391412675284,0.005,0.907479321494928,0.9699999999998,0
"two_factor",800,33,"ordpp common",0.147096754608301,0.126668851884937,0.0077388725109776,2.52480794745534,0.005,0.89020187598222,3.404,0
"two_factor",800,33,"ordpp item",0.152331511397353,0.121870073519035,0.00752998935916045,2.48702613086339,0.005,0.885817251561792,48.982,0
"two_factor",800,33,"PCA, equal scores",0.112261974982745,0.0998866699416698,0.00290881067019215,2.69347300750623,0.005,0.915051971418524,0.00400000000036016,NA
"two_factor",800,33,"Polychoric PCA",0.111900473231083,0.100123310027448,0.00291974757444065,2.69618408829017,0.005,0.915224629132213,0.278000000000247,NA
"two_factor",800,33,"Gifi princals",0.093661911952118,0.0845685019297595,0.00156439945168966,2.67872093596002,0.005,0.91062388528356,0.183999999999742,NA
"two_factor",800,33,"ordPens ordPCA",0.101183609969029,0.090340279159334,0.00201240022670441,2.69164105533036,0.005,0.915712329886395,0.0280000000002474,NA
"two_factor",800,34,"ordpp linear",0.130094656200714,0.116726439185134,0.00419130252699973,2.84670917424762,0.005,0.922480130704835,1.2470000000003,0
"two_factor",800,34,"ordpp common",0.166039090581798,0.14713950258293,0.00949413540840434,2.65670672620799,0.005,0.896350156828633,4.00500000000011,0
"two_factor",800,34,"ordpp item",0.167371371627674,0.147843633275651,0.00985126424157627,2.63801115994115,0.005,0.894248284550936,69.6040000000003,0
"two_factor",800,34,"PCA, equal scores",0.127646640388859,0.112510251991426,0.0037976453949531,2.83218142562598,0.005,0.91909867193518,0.00400000000036016,NA
"two_factor",800,34,"Polychoric PCA",0.127650002282946,0.112482788655762,0.00378418200666504,2.83330697787843,0.005,0.919092825717746,0.255000000000109,NA
"two_factor",800,34,"Gifi princals",0.120761458588515,0.107302276731415,0.00303304508866189,2.81284831552656,0.005,0.91988864526196,0.0870000000004438,NA
"two_factor",800,34,"ordPens ordPCA",0.122602645229832,0.108326168348526,0.00305896860672512,2.82765749959416,0.005,0.920170349386311,0.0149999999998727,NA
"two_factor",800,35,"ordpp linear",0.116695080407631,0.109312406817879,0.00332717231703627,2.79019040414591,0.005,0.929019896657628,1.01699999999983,0
"two_factor",800,35,"ordpp common",0.143433743655015,0.146126441869103,0.00912952226602811,2.63949685255586,0.005,0.895162270223195,3.54600000000028,0
"two_factor",800,35,"ordpp item",0.157833821357378,0.136566976967889,0.00913715493230987,2.54036501883486,0.005,0.880066697966677,53.5349999999999,0
"two_factor",800,35,"PCA, equal scores",0.11457128832712,0.104979411189771,0.00290901585049964,2.79097200672898,0.005,0.929122225166982,0.00399999999990541,NA
"two_factor",800,35,"Polychoric PCA",0.114525305537311,0.105445363670264,0.002945325909284,2.79370356300751,0.005,0.929109698938507,0.264000000000124,NA
"two_factor",800,35,"Gifi princals",0.108361099578679,0.0918484238294743,0.00190991174437415,2.77822857207622,0.005,0.929796241661982,0.102999999999611,NA
"two_factor",800,35,"ordPens ordPCA",0.109721693615721,0.0976981613544688,0.002287380325583,2.80009415334639,0.005,0.931012344919351,0.0280000000002474,NA
"two_factor",800,36,"ordpp linear",0.0955020678440067,0.117711346029693,0.00433293112839837,2.79134784435271,0.005,0.905732004635541,0.820000000000164,0
"two_factor",800,36,"ordpp common",0.120265887581671,0.151700561119663,0.00954439161010289,2.67572201300251,0.005,0.877752538689688,3.19200000000001,0
"two_factor",800,36,"ordpp item",0.124693459688711,0.158720781125342,0.0103879815083253,2.68886054295027,0.005,0.875516836426979,35.6799999999998,0
"two_factor",800,36,"PCA, equal scores",0.0877755082729062,0.114534027294259,0.00386269841146833,2.80211192671056,0.005,0.896657349006585,0.00399999999990541,NA
"two_factor",800,36,"Polychoric PCA",0.0879656945655984,0.114832628955861,0.00387456051042594,2.80466846002546,0.005,0.897171665550578,0.312000000000353,NA
"two_factor",800,36,"Gifi princals",0.0711859184633402,0.0842770737478761,0.00149816199875273,2.7206749526741,0.005,0.900250175279753,0.114999999999782,NA
"two_factor",800,36,"ordPens ordPCA",0.0776280004265476,0.0975168303393371,0.00228306661619143,2.79057675957461,0.005,0.902897571732008,0.0360000000000582,NA
"two_factor",800,37,"ordpp linear",0.0990390048461688,0.106955804777405,0.00432336239564586,2.73764189390989,0.005,0.919271210654581,0.867999999999938,0
"two_factor",800,37,"ordpp common",0.123004937209775,0.131326683658245,0.00893217653089872,2.57510646006959,0.005,0.893909941985258,3.96399999999994,0
"two_factor",800,37,"ordpp item",0.130065472871424,0.129255618876866,0.00962528580733684,2.51608127336915,0.005,0.88542596414807,39.5899999999997,0
"two_factor",800,37,"PCA, equal scores",0.0925697902983722,0.114626017108569,0.00455742441965814,2.79828632014231,0.005,0.91999862704778,0.00399999999990541,NA
"two_factor",800,37,"Polychoric PCA",0.091317556510863,0.115038994192701,0.00456000740731642,2.80101921504332,0.005,0.918873873420414,0.23299999999972,NA
"two_factor",800,37,"Gifi princals",0.0791568908685269,0.096350208927445,0.00264666184977318,2.77437582701665,0.005,0.916272807331198,0.130000000000109,NA
"two_factor",800,37,"ordPens ordPCA",0.0845887048521183,0.104872601901513,0.00368931497083454,2.80065489225044,0.005,0.921537577800104,0.0209999999997308,NA
"two_factor",800,38,"ordpp linear",0.131973182070208,0.113392521733691,0.0041761131440845,2.73836405405392,0.005,0.928678571133016,1.14900000000034,0
"two_factor",800,38,"ordpp common",0.167383365379838,0.140489345979605,0.00942732325575751,2.58101325917154,0.005,0.89902948427111,4.3420000000001,0
"two_factor",800,38,"ordpp item",0.171217201647178,0.134328410915265,0.00916686899269467,2.52666624113498,0.005,0.895509297726512,51.8110000000001,0
"two_factor",800,38,"PCA, equal scores",0.129612383219305,0.113426316354855,0.00429537879241738,2.72174164337463,0.005,0.926990578000543,0.00399999999990541,NA
"two_factor",800,38,"Polychoric PCA",0.128732912895497,0.11296327327589,0.00429361053714397,2.71455842839588,0.005,0.926220294473529,0.244000000000142,NA
"two_factor",800,38,"Gifi princals",0.126157341855114,0.109713404726552,0.00366321915238279,2.75334402319,0.005,0.926149333530273,0.0650000000000546,NA
"two_factor",800,38,"ordPens ordPCA",0.126656117618262,0.10966606758738,0.00389395615163442,2.71850273159763,0.005,0.927624642884853,0.0289999999999964,NA
"two_factor",800,39,"ordpp linear",0.118525856906795,0.105557818225808,0.00410400447019778,2.62826179844127,0.005,0.916041551095012,0.871999999999844,0
"two_factor",800,39,"ordpp common",0.150875146408789,0.131104815710603,0.00926085570231471,2.46602095241877,0.005,0.890323471471212,2.36999999999989,0
"two_factor",800,39,"ordpp item",0.159127648101394,0.132315332643778,0.00990847982438224,2.46087010449348,0.005,0.884315350518975,72.6410000000001,0
"two_factor",800,39,"PCA, equal scores",0.11625061891456,0.102478040191502,0.0039830943249849,2.60794959343193,0.005,0.91755330642735,0.00399999999990541,NA
"two_factor",800,39,"Polychoric PCA",0.115446882923412,0.101502661141688,0.00392607185140516,2.6027800265019,0.005,0.917316424939661,0.307999999999993,NA
"two_factor",800,39,"Gifi princals",0.109065424254052,0.0940060063895775,0.00291554610932163,2.62925325095944,0.005,0.914563332363841,0.0720000000001164,NA
"two_factor",800,39,"ordPens ordPCA",0.112597695710759,0.0983360409632219,0.00340843965133228,2.61664806678525,0.005,0.91899350562977,0.0210000000001855,NA
"two_factor",800,40,"ordpp linear",0.11590121245399,0.0954613534047961,0.00304657613951809,2.60085314057517,0.005,0.915378726390577,0.599999999999909,0
"two_factor",800,40,"ordpp common",0.147590780800136,0.118233899165719,0.00730233291113792,2.45208105478773,0.005,0.890577899747577,2.91899999999987,0
"two_factor",800,40,"ordpp item",0.152676503340773,0.112576607410275,0.00716685092431161,2.39861531941521,0.005,0.887722804333498,41.837,0
"two_factor",800,40,"PCA, equal scores",0.114517246347438,0.0953283399671233,0.00297242995495787,2.61074618196957,0.005,0.915398241399758,0.00399999999990541,NA
"two_factor",800,40,"Polychoric PCA",0.113557617191622,0.0930937516050173,0.00281106729361936,2.59990971669751,0.005,0.914075801928776,0.229000000000269,NA
"two_factor",800,40,"Gifi princals",0.115902276408004,0.0881344630375194,0.00242765734308305,2.57667508872528,0.005,0.912340401532194,0.043999999999869,NA
"two_factor",800,40,"ordPens ordPCA",0.114942887296122,0.0923667874525188,0.00265179312432578,2.61052979154318,0.005,0.916804864099306,0.0220000000003893,NA
"two_factor",800,41,"ordpp linear",0.12250279448667,0.0916590761706517,0.00315891860130037,2.58211936882424,0.005,0.906783373761713,0.902999999999793,0
"two_factor",800,41,"ordpp common",0.15544074446413,0.123357740760662,0.00781492165600621,2.47182536708529,0.005,0.88037579485296,3.40599999999995,0
"two_factor",800,41,"ordpp item",0.162022804198745,0.123367373349635,0.00821149206659984,2.43180604291954,0.005,0.87131650160926,52.9430000000002,0
"two_factor",800,41,"PCA, equal scores",0.113053504906868,0.0888093967386202,0.00243496611684618,2.64026391713875,0.005,0.902170445618584,0.00399999999990541,NA
"two_factor",800,41,"Polychoric PCA",0.111829661008524,0.0882735916761519,0.0023660102188973,2.6415205281228,0.005,0.900885516033058,0.202999999999975,NA
"two_factor",800,41,"Gifi princals",0.107559622322189,0.0796000913609249,0.00152760050497983,2.64471079797679,0.005,0.900872149976882,0.105000000000018,NA
"two_factor",800,41,"ordPens ordPCA",0.107656292486724,0.081871475412928,0.00168261890381549,2.64618820547268,0.005,0.90446994464403,0.0280000000002474,NA
"two_factor",800,42,"ordpp linear",0.109204048654808,0.138599320832316,0.00681751768092767,2.92271424733404,0.005,0.91892693179192,0.940000000000055,0
"two_factor",800,42,"ordpp common",0.136280303756408,0.177634265640263,0.012456806647306,2.82587870694597,0.005,0.894594186999442,3.38899999999967,0
"two_factor",800,42,"ordpp item",0.138657135222217,0.178123825930773,0.0129385478010017,2.81645466658214,0.005,0.888305607275311,40.703,0
"two_factor",800,42,"PCA, equal scores",0.108170793527295,0.137224345039218,0.00648604856102901,2.93232743282968,0.005,0.919848560646574,0.00399999999990541,NA
"two_factor",800,42,"Polychoric PCA",0.10826500826896,0.137491422561774,0.00659680710357454,2.92841815736593,0.005,0.919449020316422,0.269000000000233,NA
"two_factor",800,42,"Gifi princals",0.0912000820579611,0.109601781854346,0.00319864591104398,2.88584214433188,0.005,0.920735462444541,0.110999999999876,NA
"two_factor",800,42,"ordPens ordPCA",0.096636624328211,0.119825926604084,0.00418273261177368,2.90299675521199,0.005,0.922589371401852,0.0219999999999345,NA
"two_factor",800,43,"ordpp linear",0.111847049163757,0.117878515481609,0.00421150439013029,2.79340209694926,0.005,0.906517444991716,0.722999999999956,0
"two_factor",800,43,"ordpp common",0.141231620572193,0.150207635630985,0.00952912715856499,2.66578721519332,0.005,0.883853436637149,3.28800000000001,0
"two_factor",800,43,"ordpp item",0.146130998946272,0.149648447462614,0.0098488898536072,2.63396584847042,0.005,0.877367876074066,50.54,0
"two_factor",800,43,"PCA, equal scores",0.108539457664415,0.115864572171116,0.00396263891717149,2.80216779010881,0.005,0.912380505625554,0.00399999999990541,NA
"two_factor",800,43,"Polychoric PCA",0.108435861297675,0.115704960218137,0.00395378326731132,2.80086704657849,0.005,0.912395929939918,0.305000000000291,NA
"two_factor",800,43,"Gifi princals",0.0949556944458029,0.0959715144866472,0.00237846628499966,2.77789002006448,0.005,0.90930760628111,0.112999999999829,NA
"two_factor",800,43,"ordPens ordPCA",0.0975513475218913,0.10070160803549,0.00263773873786231,2.80727424782085,0.005,0.915307543218509,0.0189999999997781,NA
"two_factor",800,44,"ordpp linear",0.130840181156897,0.134873092194307,0.00573661518823984,2.86657148675311,0.005,0.912965205672002,1.30699999999979,0
"two_factor",800,44,"ordpp common",0.169119774517352,0.161949934206078,0.0106496016782607,2.70744493221842,0.005,0.891185262602022,4.62899999999991,0
"two_factor",800,44,"ordpp item",0.174410748260628,0.157408912378795,0.0107110443673537,2.66014667481121,0.005,0.883724628089623,61.4780000000001,0
"two_factor",800,44,"PCA, equal scores",0.127203555560003,0.12774044258346,0.00504642052374909,2.84601644898575,0.005,0.907404016485276,0.00499999999919964,NA
"two_factor",800,44,"Polychoric PCA",0.125980151218316,0.125721894307344,0.00484000728314652,2.84187566703247,0.005,0.903987897112425,0.263000000000829,NA
"two_factor",800,44,"Gifi princals",0.117632037649954,0.114739422791957,0.00407317526798932,2.79932540761319,0.005,0.903146360760025,0.0860000000002401,NA
"two_factor",800,44,"ordPens ordPCA",0.120341755546371,0.119825773358956,0.00433674048611996,2.836977493767,0.005,0.905059286503925,0.0349999999998545,NA
"two_factor",800,45,"ordpp linear",0.125025536774911,0.127570707423231,0.00489442274574344,2.85326194414606,0.005,0.924669619712526,0.471999999999753,0
"two_factor",800,45,"ordpp common",0.155082157924989,0.162619281978053,0.0109135822078163,2.70493220734238,0.005,0.896051275318276,2.45600000000013,0
"two_factor",800,45,"ordpp item",0.158315487213896,0.162812025360376,0.0114696771792244,2.67934692495332,0.005,0.892214538786094,54.192,0
"two_factor",800,45,"PCA, equal scores",0.115572003300435,0.10984570116206,0.0033876570701192,2.7898078272147,0.005,0.916762251810769,0.00399999999990541,NA
"two_factor",800,45,"Polychoric PCA",0.11440063225229,0.108050510832461,0.0032427394982072,2.78221909975579,0.005,0.91575191638353,0.268000000000029,NA
"two_factor",800,45,"Gifi princals",0.0986835549943899,0.0864679903048928,0.00172328186768812,2.71109147476894,0.005,0.910860372354934,0.101000000000113,NA
"two_factor",800,45,"ordPens ordPCA",0.104659406367385,0.0950810397794367,0.00218792388843919,2.77396258703863,0.005,0.914966639416849,0.0289999999999964,NA
"two_factor",800,46,"ordpp linear",0.114603743456141,0.113646921235081,0.00404092618562195,2.77729817027293,0.005,0.914156213007107,1.01899999999978,0
"two_factor",800,46,"ordpp common",0.147160243635786,0.140412848669866,0.00886871642145401,2.60177722366912,0.005,0.887918714130708,3.91699999999992,0
"two_factor",800,46,"ordpp item",0.149766770775765,0.142148671044614,0.00926631654726343,2.59406861652711,0.005,0.882062283405458,51.531,0
"two_factor",800,46,"PCA, equal scores",0.113381506169166,0.111811950459868,0.00387384142208932,2.7671357073349,0.005,0.916252932709125,0.00399999999990541,NA
"two_factor",800,46,"Polychoric PCA",0.113536805419179,0.112262738249857,0.00390279598564139,2.77099361817478,0.005,0.916243482274889,0.213999999999942,NA
"two_factor",800,46,"Gifi princals",0.101433748474876,0.0955432689567557,0.00265951480921875,2.70880098948722,0.005,0.911508628268129,0.0710000000003674,NA
"two_factor",800,46,"ordPens ordPCA",0.108913118365689,0.108100264144007,0.00365049859293085,2.76886998298994,0.005,0.916446075325171,0.0230000000001382,NA
"two_factor",800,47,"ordpp linear",0.111430928738,0.122017696215547,0.00498667493073809,2.75666549944605,0.005,0.916616185871939,0.626999999999953,0
"two_factor",800,47,"ordpp common",0.137490114935501,0.148888533857645,0.00949794049480438,2.64780690836262,0.005,0.895270422151547,2.66499999999996,0
"two_factor",800,47,"ordpp item",0.140307770885268,0.149419139322895,0.0098077238466229,2.62580904176973,0.005,0.892118498924002,53.2109999999998,0
"two_factor",800,47,"PCA, equal scores",0.109439921356493,0.121842959293286,0.00487838923473229,2.77449611134935,0.005,0.912345062953151,0.00399999999990541,NA
"two_factor",800,47,"Polychoric PCA",0.109307225044379,0.121789196789348,0.00487431654938994,2.77431190133082,0.005,0.912301740655365,0.231999999999971,NA
"two_factor",800,47,"Gifi princals",0.106455839301149,0.117431994706313,0.00442240678926525,2.77688768964435,0.005,0.909570646428879,0.0829999999996289,NA
"two_factor",800,47,"ordPens ordPCA",0.10693914817705,0.118252436206645,0.004530371137123,2.77061857971052,0.005,0.912425475769364,0.0210000000001855,NA
"two_factor",800,48,"ordpp linear",0.105273932510855,0.121697495267343,0.00511988319247547,2.74665601332254,0.005,0.915502295011309,1.29600000000028,0
"two_factor",800,48,"ordpp common",0.132087367448273,0.144054103053415,0.00916526000848543,2.62283241503833,0.005,0.893121229977776,3.60800000000017,0
"two_factor",800,48,"ordpp item",0.135521701752942,0.1447822318234,0.00965461328135173,2.60309740488323,0.005,0.892369398717913,60.279,0
"two_factor",800,48,"PCA, equal scores",0.104621693684324,0.121470651469624,0.00502092666282982,2.75581030242043,0.005,0.916059798965421,0.00399999999990541,NA
"two_factor",800,48,"Polychoric PCA",0.10447976250811,0.121213594914089,0.00499844283227151,2.75424098686484,0.005,0.915381236303998,0.206000000000131,NA
"two_factor",800,48,"Gifi princals",0.0860439994285924,0.0975732762815584,0.00352660901054451,2.71901397758982,0.005,0.910171829816043,0.0719999999996617,NA
"two_factor",800,48,"ordPens ordPCA",0.09517478104817,0.109503844310903,0.00432012584216466,2.73824729675326,0.005,0.916243878372257,0.043999999999869,NA
"two_factor",800,49,"ordpp linear",0.101033962198518,0.113557856299645,0.00355516820089904,2.81667107434082,0.005,0.91169282100105,0.74599999999964,0
"two_factor",800,49,"ordpp common",0.125618672201717,0.141842803337259,0.0084410647920921,2.65587240677139,0.005,0.886638037858296,2.44900000000007,0
"two_factor",800,49,"ordpp item",0.12911815312934,0.138212145867308,0.00877032439964232,2.60907549204083,0.005,0.882219940587205,44.808,0
"two_factor",800,49,"PCA, equal scores",0.09734153602383,0.112888834663574,0.00381063672795079,2.7845389306593,0.005,0.897027121067651,0.00399999999990541,NA
"two_factor",800,49,"Polychoric PCA",0.0972315807115003,0.112782800059164,0.00380864117651685,2.78328149096048,0.005,0.896879562096901,0.195999999999913,NA
"two_factor",800,49,"Gifi princals",0.0767841334326742,0.088735860822595,0.00302589291481094,2.74327246557654,0.005,0.888952664863325,0.06899999999996,NA
"two_factor",800,49,"ordPens ordPCA",0.0835171731637949,0.0997776024615813,0.0032096563282403,2.7954838916123,0.005,0.896209884538478,0.0470000000000255,NA
"two_factor",800,50,"ordpp linear",0.118410132504363,0.125489413154576,0.00531448491666995,2.82914462947167,0.005,0.914144669251393,0.956999999999425,0
"two_factor",800,50,"ordpp common",0.148433506419004,0.153810214778697,0.0104130535036938,2.66492817508561,0.005,0.885677165764881,3.71299999999974,0
"two_factor",800,50,"ordpp item",0.154464926086502,0.149606994392333,0.0100192777782739,2.62346435961119,0.005,0.880759497844943,52.509,0
"two_factor",800,50,"PCA, equal scores",0.112904523888607,0.118347710281255,0.0046424488090799,2.80844212722986,0.005,0.906458298308559,0.00399999999990541,NA
"two_factor",800,50,"Polychoric PCA",0.111577929001358,0.116574773858828,0.00449315623864758,2.80047476286387,0.005,0.904249212834992,0.252999999999702,NA
"two_factor",800,50,"Gifi princals",0.102725667781642,0.103439740985773,0.00302477236467658,2.8241164274391,0.005,0.914117602383553,0.0919999999996435,NA
"two_factor",800,50,"ordPens ordPCA",0.100904679541995,0.102075579135837,0.00303205286561832,2.80570318315163,0.005,0.902915474196587,0.0370000000002619,NA
"response_style",300,1,"ordpp linear",0.0984627820781961,0.0957375903962378,0.00378205878441839,2.5551082143983,0.005,0.874663570264339,0.58600000000024,0
"response_style",300,1,"ordpp common",0.1191146567999,0.103903597087786,0.00693728690853301,2.3541166986933,0.005,0.875009136040916,1.95699999999988,0
"response_style",300,1,"ordpp item",0.126189213841765,0.0969472635367155,0.00653349547739132,2.32896196416652,0.005,0.860250246506028,49.232,0
"response_style",300,1,"PCA, equal scores",0.0974492560825127,0.0946094874442835,0.00377623714366446,2.52783410891883,0.005,0.873869871453772,0.00299999999970169,NA
"response_style",300,1,"Polychoric PCA",0.0973922103313344,0.0949494385221042,0.00377567365467187,2.53625634605005,0.005,0.873883722495479,0.217999999999847,NA
"response_style",300,1,"Gifi princals",0.0723252725027873,0.075395024742824,0.00166631802861566,2.55064378981028,0.005,0.853416968691656,0.0710000000003674,NA
"response_style",300,1,"ordPens ordPCA",0.0884789741243004,0.0894029376407348,0.00285560064729352,2.53201069894523,0.005,0.868626757876494,0.0119999999997162,NA
"response_style",300,2,"ordpp linear",0.118034925206022,0.108769633900294,0.00440994757279663,2.63503488252994,0.005,0.880233479678076,0.543999999999869,0
"response_style",300,2,"ordpp common",0.147019133325202,0.140254048666276,0.009694649265406,2.54738596157937,0.005,0.856628599041034,2.38599999999997,0
"response_style",300,2,"ordpp item",0.164556689321567,0.107817237718902,0.00738096500042131,2.42859070173624,0.005,0.83652201236857,39.1300000000001,0
"response_style",300,2,"PCA, equal scores",0.116660065821877,0.109727576202781,0.00424159270414514,2.67482408363618,0.005,0.88131034974382,0.00299999999970169,NA
"response_style",300,2,"Polychoric PCA",0.116279552049618,0.109234450158738,0.00429969959375282,2.66128048323691,0.005,0.879843538970165,0.250999999999749,NA
"response_style",300,2,"Gifi princals",0.098046583235965,0.0807323039865798,0.00147857043549329,2.72630631680349,0.005,0.885782987135026,0.0470000000000255,NA
"response_style",300,2,"ordPens ordPCA",0.11201526870959,0.098483315300624,0.00334800289277672,2.6634762998536,0.005,0.882747572300353,0.0180000000000291,NA
"response_style",300,3,"ordpp linear",0.146386454487472,0.148170989495788,0.00820202990354644,2.82671639935327,0.005,0.897634164337321,0.41800000000012,0
"response_style",300,3,"ordpp common",0.180162720580928,0.184208060380141,0.0133202539889375,2.7592328746172,0.005,0.870816578907996,2.08000000000038,0
"response_style",300,3,"ordpp item",0.199753436858662,0.17133105170557,0.0118335901284093,2.6879887906931,0.005,0.869358136870047,41.4319999999998,0
"response_style",300,3,"PCA, equal scores",0.144543364677793,0.149710632904628,0.00854755183683757,2.82814112263243,0.005,0.8968314805617,0.00199999999995271,NA
"response_style",300,3,"Polychoric PCA",0.143888975771346,0.147953801048704,0.0083148790535941,2.82512576270029,0.005,0.896145161172042,0.380999999999858,NA
"response_style",300,3,"Gifi princals",0.139152714390658,0.118439477895226,0.00561588949170928,2.61773043518607,0.005,0.879337724382269,0.0419999999999163,NA
"response_style",300,3,"ordPens ordPCA",0.144235985717481,0.141412798624923,0.00730926761734931,2.77825710256059,0.005,0.892046665984191,0.012000000000171,NA
"response_style",300,4,"ordpp linear",0.171458557671506,0.0793077586475626,0.00490954957710686,2.37311151119536,0.005,0.879939460260608,0.505999999999858,0
"response_style",300,4,"ordpp common",0.210451407565588,0.0970750648367614,0.00966984118782257,2.21591854029188,0.005,0.851019921458004,2.18499999999995,0
"response_style",300,4,"ordpp item",0.230982965000972,0.0911742692407223,0.0104880388521506,2.17253015316311,0.005,0.837159498455003,42.7200000000003,0
"response_style",300,4,"PCA, equal scores",0.168903333702873,0.0768579517146167,0.00462121267495834,2.38699411803025,0.005,0.879025225463989,0.00300000000015643,NA
"response_style",300,4,"Polychoric PCA",0.16780586231602,0.0762966447915835,0.00423133089189133,2.39941658276831,0.005,0.879966985302272,0.282000000000153,NA
"response_style",300,4,"Gifi princals",0.182514024573922,0.070294427248181,0.00437072454305984,2.29047513035305,0.005,0.86812462720334,0.0419999999999163,NA
"response_style",300,4,"ordPens ordPCA",0.175582293808384,0.0773445566872867,0.00484117176098141,2.37932274400267,0.005,0.878898491151206,0.00999999999976353,NA
"response_style",300,5,"ordpp linear",0.138299257759026,0.11248983393824,0.00529970694833136,2.62963743683337,0.005,0.894091125227003,0.528999999999996,0
"response_style",300,5,"ordpp common",0.152446249995331,0.126583145364169,0.008243330857076,2.56395263059734,0.005,0.872138834737724,1.78700000000026,0
"response_style",300,5,"ordpp item",0.161868887851186,0.114074304612589,0.00894033565436378,2.49109951899755,0.005,0.86620319038934,37.7130000000002,0
"response_style",300,5,"PCA, equal scores",0.135501426922986,0.110660357217346,0.00525185400907304,2.62194918386988,0.005,0.892568717404496,0.00299999999970169,NA
"response_style",300,5,"Polychoric PCA",0.134859101199476,0.111507712325029,0.00526431810338783,2.62632734704361,0.005,0.892219945642183,0.239000000000033,NA
"response_style",300,5,"Gifi princals",0.123212976698088,0.0736467125263066,0.00306613451301812,2.45011854776682,0.005,0.890814259836958,0.0589999999997417,NA
"response_style",300,5,"ordPens ordPCA",0.13165609998298,0.0962891539863802,0.00430525742062293,2.58778397825354,0.005,0.894835652429438,0.0149999999998727,NA
"response_style",300,6,"ordpp linear",0.111309012946814,0.0956278237481143,0.00287434775045513,2.64547130873735,0.005,0.909489581678736,0.443000000000211,0
"response_style",300,6,"ordpp common",0.135152081193883,0.115201209824965,0.00672784856829892,2.49644346810293,0.005,0.89490112389954,2.02799999999934,0
"response_style",300,6,"ordpp item",0.142085768708945,0.104940010407413,0.00573307975026136,2.42758042464463,0.005,0.893416198413101,47.915,0
"response_style",300,6,"PCA, equal scores",0.101106565276087,0.108821695281583,0.00374419009167353,2.72573640840873,0.005,0.904239002955961,0.00199999999949796,NA
"response_style",300,6,"Polychoric PCA",0.0999602138092705,0.108234867000358,0.00373898166979211,2.7165958792894,0.005,0.903284415859522,0.329999999999927,NA
"response_style",300,6,"Gifi princals",0.0962376464131613,0.090373941453147,0.00353805398624771,2.54033623619231,0.005,0.890312669038959,0.0470000000004802,NA
"response_style",300,6,"ordPens ordPCA",0.0974844278302691,0.106007406040373,0.00341148445552677,2.73093697887775,0.005,0.901338405518171,0.0140000000001237,NA
"response_style",300,7,"ordpp linear",0.112538679539123,0.112980076338883,0.00407799095920188,2.72732899413672,0.005,0.918800348489466,0.467999999999847,0
"response_style",300,7,"ordpp common",0.140453323839601,0.135885125677512,0.00823836408987435,2.60560247659596,0.005,0.893426411082957,1.88700000000017,0
"response_style",300,7,"ordpp item",0.163765707392316,0.12062073060622,0.0090882093606597,2.50937397798785,0.005,0.873431895635361,27.2869999999998,0
"response_style",300,7,"PCA, equal scores",0.109214502528089,0.105878039665912,0.00383275887623141,2.66703670375018,0.005,0.916792409885695,0.00199999999995271,NA
"response_style",300,7,"Polychoric PCA",0.108869288687033,0.104732408536315,0.00374554644143958,2.66307193185144,0.005,0.916063608912661,0.215000000000146,NA
"response_style",300,7,"Gifi princals",0.0909518179571156,0.0674590545769551,0.0014979070820573,2.50924237736165,0.005,0.910075802723162,0.0700000000001637,NA
"response_style",300,7,"ordPens ordPCA",0.102074194559779,0.0937778648606097,0.00270676757331304,2.65821591634759,0.005,0.91947538311045,0.0100000000002183,NA
"response_style",300,8,"ordpp linear",0.191798282680748,0.117392825549235,0.00525048421991068,2.65794278855361,0.005,0.920246886503857,0.258000000000266,0
"response_style",300,8,"ordpp common",0.233212502780974,0.139303414915046,0.00976910813648424,2.50690980358947,0.005,0.898163278732466,1.64600000000019,0
"response_style",300,8,"ordpp item",0.245530499687105,0.13610122840957,0.00966927633883576,2.47629328596605,0.005,0.89843377202905,27.1689999999999,0
"response_style",300,8,"PCA, equal scores",0.186158967883695,0.117166196908385,0.00498069773067342,2.68866046017139,0.005,0.918939579323935,0.00199999999995271,NA
"response_style",300,8,"Polychoric PCA",0.182713732237082,0.114975804988122,0.00479997332665219,2.67750058365415,0.005,0.917408767789329,0.278000000000247,NA
"response_style",300,8,"Gifi princals",0.167161076812525,0.0985044202047708,0.00363951877465391,2.60869466242598,0.005,0.910070294374838,0.06899999999996,NA
"response_style",300,8,"ordPens ordPCA",0.183687352011033,0.111241275535743,0.00436069731368958,2.6677439363229,0.005,0.919151593008888,0.0100000000002183,NA
"response_style",300,9,"ordpp linear",0.132277581798075,0.12041863280505,0.00483863952456714,2.73738064523437,0.005,0.90955268773344,0.570000000000164,0
"response_style",300,9,"ordpp common",0.152799810104845,0.13450769902799,0.00815523645880297,2.58730327007859,0.005,0.885634006507981,1.83699999999999,0
"response_style",300,9,"ordpp item",0.183178637004174,0.122081744599592,0.00708459484827507,2.57678552990758,0.005,0.874674675013105,48.3040000000001,0
"response_style",300,9,"PCA, equal scores",0.128682810136526,0.120147391174887,0.00511979871388342,2.71352519838073,0.005,0.908225610749714,0.00199999999995271,NA
"response_style",300,9,"Polychoric PCA",0.127138952878395,0.116683561373078,0.00496271639015908,2.68203265479312,0.005,0.907267935619602,0.329000000000178,NA
"response_style",300,9,"Gifi princals",0.1148341527571,0.0990229221311945,0.00277696465327088,2.71791154400998,0.005,0.907222990755995,0.0420000000003711,NA
"response_style",300,9,"ordPens ordPCA",0.122091859793681,0.111159365009211,0.00404463807264653,2.71863967504164,0.005,0.910566840410031,0.0149999999998727,NA
"response_style",300,10,"ordpp linear",0.12054839680229,0.11176505885392,0.00462226478742283,2.65662072502538,0.005,0.900639389720824,0.438999999999851,0
"response_style",300,10,"ordpp common",0.141380227788947,0.13493411050189,0.00824525283460669,2.58083755985663,0.005,0.881794247020047,1.92599999999993,0
"response_style",300,10,"ordpp item",0.161108742429107,0.125430870411467,0.00844577374469414,2.45730942508093,0.005,0.870455587529774,40.2980000000002,0
"response_style",300,10,"PCA, equal scores",0.116300327013024,0.117929873639622,0.00450944309713749,2.77436753048244,0.005,0.90268425992323,0.00300000000015643,NA
"response_style",300,10,"Polychoric PCA",0.115246601624141,0.118564212794467,0.00440232827330316,2.7958297320086,0.005,0.903560041272311,0.271000000000186,NA
"response_style",300,10,"Gifi princals",0.115806667907369,0.107240736136611,0.00420494692225502,2.64758638823134,0.005,0.892682754866008,0.0619999999998981,NA
"response_style",300,10,"ordPens ordPCA",0.118543299039503,0.11593016735283,0.00441841408392042,2.74205396019297,0.005,0.899528362425286,0.0140000000001237,NA
"response_style",300,11,"ordpp linear",0.129120348540017,0.104961132213011,0.00381054723574233,2.62046831143122,0.005,0.913683966974529,0.269999999999982,0
"response_style",300,11,"ordpp common",0.164999657331966,0.124022085653161,0.00833534716140819,2.42630752228657,0.005,0.887165709803483,1.60399999999981,0
"response_style",300,11,"ordpp item",0.184450060274317,0.117658560890193,0.00741094141555117,2.39769972936857,0.005,0.888223527042836,33.1380000000004,0
"response_style",300,11,"PCA, equal scores",0.127660356264551,0.105488937495488,0.00388128082978185,2.62631810976831,0.005,0.913942101166583,0.00199999999995271,NA
"response_style",300,11,"Polychoric PCA",0.126843982030367,0.104775781544295,0.0039465593598775,2.60700327796109,0.005,0.913440437501112,0.326000000000022,NA
"response_style",300,11,"Gifi princals",0.123797963021954,0.0809778190505245,0.00290520737221445,2.61228492546065,0.005,0.901790372678422,0.0599999999999454,NA
"response_style",300,11,"ordPens ordPCA",0.130538309766115,0.0944514920196676,0.00301099217401846,2.64014344748245,0.005,0.914856236796178,0.00999999999976353,NA
"response_style",300,12,"ordpp linear",0.140153047922231,0.141868795275378,0.00629719971725963,2.8953133864007,0.005,0.916509130465093,0.499000000000706,0
"response_style",300,12,"ordpp common",0.163562832050831,0.167634064542764,0.0106842984768499,2.76560731566673,0.005,0.889805623566885,1.74499999999989,0
"response_style",300,12,"ordpp item",0.173948051177166,0.162930796392608,0.0106012925302153,2.72156213675979,0.005,0.879045859726671,39.4499999999998,0
"response_style",300,12,"PCA, equal scores",0.139874856567799,0.139431415854944,0.00609611388158351,2.88242149675697,0.005,0.91530041531454,0.00200000000040745,NA
"response_style",300,12,"Polychoric PCA",0.139657554124459,0.142152448577289,0.00636623140210499,2.88845132734139,0.005,0.914531523756006,0.385000000000218,NA
"response_style",300,12,"Gifi princals",0.133588264908234,0.118484216613956,0.00441640595242086,2.80410490344728,0.005,0.910136433060242,0.0510000000003856,NA
"response_style",300,12,"ordPens ordPCA",0.138906219989901,0.132729200376598,0.00532643062412278,2.88021688094582,0.005,0.916290712911887,0.0120000000006257,NA
"response_style",300,13,"ordpp linear",0.148606622941742,0.0594465120923585,0.000513807001456048,2.4287673503174,0.005,0.886614337571033,0.613000000000284,0
"response_style",300,13,"ordpp common",0.185008052118113,0.0703601568681272,0.00284825921722266,2.20503724683527,0.005,0.865779704924412,1.69000000000005,0
"response_style",300,13,"ordpp item",0.202668338116368,0.0614669986586465,0.00206780134987429,2.15262325666058,0.005,0.868531073164124,29.0029999999997,0
"response_style",300,13,"PCA, equal scores",0.140849711075908,0.0502420159674189,0.000282863204884591,2.36522326262117,0.005,0.86843797170213,0.00300000000015643,NA
"response_style",300,13,"Polychoric PCA",0.138323622374488,0.0493953460647125,0.000281455458582963,2.35822047592518,0.005,0.865601729852232,0.240999999999985,NA
"response_style",300,13,"Gifi princals",0.13002198941895,0.0363062553346062,0.000507629120307129,2.11285292564628,0.005,0.858774159441713,0.069999999999709,NA
"response_style",300,13,"ordPens ordPCA",0.143033200817434,0.0486972053477714,0.000321880641692608,2.33287871650614,0.005,0.865940867041111,0.0119999999997162,NA
"response_style",300,14,"ordpp linear",0.13442201719221,0.102509156134279,0.00342424319927618,2.77138603155256,0.005,0.90792669589963,0.451999999999771,0
"response_style",300,14,"ordpp common",0.172218128840917,0.126627498073675,0.00899963862277257,2.56516118305511,0.005,0.880238071657397,1.35899999999992,0
"response_style",300,14,"ordpp item",0.181816916529335,0.111322317858851,0.00775777530740425,2.49808816056778,0.005,0.878132681997574,41.6229999999996,0
"response_style",300,14,"PCA, equal scores",0.126214183669501,0.100851032189889,0.00323948144822951,2.79115467674107,0.005,0.912126653867778,0.00299999999970169,NA
"response_style",300,14,"Polychoric PCA",0.124404313717411,0.0999952074112292,0.00318358966928025,2.78758627860305,0.005,0.912012387618532,0.248999999999796,NA
"response_style",300,14,"Gifi princals",0.123666493784968,0.0901261184439661,0.00303912252880227,2.79021582833336,0.005,0.911912716929585,0.0729999999998654,NA
"response_style",300,14,"ordPens ordPCA",0.125809344892042,0.0986929131711577,0.00386787530165657,2.80919625953427,0.005,0.913145326963456,0.0119999999997162,NA
"response_style",300,15,"ordpp linear",0.126518400795057,0.14345496971901,0.00759030964509932,2.83782805883187,0.005,0.904024880444078,0.505999999999858,0
"response_style",300,15,"ordpp common",0.152459785457682,0.175683235930002,0.0123704533144166,2.74212610611686,0.005,0.898400882371122,1.72400000000016,0
"response_style",300,15,"ordpp item",0.169046209573344,0.169277273279003,0.0122985289836668,2.72738936758671,0.005,0.888809514866757,30.125,0
"response_style",300,15,"PCA, equal scores",0.12028822204787,0.145880459605518,0.00749843354630193,2.89144827064727,0.005,0.902138663477851,0.00300000000061118,NA
"response_style",300,15,"Polychoric PCA",0.118729660513412,0.144545281795005,0.0074311597120841,2.88267868401412,0.005,0.901226701832314,0.311999999999898,NA
"response_style",300,15,"Gifi princals",0.111623117827456,0.128599044512378,0.00806406283283156,2.81216595034117,0.005,0.88957211640231,0.0529999999998836,NA
"response_style",300,15,"ordPens ordPCA",0.117379083899116,0.143020627527005,0.00788134691107114,2.89852071272246,0.005,0.901521731574558,0.011000000000422,NA
"response_style",300,16,"ordpp linear",0.15606472137112,0.138539006881534,0.00705010109344186,2.85822899661697,0.005,0.913922882540963,0.780999999999949,0
"response_style",300,16,"ordpp common",0.209076014662722,0.1634060560099,0.0113696024722413,2.69742860947238,0.005,0.892015199964523,2.43599999999969,0
"response_style",300,16,"ordpp item",0.215020985492546,0.159877363895395,0.0107276596670904,2.69755581670224,0.005,0.885922989771169,43.0539999999996,0
"response_style",300,16,"PCA, equal scores",0.154053210739687,0.136069876143534,0.00710003911456605,2.81844032077289,0.005,0.910021162866261,0.00200000000040745,NA
"response_style",300,16,"Polychoric PCA",0.154201118460309,0.135491420085501,0.00703672684418058,2.81709836720929,0.005,0.910034163117886,0.244000000000597,NA
"response_style",300,16,"Gifi princals",0.154796049297391,0.12574590845742,0.00595541820075735,2.70278165423287,0.005,0.897642057132822,0.0780000000004293,NA
"response_style",300,16,"ordPens ordPCA",0.156143177116842,0.1358307819812,0.00656975912938557,2.78710244792438,0.005,0.904830534714425,0.0159999999996217,NA
"response_style",300,17,"ordpp linear",0.113802877942559,0.133573135206212,0.00673589091137596,2.81949741203424,0.005,0.894832780513019,0.561000000000149,0
"response_style",300,17,"ordpp common",0.133602047399103,0.162010880096853,0.0108280096885948,2.72501736850891,0.005,0.887036519095354,1.82300000000032,0
"response_style",300,17,"ordpp item",0.147304594542299,0.152976781226529,0.0100234606783164,2.65217437341466,0.005,0.882338551534074,38.752,0
"response_style",300,17,"PCA, equal scores",0.109161591258723,0.13161335097619,0.00648689169321347,2.81261286829646,0.005,0.895213263819785,0.00199999999995271,NA
"response_style",300,17,"Polychoric PCA",0.108079906301385,0.12991952694578,0.00634626990696505,2.79834465849611,0.005,0.894126559377387,0.25,NA
"response_style",300,17,"Gifi princals",0.0958787804614422,0.105313364920316,0.00404650496905279,2.79196197472359,0.005,0.885024598951369,0.056999999999789,NA
"response_style",300,17,"ordPens ordPCA",0.10482961189373,0.123373391171147,0.00500512786609633,2.81355016644533,0.005,0.895270471569081,0.0180000000000291,NA
"response_style",300,18,"ordpp linear",0.138939703226866,0.108224282989199,0.00397002287631722,2.6785807685885,0.005,0.896758699418379,0.536999999999352,0
"response_style",300,18,"ordpp common",0.173188751184984,0.131345841884116,0.00835180248974099,2.55295487272956,0.005,0.881349313256711,1.76299999999992,0
"response_style",300,18,"ordpp item",0.188533073071989,0.122500299275786,0.0073975615480877,2.50824378061933,0.005,0.870622233101575,45.7939999999999,0
"response_style",300,18,"PCA, equal scores",0.135660581160991,0.115793663742108,0.0042889634018506,2.75161712576808,0.005,0.898466140221616,0.00200000000040745,NA
"response_style",300,18,"Polychoric PCA",0.133502175015901,0.116536129438083,0.00433850988854597,2.75879522755795,0.005,0.897690686844077,0.475999999999658,NA
"response_style",300,18,"Gifi princals",0.127124710440349,0.0972931001437579,0.00260223718210789,2.74062663927373,0.005,0.881084991561676,0.0560000000004948,NA
"response_style",300,18,"ordPens ordPCA",0.134016095632328,0.114380345633312,0.00416096253817172,2.7504859987454,0.005,0.897323828178338,0.0100000000002183,NA
"response_style",300,19,"ordpp linear",0.127769204345401,0.154868207919118,0.00908550590834961,2.78836064766374,0.005,0.924845154399633,0.436999999999898,0
"response_style",300,19,"ordpp common",0.157469463651739,0.185694424554993,0.0135636369187445,2.72548429507482,0.005,0.904020791611031,1.92999999999984,0
"response_style",300,19,"ordpp item",0.166219594326807,0.176799028878004,0.0132199787492106,2.65578411629217,0.005,0.895694333490257,36.0369999999998,0
"response_style",300,19,"PCA, equal scores",0.123681679186186,0.154154236634719,0.00946165293210909,2.74291304628568,0.005,0.918304354459651,0.00199999999995271,NA
"response_style",300,19,"Polychoric PCA",0.123063982787,0.153354575610262,0.00948827577940329,2.73207761251744,0.005,0.917609770118171,0.344000000000051,NA
"response_style",300,19,"Gifi princals",0.113268680930475,0.125599309006371,0.00640553798156224,2.68331011218194,0.005,0.911684371929747,0.102000000000317,NA
"response_style",300,19,"ordPens ordPCA",0.117665934578935,0.144656208275559,0.00848394031682518,2.72207773939541,0.005,0.916882702197234,0.012000000000171,NA
"response_style",300,20,"ordpp linear",0.166719725109952,0.112204278609194,0.00433200100848527,2.7066676189715,0.005,0.900934411125529,0.405999999999949,0
"response_style",300,20,"ordpp common",0.214005505182586,0.12828254867283,0.00878405597282758,2.46704876580548,0.005,0.864884100035784,2.49800000000005,0
"response_style",300,20,"ordpp item",0.227279008319651,0.123933448547115,0.00819362318707108,2.44238841967643,0.005,0.864844794313219,31.6079999999997,0
"response_style",300,20,"PCA, equal scores",0.160871800906397,0.10457668426298,0.00347124950461981,2.71823700178762,0.005,0.896715918608336,0.00199999999949796,NA
"response_style",300,20,"Polychoric PCA",0.161401672795744,0.104644427633806,0.00351843710553811,2.71307904686603,0.005,0.896764864399948,0.273000000000138,NA
"response_style",300,20,"Gifi princals",0.176107400068536,0.0992084212229805,0.00501001166572091,2.58373135881275,0.005,0.890217038889099,0.0450000000000728,NA
"response_style",300,20,"ordPens ordPCA",0.165110221049808,0.106158849141416,0.00411846002218062,2.71799914325772,0.005,0.896049363876641,0.0120000000006257,NA
"response_style",300,21,"ordpp linear",0.10391427856633,0.124343772503888,0.00579457127275016,2.78348048256092,0.005,0.911078773245366,0.386999999999716,0
"response_style",300,21,"ordpp common",0.138269822896018,0.150031936245328,0.010490212167478,2.61051187392501,0.005,0.885498774993907,1.53699999999935,0
"response_style",300,21,"ordpp item",0.145882447071608,0.147450131659308,0.0113725444141716,2.57822254264711,0.005,0.882793266613014,43.6680000000006,0
"response_style",300,21,"PCA, equal scores",0.10093061074476,0.118485898366732,0.00561413798548882,2.7452782388659,0.005,0.909136922996182,0.00599999999940337,NA
"response_style",300,21,"Polychoric PCA",0.10004209239233,0.117999936468811,0.00559779403132908,2.74105859111728,0.005,0.908929293807117,0.238999999999578,NA
"response_style",300,21,"Gifi princals",0.106630353912792,0.0882130035437838,0.0128407656035561,2.68872481668327,0.005,0.843326180439593,0.0609999999996944,NA
"response_style",300,21,"ordPens ordPCA",0.101113786985288,0.107172648694912,0.00736774808903431,2.75922176155281,0.005,0.897134361665401,0.0120000000006257,NA
"response_style",300,22,"ordpp linear",0.140253744970847,0.124016334973293,0.00520069666856486,2.77149719236306,0.005,0.912986722306596,0.606999999999971,0
"response_style",300,22,"ordpp common",0.159692009168701,0.148522910156693,0.00968412679693141,2.64221977581623,0.005,0.891171902961588,1.83800000000065,0
"response_style",300,22,"ordpp item",0.16634743813402,0.141269358461036,0.00884268860985788,2.6019978662827,0.005,0.89190901040264,37.3879999999999,0
"response_style",300,22,"PCA, equal scores",0.138856696693998,0.123143084369548,0.00527475024151245,2.75284520769087,0.005,0.9114152255597,0.00199999999949796,NA
"response_style",300,22,"Polychoric PCA",0.138747447710693,0.125016343017135,0.00520621917995645,2.78556871094981,0.005,0.91303702288209,0.331000000000131,NA
"response_style",300,22,"Gifi princals",0.125382850455588,0.0923793472489766,0.00265876704248401,2.68598644769058,0.005,0.906634113112956,0.0460000000002765,NA
"response_style",300,22,"ordPens ordPCA",0.133327316984607,0.108927501561057,0.00359999528023752,2.7367407046953,0.005,0.911880746499915,0.01299999999992,NA
"response_style",300,23,"ordpp linear",0.11545798489444,0.111872929531245,0.00557394030846187,2.64505540848887,0.005,0.897908014719916,0.440000000000055,0
"response_style",300,23,"ordpp common",0.139563749021258,0.131619831469318,0.00882038996412548,2.53387811595968,0.005,0.877630493865396,1.39899999999989,0
"response_style",300,23,"ordpp item",0.152671834377144,0.121121457239202,0.00763147736857679,2.46015998908224,0.005,0.874420935564756,36.9070000000002,0
"response_style",300,23,"PCA, equal scores",0.110207922583513,0.112188114400835,0.00497493338453737,2.72378383427696,0.005,0.902251133437143,0.00300000000015643,NA
"response_style",300,23,"Polychoric PCA",0.109020825255282,0.111099291219608,0.00485336423279615,2.72183759990272,0.005,0.902703624852921,0.190000000000055,NA
"response_style",300,23,"Gifi princals",0.109988356081722,0.090497382131879,0.00246629222954832,2.62549430476377,0.005,0.88974975229153,0.0650000000000546,NA
"response_style",300,23,"ordPens ordPCA",0.113062770310907,0.103164140907111,0.00330214238259985,2.69076933573345,0.005,0.897471114761337,0.012000000000171,NA
"response_style",300,24,"ordpp linear",0.192359401266087,0.107764245541515,0.00508828992959272,2.62164693644628,0.005,0.886714436803275,0.475000000000364,0
"response_style",300,24,"ordpp common",0.236552194496397,0.13095128849918,0.0102165034198189,2.43678516191117,0.005,0.869571671667153,2.3739999999998,0
"response_style",300,24,"ordpp item",0.24535249902793,0.127730153998536,0.0102655708210805,2.41058601023093,0.005,0.869625430917721,60.5230000000001,0
"response_style",300,24,"PCA, equal scores",0.188833014679286,0.11281100429449,0.00590945068203771,2.62357658576931,0.005,0.890507092303928,0.00200000000040745,NA
"response_style",300,24,"Polychoric PCA",0.187429424102744,0.113257673803918,0.00605095000103031,2.61881422343656,0.005,0.890612783802478,0.420000000000073,NA
"response_style",300,24,"Gifi princals",0.194519658896577,0.104274272684341,0.00714123918078289,2.53481176771094,0.005,0.873552679678389,0.0739999999996144,NA
"response_style",300,24,"ordPens ordPCA",0.190330793346605,0.110618745191957,0.00655553157592596,2.62120722157157,0.005,0.889450292858061,0.0180000000000291,NA
"response_style",300,25,"ordpp linear",0.133128956753263,0.124422483825119,0.00469988619975593,2.83016306298545,0.005,0.929612305059665,0.713999999999942,0
"response_style",300,25,"ordpp common",0.152180876915387,0.14754468372667,0.00870408020086279,2.70144974216785,0.005,0.912464275159455,1.75199999999995,0
"response_style",300,25,"ordpp item",0.172857821243022,0.139334927825313,0.00889736271278977,2.6184869464861,0.005,0.889949468147264,40.7360000000003,0
"response_style",300,25,"PCA, equal scores",0.128901292392819,0.119122636776913,0.00450615171123868,2.77978012097983,0.005,0.929264206156372,0.00200000000040745,NA
"response_style",300,25,"Polychoric PCA",0.128057634435921,0.11824829185264,0.00446306533340629,2.77194912146093,0.005,0.928648389946992,0.358999999999469,NA
"response_style",300,25,"Gifi princals",0.120687120489907,0.101810628556979,0.00424138013393575,2.70993460565112,0.005,0.900364229594235,0.0549999999993815,NA
"response_style",300,25,"ordPens ordPCA",0.127899449501391,0.111652052859424,0.00411785481386666,2.77010273297847,0.005,0.92372974021893,0.0109999999995125,NA
"response_style",300,26,"ordpp linear",0.13204431848337,0.134825262520697,0.00570057081131644,2.845787624583,0.005,0.911343798109947,0.341999999999643,0
"response_style",300,26,"ordpp common",0.164442477225222,0.149547531288584,0.0106245053947568,2.62540598808598,0.005,0.894446485700232,1.89300000000003,0
"response_style",300,26,"ordpp item",0.174224427941594,0.136159403820041,0.00992054341519985,2.53020408760295,0.005,0.886259491801615,34.5650000000005,0
"response_style",300,26,"PCA, equal scores",0.126891009345664,0.130668606327449,0.0060346235135304,2.76193431089391,0.005,0.900186726473979,0.00300000000061118,NA
"response_style",300,26,"Polychoric PCA",0.124663191625631,0.126621183047613,0.0059237332320879,2.72030264786825,0.005,0.89646372296275,0.213999999999942,NA
"response_style",300,26,"Gifi princals",0.11525760395224,0.121528469305612,0.00632302132176786,2.71143955511898,0.005,0.867871983150658,0.066000000000713,NA
"response_style",300,26,"ordPens ordPCA",0.12159133291144,0.130015525160023,0.00601906937271423,2.77084169652539,0.005,0.895956766263887,0.011000000000422,NA
"response_style",300,27,"ordpp linear",0.100738772820441,0.139190938282406,0.00620420773779768,2.90555031017669,0.005,0.90825489136798,0.391999999999825,0
"response_style",300,27,"ordpp common",0.133438762856235,0.165152674789716,0.0115645106428093,2.65026889447489,0.005,0.880653246151286,1.93499999999949,0
"response_style",300,27,"ordpp item",0.153712594908785,0.146036833037193,0.0105359434793954,2.52932289916317,0.005,0.876551533362275,41.3110000000006,0
"response_style",300,27,"PCA, equal scores",0.098831584901099,0.136286895174501,0.00603816070029259,2.87358186255211,0.005,0.909483913320744,0.00199999999949796,NA
"response_style",300,27,"Polychoric PCA",0.0987390974284289,0.136232385482492,0.00605926288562922,2.8703868841923,0.005,0.908321235310033,0.300999999999476,NA
"response_style",300,27,"Gifi princals",0.0859890197070353,0.104415410790097,0.00337660867561374,2.74637766022692,0.005,0.908675772820612,0.0599999999994907,NA
"response_style",300,27,"ordPens ordPCA",0.0941084272555429,0.127121646021937,0.00499451956546558,2.85856136133935,0.005,0.910671403206107,0.0119999999997162,NA
"response_style",300,28,"ordpp linear",0.109681718872957,0.120990409065949,0.00453122429208275,2.78589045757642,0.005,0.903651385759445,0.327000000000226,0
"response_style",300,28,"ordpp common",0.131894850511276,0.139339136736697,0.0089624954524603,2.56864440699789,0.005,0.893340531852045,1.72500000000036,0
"response_style",300,28,"ordpp item",0.154359982045634,0.126774973979023,0.0077997564469195,2.5284782332961,0.005,0.882862473092307,43.4200000000001,0
"response_style",300,28,"PCA, equal scores",0.101743304215425,0.122458307418033,0.00499614930396057,2.77989365642444,0.005,0.898041978211144,0.00200000000040745,NA
"response_style",300,28,"Polychoric PCA",0.101145395986732,0.121732533235951,0.00484237255303716,2.78536734901068,0.005,0.896590423865309,0.305999999999585,NA
"response_style",300,28,"Gifi princals",0.0955156112379585,0.111316717163453,0.00510380997713672,2.67716773376507,0.005,0.86827548334908,0.0760000000000218,NA
"response_style",300,28,"ordPens ordPCA",0.0995751986298887,0.121618366340504,0.00496652068855951,2.75504022435856,0.005,0.894080841229719,0.0149999999994179,NA
"response_style",300,29,"ordpp linear",0.111168393568,0.0971814834458924,0.00423580417814856,2.58677200340023,0.005,0.895846102694207,0.518000000000029,0
"response_style",300,29,"ordpp common",0.130532005790486,0.107938949516054,0.0067530527353667,2.42853746604514,0.005,0.874477098315931,1.75,0
"response_style",300,29,"ordpp item",0.139487564638747,0.105710126716467,0.00762130535653237,2.40141157024717,0.005,0.876769502228387,28.0759999999996,0
"response_style",300,29,"PCA, equal scores",0.106773377834406,0.0924785584246694,0.00416506175923162,2.51843994471442,0.005,0.895520401197681,0.00299999999970169,NA
"response_style",300,29,"Polychoric PCA",0.105801665728009,0.0908625449748803,0.00398685758803313,2.51365519473773,0.005,0.896175447387561,0.226000000000568,NA
"response_style",300,29,"Gifi princals",0.11584593271523,0.0824183420620793,0.00710242853633094,2.3997620139462,0.005,0.895755701333446,0.0819999999994252,NA
"response_style",300,29,"ordPens ordPCA",0.108550269050088,0.090252122159706,0.00535681188253423,2.5147707768012,0.005,0.900231534823224,0.0119999999997162,NA
"response_style",300,30,"ordpp linear",0.159350858886922,0.0872042768920788,0.00275594433885507,2.50530013041598,0.005,0.91623806843583,0.57300000000032,0
"response_style",300,30,"ordpp common",0.215460895836052,0.107295411790238,0.00793595457523078,2.29616315418829,0.005,0.884909454127547,2.49300000000039,0
"response_style",300,30,"ordpp item",0.225452816501496,0.0953467385988157,0.00696007845104811,2.20955431883945,0.005,0.878834045881148,41.5740000000005,0
"response_style",300,30,"PCA, equal scores",0.157552828249537,0.0885475015230917,0.0028092360491763,2.52086699801322,0.005,0.916073640232894,0.00300000000061118,NA
"response_style",300,30,"Polychoric PCA",0.157150089044618,0.0876733973232603,0.00273904257484844,2.51643080209499,0.005,0.916259418120581,0.243999999999687,NA
"response_style",300,30,"Gifi princals",0.164257951323004,0.0795713272305628,0.00303964967903058,2.39090545341221,0.005,0.910011225938025,0.0640000000003056,NA
"response_style",300,30,"ordPens ordPCA",0.161135005096646,0.0844823417565555,0.00267318202816338,2.48134559938648,0.005,0.91639338782201,0.0140000000001237,NA
"response_style",300,31,"ordpp linear",0.140500749894481,0.0837507574026537,0.00287975759588488,2.50374550286958,0.005,0.892176062819754,0.416000000000167,0
"response_style",300,31,"ordpp common",0.179386512505306,0.0969698646555166,0.00658316157431336,2.24710262565623,0.005,0.847421967709257,1.98800000000028,0
"response_style",300,31,"ordpp item",0.190125564794328,0.0921016014714553,0.00600716063437979,2.22474569091257,0.005,0.837094117099667,36.5140000000001,0
"response_style",300,31,"PCA, equal scores",0.135290903007426,0.0855497100174674,0.00308181817275691,2.46377617879739,0.005,0.881070195537779,0.00200000000040745,NA
"response_style",300,31,"Polychoric PCA",0.134533857715886,0.0855301428083231,0.00307187066934385,2.46143218161136,0.005,0.879923660394955,0.25800000000072,NA
"response_style",300,31,"Gifi princals",0.120810238015881,0.0674961198693948,0.00126618460721081,2.45153557173356,0.005,0.880766852388613,0.0469999999995707,NA
"response_style",300,31,"ordPens ordPCA",0.130081998017718,0.0788632490669063,0.00223031122077762,2.44138650643351,0.005,0.880376707241599,0.0119999999997162,NA
"response_style",300,32,"ordpp linear",0.109077119702824,0.111417063484375,0.00473354658705231,2.83694409066087,0.005,0.921456994473122,0.408000000000357,0
"response_style",300,32,"ordpp common",0.1400699034697,0.139291195413091,0.00946023374481503,2.63752238977936,0.005,0.898009077220752,1.76600000000053,0
"response_style",300,32,"ordpp item",0.164522513155677,0.14509489701058,0.0124862304337111,2.6310610279748,0.005,0.894901977917938,42.076,0
"response_style",300,32,"PCA, equal scores",0.105867060959561,0.110827423040706,0.00443447758955556,2.81463436301673,0.005,0.923578348923565,0.00200000000040745,NA
"response_style",300,32,"Polychoric PCA",0.104612945927881,0.110020244320896,0.00435759663553909,2.80191650719696,0.005,0.923230654177815,0.210999999999331,NA
"response_style",300,32,"Gifi princals",0.0976890624442636,0.0901910658002058,0.00318717505209288,2.72816873480106,0.005,0.920710243028703,0.068000000000211,NA
"response_style",300,32,"ordPens ordPCA",0.0988475090210038,0.10240809678075,0.00341414822889866,2.82200542782047,0.005,0.92592778696349,0.0100000000002183,NA
"response_style",300,33,"ordpp linear",0.127598927233585,0.117128285937046,0.006278693523876,2.61476902147352,0.005,0.898133027681174,0.319999999999709,0
"response_style",300,33,"ordpp common",0.163925820753838,0.12408151932573,0.00921866380407073,2.47512241173377,0.005,0.878804250435406,1.39100000000053,0
"response_style",300,33,"ordpp item",0.168840624018888,0.127059976136505,0.00960212391695105,2.49559556785834,0.005,0.877423936073373,24.8800000000001,0
"response_style",300,33,"PCA, equal scores",0.122228896050047,0.113929975507401,0.00634318402216229,2.5618390600093,0.005,0.887778619664347,0.00199999999949796,NA
"response_style",300,33,"Polychoric PCA",0.121371850916093,0.113503623132441,0.0063618385701006,2.55110896565601,0.005,0.8864297195094,0.320999999999913,NA
"response_style",300,33,"Gifi princals",0.136021750941344,0.12090752445616,0.00956586383376228,2.54071864060697,0.005,0.87214735376206,0.109000000000378,NA
"response_style",300,33,"ordPens ordPCA",0.129319501519707,0.118884216299584,0.00777664407831933,2.56737174652143,0.005,0.886547606339962,0.0219999999999345,NA
"response_style",300,34,"ordpp linear",0.148047743791938,0.141199724498421,0.00646636314865731,2.83868202443719,0.005,0.887022506002657,0.447999999999411,0
"response_style",300,34,"ordpp common",0.182817668104498,0.173604582712704,0.0117921233376964,2.73017790362704,0.005,0.866853326210325,1.80999999999949,0
"response_style",300,34,"ordpp item",0.193162532623331,0.172483857386981,0.0119155808381046,2.69073645196961,0.005,0.856820211114657,28.6549999999997,0
"response_style",300,34,"PCA, equal scores",0.145791046798881,0.145241256750429,0.00681271357847339,2.85934874397815,0.005,0.88630767702685,0.00199999999949796,NA
"response_style",300,34,"Polychoric PCA",0.146075096961654,0.145545638544361,0.00683009111498726,2.86104565063797,0.005,0.887220834735566,0.282000000000153,NA
"response_style",300,34,"Gifi princals",0.150156607864463,0.128389793684952,0.0072748190392784,2.56551212537149,0.005,0.851584699833238,0.0429999999996653,NA
"response_style",300,34,"ordPens ordPCA",0.147611220721166,0.146991089775618,0.00696452170751839,2.8564849271171,0.005,0.886808013849203,0.0170000000007349,NA
"response_style",300,35,"ordpp linear",0.12325526642308,0.133109036559933,0.00559845596140135,2.85755224288658,0.005,0.917178142468526,0.474999999999454,0
"response_style",300,35,"ordpp common",0.143017947461343,0.16580639287209,0.0100993862845357,2.79535952096041,0.005,0.895769281224617,1.65400000000045,0
"response_style",300,35,"ordpp item",0.150868869916275,0.16511559757285,0.0114872429401849,2.72757616788621,0.005,0.885160228207764,42.1180000000004,0
"response_style",300,35,"PCA, equal scores",0.114690757514413,0.128257943839741,0.00539832422334625,2.81462370712424,0.005,0.913005106911586,0.00200000000040745,NA
"response_style",300,35,"Polychoric PCA",0.112593785196689,0.125766803982997,0.00526860177533768,2.79400309201254,0.005,0.910886230653565,0.407000000000153,NA
"response_style",300,35,"Gifi princals",0.109503723070503,0.1132079752691,0.00602034267567805,2.79019338532861,0.005,0.889802176384706,0.135999999999513,NA
"response_style",300,35,"ordPens ordPCA",0.110358606330499,0.119373327551384,0.00485233432186815,2.81721485627565,0.005,0.911255492380806,0.0259999999998399,NA
"response_style",300,36,"ordpp linear",0.11102596407979,0.108533727931409,0.00348000466447917,2.74597201883255,0.005,0.897180438900697,0.708999999999833,0
"response_style",300,36,"ordpp common",0.126931725312618,0.134926087680304,0.00855849633326098,2.59973426455819,0.005,0.874878411889582,1.6269999999995,0
"response_style",300,36,"ordpp item",0.136164395055211,0.128255063182143,0.00875429352217506,2.50053075517792,0.005,0.866278816499398,31.3379999999997,0
"response_style",300,36,"PCA, equal scores",0.105680753396079,0.107896411351396,0.00342516542365528,2.75351625563822,0.005,0.898608181162287,0.00299999999970169,NA
"response_style",300,36,"Polychoric PCA",0.103786789131258,0.106604976841381,0.00337484833948264,2.74343008585861,0.005,0.898486164987134,0.25,NA
"response_style",300,36,"Gifi princals",0.0985807833922413,0.0881198484013738,0.00190422539158297,2.70227163170046,0.005,0.892685586276117,0.0519999999996799,NA
"response_style",300,36,"ordPens ordPCA",0.103968908195137,0.0984288397408971,0.0028225506881403,2.72146467775174,0.005,0.895265088029987,0.0180000000000291,NA
"response_style",300,37,"ordpp linear",0.117979802705406,0.131265821365089,0.00539591583527601,2.85361749262248,0.005,0.912563835536051,0.506999999999607,0
"response_style",300,37,"ordpp common",0.140921642616828,0.1544232152429,0.00981464804964632,2.72027023424368,0.005,0.893783087662459,1.6279999999997,0
"response_style",300,37,"ordpp item",0.149751097746456,0.136393021300237,0.00942121334504058,2.61240944405157,0.005,0.880416838107341,30.9880000000003,0
"response_style",300,37,"PCA, equal scores",0.113247887414717,0.12962309697642,0.00519109527851206,2.8603778221438,0.005,0.90737377035481,0.00299999999970169,NA
"response_style",300,37,"Polychoric PCA",0.112350505041055,0.129689806864916,0.00520394428728174,2.85737201167776,0.005,0.90654208350736,0.297999999999774,NA
"response_style",300,37,"Gifi princals",0.098914829987218,0.120194907643443,0.00382468087218993,2.90567827435904,0.005,0.899573911012576,0.0619999999998981,NA
"response_style",300,37,"ordPens ordPCA",0.105582312250205,0.122775717412167,0.00435343656777238,2.87118010607834,0.005,0.907649357889595,0.011000000000422,NA
"response_style",300,38,"ordpp linear",0.136706344547146,0.117259942542665,0.0039407990470183,2.85602550354317,0.005,0.911759405486963,0.625,0
"response_style",300,38,"ordpp common",0.15798570400504,0.1425810748507,0.0084106639416759,2.70164301457565,0.005,0.895872837063908,2.50799999999981,0
"response_style",300,38,"ordpp item",0.165155468998752,0.131797041007012,0.00774458411536984,2.59487315205537,0.005,0.892217701265162,36.5140000000001,0
"response_style",300,38,"PCA, equal scores",0.134256639568754,0.119680846753313,0.00394146587692308,2.89807779653729,0.005,0.907317276404357,0.00299999999970169,NA
"response_style",300,38,"Polychoric PCA",0.134587925091469,0.119971809188595,0.00403681450745537,2.89263902750995,0.005,0.907252675579034,0.270000000000437,NA
"response_style",300,38,"Gifi princals",0.131577961912687,0.0987530978617823,0.00608683560724361,2.82687843733198,0.005,0.895025525329681,0.066000000000713,NA
"response_style",300,38,"ordPens ordPCA",0.13450651348176,0.113289969036527,0.00469957890463684,2.91788758705814,0.005,0.904178152991168,0.011000000000422,NA
"response_style",300,39,"ordpp linear",0.0876478910784178,0.101899674485855,0.00307955379834114,2.69623654193119,0.005,0.899473268611356,0.738999999999578,0
"response_style",300,39,"ordpp common",0.112495553422831,0.109896275110886,0.00655105064536949,2.40992071170432,0.005,0.871733456828852,2.33899999999994,0
"response_style",300,39,"ordpp item",0.130528270366651,0.108810216039285,0.00668512083401503,2.43645369188358,0.005,0.863089614654557,39.4500000000007,0
"response_style",300,39,"PCA, equal scores",0.0812761419201624,0.106733006998564,0.00325844621505703,2.75851913616962,0.005,0.903488479934388,0.00200000000040745,NA
"response_style",300,39,"Polychoric PCA",0.0805966236779014,0.106661066927615,0.0032502054034609,2.76036909656408,0.005,0.903169752422894,0.269999999999527,NA
"response_style",300,39,"Gifi princals",0.0691152965940431,0.0826123243660761,0.00155482784598713,2.70609331619393,0.005,0.881348422387857,0.0690000000004147,NA
"response_style",300,39,"ordPens ordPCA",0.0764737764255195,0.101006528585049,0.00264444300303023,2.77497361712023,0.005,0.902216672102266,0.0119999999997162,NA
"response_style",300,40,"ordpp linear",0.106769146022331,0.0973835002270196,0.00419473609111787,2.47737718362246,0.005,0.885490931691155,0.434000000000196,0
"response_style",300,40,"ordpp common",0.118146387328731,0.117483373584664,0.0079306460192739,2.38984699298554,0.005,0.885405482014062,1.67799999999988,0
"response_style",300,40,"ordpp item",0.136242464526328,0.111118244463718,0.00814951842553263,2.30593720331768,0.005,0.877416208201088,37.3969999999999,0
"response_style",300,40,"PCA, equal scores",0.0999001045818764,0.112133571583494,0.00452671095204147,2.65495382747294,0.005,0.896802144684299,0.00200000000040745,NA
"response_style",300,40,"Polychoric PCA",0.0992878210831804,0.110623629164608,0.00442291611158753,2.64489764336817,0.005,0.895653400739962,0.391000000000531,NA
"response_style",300,40,"Gifi princals",0.0939990938823665,0.0888136436884439,0.00217338688266966,2.66025622262549,0.005,0.879767228558884,0.0540000000000873,NA
"response_style",300,40,"ordPens ordPCA",0.0958548871282785,0.102650136043634,0.00331331104888496,2.67789513107911,0.005,0.893068819815938,0.01299999999992,NA
"response_style",300,41,"ordpp linear",0.12029491866795,0.102442597551931,0.00385983073781067,2.67799174552407,0.005,0.901252232895738,0.613000000000284,0
"response_style",300,41,"ordpp common",0.144204216622761,0.129256448653288,0.00798114006671828,2.55248419461342,0.005,0.883030287116355,2.33399999999983,0
"response_style",300,41,"ordpp item",0.158758113729683,0.122116051915651,0.00957244667344512,2.44265949143573,0.005,0.867087812379741,43.1459999999997,0
"response_style",300,41,"PCA, equal scores",0.117733947216631,0.102960603183302,0.00379271000150527,2.6953429156011,0.005,0.898573765160678,0.00199999999949796,NA
"response_style",300,41,"Polychoric PCA",0.117159684056758,0.102349525433919,0.00377307058996669,2.6878710050072,0.005,0.89745593850019,0.291000000000167,NA
"response_style",300,41,"Gifi princals",0.103574466426087,0.0918796527443536,0.00359992926204973,2.66906352413416,0.005,0.8852364705093,0.0470000000004802,NA
"response_style",300,41,"ordPens ordPCA",0.114243669958284,0.0980988736864687,0.0033059445240623,2.69177314455894,0.005,0.897142596848158,0.0140000000001237,NA
"response_style",300,42,"ordpp linear",0.147152900327989,0.115923934402371,0.00752928130760117,2.43264962507736,0.005,0.875829729747495,0.515999999999622,0
"response_style",300,42,"ordpp common",0.179131251752787,0.144852236164036,0.0122026721728204,2.43918924857481,0.005,0.863157868209476,2.23700000000008,0
"response_style",300,42,"ordpp item",0.191646843052805,0.120854795572069,0.0106730551558341,2.26816695753426,0.005,0.841159979426231,43.0189999999993,0
"response_style",300,42,"PCA, equal scores",0.137964470183298,0.133741398719252,0.00876585926609536,2.59641328189898,0.005,0.889650409805823,0.00300000000061118,NA
"response_style",300,42,"Polychoric PCA",0.136826633453736,0.133806196374835,0.00881627862380697,2.59906416080272,0.005,0.890628982555569,0.298999999999978,NA
"response_style",300,42,"Gifi princals",0.142336970088202,0.104227438884128,0.00715304500629434,2.30856132365122,0.005,0.863913902557353,0.0489999999999782,NA
"response_style",300,42,"ordPens ordPCA",0.139914347138174,0.130317176031934,0.00835568010647408,2.56819777044999,0.005,0.886645845745443,0.0109999999995125,NA
"response_style",300,43,"ordpp linear",0.122069411738538,0.11673355244989,0.00369802451682173,2.86806349798408,0.005,0.917663607356732,0.524999999999636,0
"response_style",300,43,"ordpp common",0.140554864127134,0.144008425530457,0.00786606325185561,2.74426283730267,0.005,0.902009389732452,1.41499999999996,0
"response_style",300,43,"ordpp item",0.148193882701419,0.143570790592698,0.00803569544093117,2.72743684502966,0.005,0.89881452575405,36.8130000000001,0
"response_style",300,43,"PCA, equal scores",0.115771334222236,0.112393592781005,0.00357967070363764,2.8292801734169,0.005,0.917832439011289,0.00200000000040745,NA
"response_style",300,43,"Polychoric PCA",0.115575854030512,0.112956230758645,0.00358721393270867,2.83724636933944,0.005,0.918501342251844,0.314000000000306,NA
"response_style",300,43,"Gifi princals",0.104406100941946,0.0943000333832358,0.0023972041082792,2.78234295146261,0.005,0.913373588241227,0.0590000000001965,NA
"response_style",300,43,"ordPens ordPCA",0.109723492550731,0.103403599113344,0.00277798418896211,2.81194269530708,0.005,0.91825418092363,0.0119999999997162,NA
"response_style",300,44,"ordpp linear",0.081194377469577,0.098832132175759,0.00381199731296923,2.66552084709054,0.005,0.889617684561556,0.842000000000553,0
"response_style",300,44,"ordpp common",0.0992845429753342,0.126105477954906,0.00904390929750912,2.52421592613091,0.005,0.859419315149455,2.14300000000003,0
"response_style",300,44,"ordpp item",0.114746347941513,0.114608812502698,0.00995945930655518,2.44130885210783,0.005,0.840080436911964,38.3469999999998,0
"response_style",300,44,"PCA, equal scores",0.0788934952609689,0.0973554009000333,0.00439794545480071,2.62055703500184,0.005,0.886630891810421,0.00299999999970169,NA
"response_style",300,44,"Polychoric PCA",0.0790548395343952,0.0974822248794652,0.00430233597568521,2.63235873537443,0.005,0.88664076696148,0.345000000000255,NA
"response_style",300,44,"Gifi princals",0.0754718931037538,0.0700255520944642,0.00171123401681664,2.48852899383037,0.005,0.876244946378623,0.0590000000001965,NA
"response_style",300,44,"ordPens ordPCA",0.0743153044595354,0.0872948073251195,0.00363884112813495,2.58334195252064,0.005,0.886821172453586,0.0140000000001237,NA
"response_style",300,45,"ordpp linear",0.201916357373058,0.0957817464511156,0.00457006391153541,2.47108800836003,0.005,0.887114442789306,0.676000000000386,0
"response_style",300,45,"ordpp common",0.24210260474562,0.113519178577374,0.00906705383546203,2.3196368170037,0.005,0.865323995592554,2.32799999999952,0
"response_style",300,45,"ordpp item",0.24868795239822,0.111574040899838,0.00965660268160176,2.27691188972591,0.005,0.856831103154487,29.5460000000003,0
"response_style",300,45,"PCA, equal scores",0.19805380404648,0.0969100415048249,0.00446019234173867,2.51302875269481,0.005,0.891176336064422,0.00299999999970169,NA
"response_style",300,45,"Polychoric PCA",0.197218642022654,0.0969721914359689,0.0044154484929097,2.51844776426356,0.005,0.89180159444907,0.322000000000116,NA
"response_style",300,45,"Gifi princals",0.200284978372461,0.0917109773879274,0.00548027658967226,2.3975791106985,0.005,0.883108279561688,0.0429999999996653,NA
"response_style",300,45,"ordPens ordPCA",0.200628913562242,0.0978245537004495,0.00511198052060261,2.50436490787927,0.005,0.888632016990169,0.0200000000004366,NA
"response_style",300,46,"ordpp linear",0.0974402603675144,0.104722664390814,0.00370642731981295,2.66583036259392,0.005,0.887532752653305,0.430000000000291,0
"response_style",300,46,"ordpp common",0.110109021546009,0.129721555982819,0.00697267336992963,2.63805918714416,0.005,0.881278872082196,1.40999999999985,0
"response_style",300,46,"ordpp item",0.123938670127212,0.0744496635652699,0.0118668286579219,2.47295045190735,0.005,0.852434477898437,33.518,0
"response_style",300,46,"PCA, equal scores",0.0927394154521964,0.0993834709903876,0.00302656477256279,2.68245886637953,0.005,0.883286393282825,0.00199999999949796,NA
"response_style",300,46,"Polychoric PCA",0.0928157997540768,0.0989553628337731,0.00303737237288158,2.6746895101125,0.005,0.882759086713739,0.268999999999323,NA
"response_style",300,46,"Gifi princals",0.0922136328015261,0.0715097765302672,0.00457518221440006,2.62206331902934,0.005,0.874674004035554,0.0860000000002401,NA
"response_style",300,46,"ordPens ordPCA",0.0945410704922542,0.0848068332189699,0.00321724064584242,2.68339187794519,0.005,0.884614616204286,0.0149999999994179,NA
"response_style",300,47,"ordpp linear",0.142750303982583,0.121597081639433,0.0058119639342849,2.68527969533901,0.005,0.923383606805323,0.547999999999774,0
"response_style",300,47,"ordpp common",0.175821498047718,0.146163588308848,0.0102362953835941,2.57769824181301,0.005,0.897689887026812,2.06099999999969,0
"response_style",300,47,"ordpp item",0.196091852531667,0.139104539499924,0.0103830418428923,2.46703867106543,0.005,0.889764667014336,39.2390000000005,0
"response_style",300,47,"PCA, equal scores",0.138279524753171,0.116992826832568,0.00544953957298713,2.6717295404999,0.005,0.920706649861266,0.00300000000061118,NA
"response_style",300,47,"Polychoric PCA",0.137179606445022,0.113669860677766,0.00523894249869543,2.64660672978208,0.005,0.91959086392998,0.266000000000531,NA
"response_style",300,47,"Gifi princals",0.144648367131588,0.106377322074361,0.00470649753779754,2.57567323121791,0.005,0.912100938553876,0.0519999999996799,NA
"response_style",300,47,"ordPens ordPCA",0.140711746078129,0.115215945840677,0.00486715396935357,2.67658912128093,0.005,0.919674002634571,0.0120000000006257,NA
"response_style",300,48,"ordpp linear",0.16013959948925,0.0881053462746509,0.00289457739066021,2.66749607846641,0.005,0.8902008348955,0.591999999999643,0
"response_style",300,48,"ordpp common",0.216059312379896,0.102734078725328,0.0070964537587655,2.34055689103444,0.005,0.866467298331784,2.3769999999995,0
"response_style",300,48,"ordpp item",0.219876077998317,0.100306826756545,0.00744281961746565,2.30741934674309,0.005,0.864383864024369,32.9430000000002,0
"response_style",300,48,"PCA, equal scores",0.157597337465634,0.0863385484757214,0.00331655184813575,2.61966174467074,0.005,0.889040356426132,0.00299999999970169,NA
"response_style",300,48,"Polychoric PCA",0.156796098842489,0.0863966279592551,0.003364332534304,2.61405672758971,0.005,0.889132570474565,0.25,NA
"response_style",300,48,"Gifi princals",0.145007328168035,0.0685425347717304,0.00107569470011688,2.59974898094111,0.005,0.882344738269279,0.0700000000006185,NA
"response_style",300,48,"ordPens ordPCA",0.149913115519281,0.0786170320694144,0.00232648378188463,2.61879345435678,0.005,0.888830104273315,0.0140000000001237,NA
"response_style",300,49,"ordpp linear",0.105449861763747,0.0859184908946927,0.00353814202936462,2.53718106201142,0.005,0.899039841445091,0.726999999999862,0
"response_style",300,49,"ordpp common",0.138946353907281,0.101180231500461,0.00682900940269311,2.38670891763297,0.005,0.885359900774199,3.04100000000017,0
"response_style",300,49,"ordpp item",0.14675409491415,0.0954834402043679,0.00615151207217776,2.33125306450537,0.005,0.885760692401535,38.3809999999994,0
"response_style",300,49,"PCA, equal scores",0.0977773228983554,0.0873490698339699,0.00360374309642048,2.5535981526649,0.005,0.895681097237634,0.00199999999949796,NA
"response_style",300,49,"Polychoric PCA",0.0970381808468584,0.0875999195588576,0.0035965206127709,2.55332850104445,0.005,0.894196867939813,0.280999999999949,NA
"response_style",300,49,"Gifi princals",0.0811140820972747,0.0770982399668301,0.00358341393232491,2.52579539012804,0.005,0.892387756974337,0.0770000000002256,NA
"response_style",300,49,"ordPens ordPCA",0.0909607060537425,0.0831531368968406,0.0033592376706969,2.56369850015501,0.005,0.896317254840741,0.0249999999996362,NA
"response_style",300,50,"ordpp linear",0.131068287994409,0.0626729874117174,0.00122529239227501,2.34229343531111,0.005,0.882039883565443,0.654000000000451,0
"response_style",300,50,"ordpp common",0.165743883053898,0.0784559980429884,0.003797710730638,2.23471310314443,0.005,0.873105004010012,2.04899999999998,0
"response_style",300,50,"ordpp item",0.175904649352842,0.0750043156914002,0.00382378730009795,2.18689352200073,0.005,0.868323800801255,35.8980000000001,0
"response_style",300,50,"PCA, equal scores",0.130480637251995,0.0629583423396262,0.00115263473053247,2.35730180791443,0.005,0.882385989327292,0.00300000000061118,NA
"response_style",300,50,"Polychoric PCA",0.13037951029489,0.0630232074023383,0.00119306582680862,2.35197913540847,0.005,0.883772361264932,0.279999999999745,NA
"response_style",300,50,"Gifi princals",0.130074069663434,0.0569339669657352,0.00313406082167503,2.29769637467463,0.005,0.853932749995255,0.0529999999998836,NA
"response_style",300,50,"ordPens ordPCA",0.126035889361363,0.0616091002853694,0.00113758921016312,2.38442846478288,0.005,0.878015646169642,0.0159999999996217,NA
"response_style",800,1,"ordpp linear",0.117518438384909,0.151637529193478,0.00721732963581788,2.92307936393225,0.005,0.91319149573894,0.655999999999949,0
"response_style",800,1,"ordpp common",0.137769723705856,0.180198465132588,0.0120416382213247,2.79435341447277,0.005,0.89469982059189,3.40499999999975,0
"response_style",800,1,"ordpp item",0.140891934877608,0.17565708982393,0.0120249422625685,2.7481989070859,0.005,0.892372363637176,67.4570000000003,0
"response_style",800,1,"PCA, equal scores",0.114662922745152,0.144807230449771,0.00668061208004772,2.89553315619064,0.005,0.912822294421716,0.00400000000081491,NA
"response_style",800,1,"Polychoric PCA",0.114153130229443,0.14386412330485,0.00661160337503612,2.88998220975295,0.005,0.912489698294557,0.302999999999884,NA
"response_style",800,1,"Gifi princals",0.0981257515157755,0.118685234222328,0.00404721769036164,2.86513120647613,0.005,0.914292455855615,0.0650000000005093,NA
"response_style",800,1,"ordPens ordPCA",0.105289189676438,0.129836786503764,0.00503408792924864,2.8908044454091,0.005,0.914666283231163,0.0230000000001382,NA
"response_style",800,2,"ordpp linear",0.130994265866068,0.118935619407754,0.00487417308672634,2.71465088946856,0.005,0.908586301886611,0.880999999999403,0
"response_style",800,2,"ordpp common",0.162001218235812,0.13955972918378,0.00929201948939068,2.55009512020413,0.005,0.886777988045288,3.62899999999991,0
"response_style",800,2,"ordpp item",0.167224797074591,0.132547331083779,0.00901357214633827,2.49485051593285,0.005,0.878472122993189,49.7640000000001,0
"response_style",800,2,"PCA, equal scores",0.129297069783405,0.117006528697733,0.00471036779005623,2.7107214083102,0.005,0.908641507965779,0.00399999999990541,NA
"response_style",800,2,"Polychoric PCA",0.129317208202876,0.116435794380469,0.00469810128700312,2.70394914270391,0.005,0.908271863394885,0.732999999999265,NA
"response_style",800,2,"Gifi princals",0.126722208113914,0.108806351004032,0.00371139838697875,2.72310934491255,0.005,0.906402454499232,0.068000000000211,NA
"response_style",800,2,"ordPens ordPCA",0.124675429008911,0.112156249843205,0.0040927142985917,2.72019938010189,0.005,0.908977342049593,0.0279999999993379,NA
"response_style",800,3,"ordpp linear",0.14259378992421,0.119747663258897,0.00486838997482308,2.74769247731024,0.005,0.922284886100175,0.76799999999912,0
"response_style",800,3,"ordpp common",0.173220380884034,0.143890573979538,0.00926065305667892,2.62380736384549,0.005,0.900556889285092,3.6239999999998,0
"response_style",800,3,"ordpp item",0.176885169760987,0.14479314953536,0.00949232401172688,2.60112770664126,0.005,0.896404836246002,39.3130000000001,0
"response_style",800,3,"PCA, equal scores",0.137877591070888,0.118734145618903,0.0050939854696265,2.71143496798407,0.005,0.918741357877167,0.00399999999990541,NA
"response_style",800,3,"Polychoric PCA",0.136688061103327,0.118061715741818,0.0050990921704514,2.70182628084129,0.005,0.917454684297893,0.291000000000167,NA
"response_style",800,3,"Gifi princals",0.127837082554134,0.102027892867859,0.00371433667593288,2.63592361667365,0.005,0.911626232832606,0.0659999999998035,NA
"response_style",800,3,"ordPens ordPCA",0.133129145196427,0.113700965496119,0.00453250450621429,2.69707252143185,0.005,0.919466282013469,0.0279999999993379,NA
"response_style",800,4,"ordpp linear",0.118250578476095,0.105362660232671,0.00407034094677867,2.64193424858923,0.005,0.892646301358915,0.923000000000684,0
"response_style",800,4,"ordpp common",0.152215600879209,0.129317005035945,0.00876908125390376,2.48373242299641,0.005,0.869871600109403,4.33300000000054,0
"response_style",800,4,"ordpp item",0.153941430057879,0.130365915588819,0.00911845930877232,2.4730373333837,0.005,0.8668605821563,57.4449999999997,0
"response_style",800,4,"PCA, equal scores",0.117561005403465,0.10565966009294,0.00409112570651732,2.63957288003594,0.005,0.892273993221432,0.00399999999990541,NA
"response_style",800,4,"Polychoric PCA",0.117423458104273,0.105921652705295,0.00410505878692014,2.64107012429491,0.005,0.892289362880287,0.261999999999716,NA
"response_style",800,4,"Gifi princals",0.108783417998099,0.0966260453092129,0.00338648669574642,2.61576209177039,0.005,0.88985701067997,0.0749999999998181,NA
"response_style",800,4,"ordPens ordPCA",0.112100856328105,0.100921104693565,0.00370346446862243,2.63416753617012,0.005,0.891750311144283,0.0309999999999491,NA
"response_style",800,5,"ordpp linear",0.108788264801876,0.128567751101969,0.00543055282874691,2.80145565855882,0.005,0.900552751443002,1.04899999999998,0
"response_style",800,5,"ordpp common",0.130507702079542,0.156445274901088,0.0101514511445786,2.67451475356208,0.005,0.883932646607437,2.95600000000013,0
"response_style",800,5,"ordpp item",0.132794507795888,0.156979282435315,0.0104936371792349,2.65315843291218,0.005,0.881858355281167,50.2049999999999,0
"response_style",800,5,"PCA, equal scores",0.104527072698484,0.124700052246433,0.0053159463900305,2.76523842863118,0.005,0.899293318642243,0.00399999999990541,NA
"response_style",800,5,"Polychoric PCA",0.104060982806203,0.124498588529391,0.00529289413652109,2.76361070543494,0.005,0.899090760150213,0.225999999999658,NA
"response_style",800,5,"Gifi princals",0.0952421592978348,0.105803102229122,0.00357031031858472,2.72804912110458,0.005,0.895749577397906,0.0740000000005239,NA
"response_style",800,5,"ordPens ordPCA",0.0977026293724996,0.114685273596158,0.0042139204910868,2.77111735041394,0.005,0.899137125551574,0.0209999999997308,NA
"response_style",800,6,"ordpp linear",0.10695256032048,0.0993179121053546,0.00366453564045624,2.59027693388613,0.005,0.90707023064031,0.520000000000437,0
"response_style",800,6,"ordpp common",0.124062476011428,0.112415534536108,0.00646232607984926,2.48763819104847,0.005,0.887309924561195,2.66399999999976,0
"response_style",800,6,"ordpp item",0.128450905966352,0.114482810582846,0.00738314063416292,2.45224757051545,0.005,0.879022498484531,45.2129999999997,0
"response_style",800,6,"PCA, equal scores",0.105481172062656,0.0965496477330762,0.00364214347636549,2.554097660649,0.005,0.90189549238781,0.01299999999992,NA
"response_style",800,6,"Polychoric PCA",0.105086075440849,0.0959249950236418,0.00364146799594342,2.5453218307116,0.005,0.901016171093009,0.33600000000024,NA
"response_style",800,6,"Gifi princals",0.0900586695609282,0.0773762276377682,0.00200375362052951,2.51566074844913,0.005,0.895673576482601,0.0919999999996435,NA
"response_style",800,6,"ordPens ordPCA",0.0960150680423515,0.0860993764354455,0.00261634467731025,2.55145938432711,0.005,0.900974481683415,0.0330000000003565,NA
"response_style",800,7,"ordpp linear",0.125439528665551,0.134929720190824,0.00611673836147855,2.81014564991184,0.005,0.910135484625395,0.797999999999774,0
"response_style",800,7,"ordpp common",0.150012290125169,0.159578649914473,0.0106627606083105,2.68553672336608,0.005,0.89236791309084,3.4989999999998,0
"response_style",800,7,"ordpp item",0.15219993072431,0.157845264173248,0.010819441577629,2.6485036938078,0.005,0.889570276115784,50.866,0
"response_style",800,7,"PCA, equal scores",0.124170014792411,0.135457043775608,0.00605564721358638,2.82436118172987,0.005,0.910128080808097,0.00500000000010914,NA
"response_style",800,7,"Polychoric PCA",0.12448799367083,0.135804076170014,0.00609048868473676,2.82551889424385,0.005,0.910432681210694,0.283000000000357,NA
"response_style",800,7,"Gifi princals",0.113322338629461,0.12013073336266,0.00482252250778492,2.79431713899079,0.005,0.90922088953975,0.0769999999993161,NA
"response_style",800,7,"ordPens ordPCA",0.117034643315166,0.126439658520098,0.00524087369865836,2.82170999336948,0.005,0.911433023574903,0.0169999999998254,NA
"response_style",800,8,"ordpp linear",0.117781122819281,0.129189154645711,0.00604636457023738,2.80164715630687,0.005,0.913465135143691,1.39099999999962,0
"response_style",800,8,"ordpp common",0.140744632149096,0.156051001286567,0.010585661881048,2.68839576535986,0.005,0.895669753957423,3.74099999999999,0
"response_style",800,8,"ordpp item",0.14565315620434,0.153478553360373,0.0102724546552729,2.66614883048225,0.005,0.892166360382983,47.5479999999998,0
"response_style",800,8,"PCA, equal scores",0.115205999485606,0.132509917634703,0.00610410038027127,2.85400690664442,0.005,0.9170504228259,0.00399999999990541,NA
"response_style",800,8,"Polychoric PCA",0.114584848165774,0.132894252866051,0.0061408443254765,2.85828713351585,0.005,0.91733341050642,0.27599999999984,NA
"response_style",800,8,"Gifi princals",0.0999406448829322,0.112402095476505,0.00498054358130909,2.85622006447762,0.005,0.91753685303421,0.0639999999993961,NA
"response_style",800,8,"ordPens ordPCA",0.105851560498218,0.120020468003073,0.00503076261116561,2.86432431556293,0.005,0.918767531378037,0.0349999999998545,NA
"response_style",800,9,"ordpp linear",0.135669682320019,0.103517651955953,0.00398413448819335,2.6305908150031,0.005,0.902986016223084,0.725999999999658,0
"response_style",800,9,"ordpp common",0.162477278056773,0.11941322842426,0.00703307727234297,2.49596368058733,0.005,0.886924969103965,3.10699999999997,0
"response_style",800,9,"ordpp item",0.168315090482495,0.116565536111116,0.00705566216610111,2.45426730936023,0.005,0.88296751237695,57.1390000000001,0
"response_style",800,9,"PCA, equal scores",0.134418663484312,0.103597105799574,0.003985629543703,2.632735020568,0.005,0.901849724180346,0.00399999999990541,NA
"response_style",800,9,"Polychoric PCA",0.13440475254505,0.103316310631939,0.0039609182068327,2.63123353431264,0.005,0.901490725697972,0.340000000000146,NA
"response_style",800,9,"Gifi princals",0.141074711065286,0.102307161644936,0.00472217158079747,2.56799459098232,0.005,0.896679443434015,0.0670000000000073,NA
"response_style",800,9,"ordPens ordPCA",0.136790146482862,0.103269837999058,0.00427001419214393,2.61378681084082,0.005,0.900460681885064,0.0300000000006548,NA
"response_style",800,10,"ordpp linear",0.135772397907935,0.135567446069664,0.00592756887903119,2.87026289657679,0.005,0.921694537240308,1.12100000000009,0
"response_style",800,10,"ordpp common",0.163271019541584,0.166771815464658,0.0110860387943441,2.74158980344823,0.005,0.906323487314682,3.3730000000005,0
"response_style",800,10,"ordpp item",0.168469333677872,0.159077325423163,0.0109376694198917,2.69612548334715,0.005,0.902199083611906,56,0
"response_style",800,10,"PCA, equal scores",0.134018012249698,0.135071338688238,0.0058900779560312,2.87042346454403,0.005,0.922266866265459,0.00399999999990541,NA
"response_style",800,10,"Polychoric PCA",0.134054428388748,0.134936947327438,0.0058665771031443,2.87178569392587,0.005,0.922319441581635,0.171999999999571,NA
"response_style",800,10,"Gifi princals",0.123253689111857,0.123369125472621,0.00727593605265548,2.82675225580985,0.005,0.906297918956839,0.0579999999999927,NA
"response_style",800,10,"ordPens ordPCA",0.12640951234825,0.126638413676228,0.00640623095984074,2.86011329700493,0.005,0.917309115021064,0.0259999999998399,NA
"response_style",800,11,"ordpp linear",0.132421665779922,0.128802034325084,0.00521330576443587,2.83578370389753,0.005,0.91483789124626,1.29200000000037,0
"response_style",800,11,"ordpp common",0.163081403281062,0.157748848439949,0.0100010756565508,2.71178291720041,0.005,0.897803128932739,3.69999999999982,0
"response_style",800,11,"ordpp item",0.166769667602449,0.153730640905571,0.0100160954875261,2.67560540737597,0.005,0.894687079323518,40.9429999999993,0
"response_style",800,11,"PCA, equal scores",0.129460364377749,0.125195701517888,0.00506277081205702,2.8100736211871,0.005,0.912828967374072,0.00600000000031287,NA
"response_style",800,11,"Polychoric PCA",0.129264920504889,0.125111920820487,0.00508367489850151,2.8061688764533,0.005,0.912736425169453,0.279999999999745,NA
"response_style",800,11,"Gifi princals",0.122175814742411,0.112127787912607,0.00439088655816936,2.80896336937097,0.005,0.913967889864576,0.0999999999994543,NA
"response_style",800,11,"ordPens ordPCA",0.124456296942298,0.11814786891711,0.00479632800484912,2.81117956198448,0.005,0.914353362052553,0.0349999999998545,NA
"response_style",800,12,"ordpp linear",0.121707673838835,0.0977226628043392,0.00338428879953708,2.59788305396932,0.005,0.906580057982554,1.02900000000045,0
"response_style",800,12,"ordpp common",0.155625237526251,0.119885426251512,0.00809809866469778,2.41020027380755,0.005,0.885678440149658,4.26800000000003,0
"response_style",800,12,"ordpp item",0.159971795203247,0.119929838636676,0.00840716206198956,2.38369637156912,0.005,0.880207435434278,67.2300000000005,0
"response_style",800,12,"PCA, equal scores",0.120260518598843,0.0971604842994442,0.00328564012647209,2.60933041880132,0.005,0.905070607559268,0.00399999999990541,NA
"response_style",800,12,"Polychoric PCA",0.119892539312593,0.0968605245840274,0.00328098635450388,2.60573341947333,0.005,0.904372393663,0.323999999999614,NA
"response_style",800,12,"Gifi princals",0.11625637743699,0.0934717445884952,0.00269600646254519,2.61786271211815,0.005,0.901860546677168,0.0839999999998327,NA
"response_style",800,12,"ordPens ordPCA",0.117237187592322,0.0939808567313248,0.00275051102974302,2.61790297143635,0.005,0.903333077832394,0.0280000000002474,NA
"response_style",800,13,"ordpp linear",0.130038344158215,0.109948307821787,0.00401776637529756,2.70006645923248,0.005,0.90030965153194,0.798999999999978,0
"response_style",800,13,"ordpp common",0.161515799568055,0.13223575639756,0.00824439419429466,2.56109393700705,0.005,0.873956212465613,3.02099999999973,0
"response_style",800,13,"ordpp item",0.166677257874581,0.130177619964446,0.00839067394668966,2.5396408213424,0.005,0.869959097446989,44.3829999999998,0
"response_style",800,13,"PCA, equal scores",0.12893950814814,0.110749600926708,0.00408224645497694,2.70527504974692,0.005,0.901116815719922,0.00399999999990541,NA
"response_style",800,13,"Polychoric PCA",0.128738115147538,0.110901186002917,0.0040822041454215,2.70746023053545,0.005,0.901055172814161,0.257999999999811,NA
"response_style",800,13,"Gifi princals",0.117888012041819,0.101030228464762,0.00323353440819518,2.71808163807229,0.005,0.900936061288998,0.101999999999862,NA
"response_style",800,13,"ordPens ordPCA",0.122659088844007,0.103664473422053,0.00346057441008704,2.7198582160212,0.005,0.902427696135821,0.0299999999997453,NA
"response_style",800,14,"ordpp linear",0.108714315345345,0.13394910805816,0.00611641292082545,2.7941997444346,0.005,0.923322396035017,0.747000000000298,0
"response_style",800,14,"ordpp common",0.133980679018369,0.164450423538217,0.0110482285638776,2.70177331326059,0.005,0.900348654727592,3.7510000000002,0
"response_style",800,14,"ordpp item",0.140543636167987,0.15536811057868,0.0104368103116684,2.64378361114888,0.005,0.897168162750463,42.5169999999998,0
"response_style",800,14,"PCA, equal scores",0.105493249034138,0.135394241046624,0.00596687453663859,2.83485608810195,0.005,0.923400314084426,0.00399999999990541,NA
"response_style",800,14,"Polychoric PCA",0.104772030534388,0.135293948419567,0.00592029865678096,2.83837824239509,0.005,0.92321248954029,0.244999999999891,NA
"response_style",800,14,"Gifi princals",0.0986252506280246,0.101328721630339,0.00412705497879456,2.77841067328418,0.005,0.915212099933727,0.0540000000000873,NA
"response_style",800,14,"ordPens ordPCA",0.0977061941088145,0.11630370843583,0.00417526417596787,2.83854541635794,0.005,0.922841050026528,0.0389999999997599,NA
"response_style",800,15,"ordpp linear",0.115009455129118,0.134751782133535,0.0058503817686434,2.83730476341741,0.005,0.903984078801876,1.16299999999956,0
"response_style",800,15,"ordpp common",0.140487085830531,0.163025216430254,0.0106730047221985,2.71155002051266,0.005,0.889453443934192,3.92700000000059,0
"response_style",800,15,"ordpp item",0.149742706605242,0.161946450432899,0.0109805519296719,2.67320064236459,0.005,0.883066255479356,45.219,0
"response_style",800,15,"PCA, equal scores",0.113384411522738,0.13503684418494,0.00588908034984575,2.8394919737679,0.005,0.903524950201735,0.00399999999990541,NA
"response_style",800,15,"Polychoric PCA",0.113440375837119,0.134992196251838,0.00590473857701791,2.83747506359837,0.005,0.903469913225077,0.293999999999869,NA
"response_style",800,15,"Gifi princals",0.107422752330696,0.124707372854991,0.00481803679292875,2.82814493365752,0.005,0.90033188893544,0.0709999999999127,NA
"response_style",800,15,"ordPens ordPCA",0.109058491086132,0.128639443244828,0.00509175939903784,2.848684974637,0.005,0.902628467914019,0.0289999999995416,NA
"response_style",800,16,"ordpp linear",0.125505329848112,0.149167774716041,0.00724325904440107,2.86918073869353,0.005,0.918388233301377,0.769999999999527,0
"response_style",800,16,"ordpp common",0.153788865215383,0.172416460373035,0.0116138140857477,2.74224959824685,0.005,0.898798375316509,3.09099999999944,0
"response_style",800,16,"ordpp item",0.155263876517529,0.170767589818523,0.011764142452583,2.71651003631251,0.005,0.894776709160302,41.2939999999999,0
"response_style",800,16,"PCA, equal scores",0.124099597833235,0.148476921260725,0.00728111775514452,2.8625339900637,0.005,0.917373104723167,0.00499999999919964,NA
"response_style",800,16,"Polychoric PCA",0.123819932249939,0.147901042624716,0.00725129067347085,2.85886433828623,0.005,0.917596621553309,0.1850000000004,NA
"response_style",800,16,"Gifi princals",0.10928041924209,0.12429186354237,0.0050102640048946,2.79991723685383,0.005,0.914033595957336,0.0619999999998981,NA
"response_style",800,16,"ordPens ordPCA",0.114655695852568,0.136062746997404,0.00586925532386553,2.85872728648617,0.005,0.917940182663627,0.0200000000004366,NA
"response_style",800,17,"ordpp linear",0.11349892793495,0.127686079193185,0.00597529306947503,2.73400485718343,0.005,0.904573088618234,0.501000000000204,0
"response_style",800,17,"ordpp common",0.141045103270361,0.152379194579158,0.0105488767979078,2.61507868844269,0.005,0.881197331325329,2.59500000000025,0
"response_style",800,17,"ordpp item",0.144185899565719,0.152428311271616,0.0110673718588951,2.59247824886173,0.005,0.876058698677507,38.0519999999997,0
"response_style",800,17,"PCA, equal scores",0.112003286537775,0.125829772193447,0.00570663675176869,2.74156076112203,0.005,0.903872487790946,0.00299999999970169,NA
"response_style",800,17,"Polychoric PCA",0.111747232798308,0.126245196901367,0.00574155786547176,2.74375704830767,0.005,0.903595494443798,0.328000000000429,NA
"response_style",800,17,"Gifi princals",0.0920833625602427,0.0997893019736555,0.00308791998170688,2.73417349699245,0.005,0.899846084359084,0.0799999999999272,NA
"response_style",800,17,"ordPens ordPCA",0.0995546998343746,0.111763251736925,0.00416257899254162,2.74568865710534,0.005,0.904939766830617,0.0170000000007349,NA
"response_style",800,18,"ordpp linear",0.136521750407667,0.121684644221523,0.00490303030903306,2.77657564128663,0.005,0.907563399102293,1.3739999999998,0
"response_style",800,18,"ordpp common",0.170152931483617,0.152407938754558,0.0101128041183275,2.64700143613593,0.005,0.88581619993051,4.16899999999987,0
"response_style",800,18,"ordpp item",0.172733231261499,0.151925248399616,0.0105273292277451,2.60387091599557,0.005,0.88120353994604,38.9049999999997,0
"response_style",800,18,"PCA, equal scores",0.135434175003207,0.124682670904825,0.00503505864950764,2.81121208271634,0.005,0.909067468856141,0.00799999999981083,NA
"response_style",800,18,"Polychoric PCA",0.135271723509996,0.124519169356843,0.00501765137294546,2.81089317409993,0.005,0.909178387760187,0.396999999999935,NA
"response_style",800,18,"Gifi princals",0.133887076469373,0.122793273641975,0.00489221979057207,2.77904844647928,0.005,0.90724501287662,0.0990000000001601,NA
"response_style",800,18,"ordPens ordPCA",0.135961709253194,0.124129410188262,0.0048971516442701,2.80293453529393,0.005,0.908585102934435,0.0199999999995271,NA
"response_style",800,19,"ordpp linear",0.0961317880025137,0.119585756664219,0.00505989764087367,2.72385314663748,0.005,0.914728828356915,0.742999999999483,0
"response_style",800,19,"ordpp common",0.116863169950394,0.140034662763482,0.00909319422129206,2.5853425666515,0.005,0.902957920259525,2.98000000000047,0
"response_style",800,19,"ordpp item",0.121931746105827,0.135521057590338,0.009457102335392,2.52906326528479,0.005,0.90022759130401,54.2329999999993,0
"response_style",800,19,"PCA, equal scores",0.0947510248752514,0.122475672725966,0.00512386154751326,2.7643300444936,0.005,0.914840221646791,0.00399999999990541,NA
"response_style",800,19,"Polychoric PCA",0.094391145789199,0.1226426622803,0.00512059858941284,2.76751690072836,0.005,0.914878554126161,0.509000000000015,NA
"response_style",800,19,"Gifi princals",0.0781548430636238,0.0970560487560439,0.00411033447989234,2.70663112170717,0.005,0.907623314666667,0.100000000000364,NA
"response_style",800,19,"ordPens ordPCA",0.0830185440925045,0.109871622884494,0.00434846670551316,2.77232389850191,0.005,0.914948543152403,0.0270000000000437,NA
"response_style",800,20,"ordpp linear",0.145511958669677,0.0951306784751993,0.00292142021731516,2.61418584306731,0.005,0.889602199046826,0.882000000000517,0
"response_style",800,20,"ordpp common",0.18508691044265,0.114063550337848,0.00709405705812805,2.42494252610439,0.005,0.865081469129235,3.64500000000044,0
"response_style",800,20,"ordpp item",0.189219236834197,0.112170736120419,0.00705084672310053,2.40091306316885,0.005,0.864459198133318,48.4499999999998,0
"response_style",800,20,"PCA, equal scores",0.141649729216061,0.0954710239116002,0.00308773312393486,2.60029369012125,0.005,0.885758763755353,0.00500000000010914,NA
"response_style",800,20,"Polychoric PCA",0.142366522137301,0.0959370556325988,0.00308475305833208,2.60802414858919,0.005,0.88616309715771,0.342999999999847,NA
"response_style",800,20,"Gifi princals",0.133844216147509,0.0908848918373088,0.00301440843736285,2.63445826155268,0.005,0.880073873276189,0.0659999999998035,NA
"response_style",800,20,"ordPens ordPCA",0.137958957954825,0.092544617844714,0.00300167327806592,2.61760482859853,0.005,0.884019833268067,0.0309999999999491,NA
"response_style",800,21,"ordpp linear",0.118482658578418,0.13270632049696,0.00632636277969212,2.75435821167484,0.005,0.910861089029114,0.455999999999221,0
"response_style",800,21,"ordpp common",0.13946180888792,0.164337326209937,0.0111554696558372,2.69536984958542,0.005,0.901321281071897,2.22499999999945,0
"response_style",800,21,"ordpp item",0.145122728031949,0.157839687833928,0.0109725868380143,2.64023032890068,0.005,0.899265960969142,49.3339999999998,0
"response_style",800,21,"PCA, equal scores",0.117730834496678,0.135763273653955,0.00643878460346712,2.78531443611308,0.005,0.912516884794257,0.00399999999990541,NA
"response_style",800,21,"Polychoric PCA",0.117616328103705,0.135739294327327,0.00643418830394445,2.78546140681509,0.005,0.912605583299217,0.260999999999513,NA
"response_style",800,21,"Gifi princals",0.103574352004221,0.116237128727947,0.00441611606709706,2.76963954625228,0.005,0.908948669784103,0.069999999999709,NA
"response_style",800,21,"ordPens ordPCA",0.109137150129487,0.125039738722404,0.00523843407968416,2.78492542548504,0.005,0.911769838680164,0.0250000000005457,NA
"response_style",800,22,"ordpp linear",0.114585304798869,0.133139077824483,0.00598441338366832,2.78644606910815,0.005,0.904422088354428,0.556999999999789,0
"response_style",800,22,"ordpp common",0.135790214814828,0.15861805917208,0.010506975511998,2.66470598093451,0.005,0.885200131666969,2.10300000000007,0
"response_style",800,22,"ordpp item",0.1433962728839,0.153476892165401,0.0105615873258676,2.60374733228005,0.005,0.877404689624823,46.8409999999994,0
"response_style",800,22,"PCA, equal scores",0.110683637948742,0.12707479045322,0.00553371583543964,2.75992810084807,0.005,0.900151476195951,0.00399999999990541,NA
"response_style",800,22,"Polychoric PCA",0.109394061744551,0.125179140120169,0.00543035462898621,2.74463049910499,0.005,0.89851136734558,0.166000000000167,NA
"response_style",800,22,"Gifi princals",0.103796321027866,0.107882519090057,0.00358831335586401,2.73598472261193,0.005,0.891625472617719,0.0649999999995998,NA
"response_style",800,22,"ordPens ordPCA",0.105810086302494,0.117522839669801,0.00449376404595626,2.75108998193558,0.005,0.900429475517845,0.0299999999997453,NA
"response_style",800,23,"ordpp linear",0.108769902335006,0.112128484170981,0.00434630068198564,2.68128481979943,0.005,0.912572864607386,0.657000000000153,0
"response_style",800,23,"ordpp common",0.129220515739283,0.136268771907675,0.00878521921715853,2.55578883673413,0.005,0.891686145599452,2.72299999999996,0
"response_style",800,23,"ordpp item",0.136183878043607,0.133627749103145,0.00896722684386266,2.5217116642139,0.005,0.885392477093576,39.3620000000001,0
"response_style",800,23,"PCA, equal scores",0.107071422962462,0.11216297891744,0.00419056960164014,2.70530847124213,0.005,0.914145341394858,0.00399999999990541,NA
"response_style",800,23,"Polychoric PCA",0.106262690543156,0.111896543800702,0.00414689953798936,2.70714925098408,0.005,0.91412102597348,0.229000000000269,NA
"response_style",800,23,"Gifi princals",0.0948917675725017,0.0906772691934741,0.00223973633650276,2.65284257034525,0.005,0.913395835153526,0.106000000000677,NA
"response_style",800,23,"ordPens ordPCA",0.0983596943663986,0.100417464011546,0.0028297688934476,2.71900045562287,0.005,0.916131640012498,0.0230000000001382,NA
"response_style",800,24,"ordpp linear",0.118972144773349,0.117642019300842,0.00490462421163877,2.7420520433057,0.005,0.912020228905951,0.472999999999956,0
"response_style",800,24,"ordpp common",0.140554411046828,0.14028726929451,0.00873825520109117,2.63257986862239,0.005,0.894089252486863,3.05999999999949,0
"response_style",800,24,"ordpp item",0.144532474216827,0.141372857283517,0.00956001091430237,2.60677239403756,0.005,0.890526816150373,41.5720000000001,0
"response_style",800,24,"PCA, equal scores",0.117071620656918,0.121243288074548,0.00506781022447103,2.77987521399459,0.005,0.913436754531996,0.00399999999990541,NA
"response_style",800,24,"Polychoric PCA",0.116986463081976,0.121252276462702,0.00507120797937509,2.77970363216652,0.005,0.913682855362679,0.344999999999345,NA
"response_style",800,24,"Gifi princals",0.092385760209675,0.0918096285644227,0.00208509902365067,2.74853597427824,0.005,0.910465891524215,0.0819999999994252,NA
"response_style",800,24,"ordPens ordPCA",0.10262952099257,0.104167261901854,0.00318005730679239,2.78877356148628,0.005,0.914909868209054,0.0270000000000437,NA
"response_style",800,25,"ordpp linear",0.131720800376029,0.139750713608561,0.00649065954026699,2.84132963285618,0.005,0.923976611745892,1.11100000000079,0
"response_style",800,25,"ordpp common",0.1690244890139,0.166729995103238,0.0110178040093127,2.73032065467576,0.005,0.90899744624394,3.78899999999976,0
"response_style",800,25,"ordpp item",0.177594214281933,0.164898241792829,0.0111062606231625,2.70391152356392,0.005,0.905640864838101,53.3470000000007,0
"response_style",800,25,"PCA, equal scores",0.13083096371705,0.139741716093325,0.00641547554664326,2.85225746133889,0.005,0.925589282598482,0.00500000000010914,NA
"response_style",800,25,"Polychoric PCA",0.130796270197008,0.139526641817317,0.00639617236940981,2.85172053611848,0.005,0.925319129621651,0.32300000000032,NA
"response_style",800,25,"Gifi princals",0.130214404617646,0.129911559042021,0.00559665498351074,2.82341356792537,0.005,0.925097959915273,0.0549999999993815,NA
"response_style",800,25,"ordPens ordPCA",0.129858489044475,0.13572191831904,0.0058716247141762,2.8590817415307,0.005,0.926816459817743,0.0320000000001528,NA
"response_style",800,26,"ordpp linear",0.134646699010146,0.102420001589287,0.00370421974259728,2.65353418222133,0.005,0.90375793839774,1.04899999999998,0
"response_style",800,26,"ordpp common",0.163638107242296,0.125065359546038,0.00778420576000618,2.53053564445316,0.005,0.887363394646999,3.3130000000001,0
"response_style",800,26,"ordpp item",0.16746894284407,0.12306347823353,0.00782488762108077,2.50173089232188,0.005,0.884213873272867,47.2799999999997,0
"response_style",800,26,"PCA, equal scores",0.133493298087561,0.103695253714472,0.00380056245266036,2.65795679398556,0.005,0.904444512353572,0.00399999999990541,NA
"response_style",800,26,"Polychoric PCA",0.133023586079437,0.103876648420198,0.00382188733911142,2.6580190090169,0.005,0.904398490088673,0.391999999999825,NA
"response_style",800,26,"Gifi princals",0.119401709951794,0.0886105810165503,0.00261411429803848,2.62319831524495,0.005,0.902552598159341,0.0649999999995998,NA
"response_style",800,26,"ordPens ordPCA",0.122556665590155,0.095236097405622,0.00286806995257065,2.67196304967555,0.005,0.904946993217763,0.0180000000000291,NA
"response_style",800,27,"ordpp linear",0.127339871976428,0.130208903668084,0.00611417435380469,2.75951769590201,0.005,0.905815169651232,1.10999999999967,0
"response_style",800,27,"ordpp common",0.155910571452616,0.157318755963513,0.0111140348510561,2.61735374729614,0.005,0.8877302159889,3.67500000000018,0
"response_style",800,27,"ordpp item",0.161739616385738,0.150938126523547,0.0107155417721261,2.56813606878831,0.005,0.884792072217212,48.1260000000002,0
"response_style",800,27,"PCA, equal scores",0.12691685064618,0.13094633658358,0.00605671256783199,2.77420714293209,0.005,0.905552146823086,0.00399999999990541,NA
"response_style",800,27,"Polychoric PCA",0.126806267723669,0.130540592479541,0.00601108430826931,2.77311417713769,0.005,0.905628301099785,0.250999999999294,NA
"response_style",800,27,"Gifi princals",0.121443314553992,0.11651424783408,0.00461831722745576,2.73659757042851,0.005,0.905721895191413,0.0659999999998035,NA
"response_style",800,27,"ordPens ordPCA",0.124383503668969,0.124942163886475,0.00532909961422152,2.76693827990224,0.005,0.90656934606589,0.0180000000000291,NA
"response_style",800,28,"ordpp linear",0.134324092396749,0.108287233397258,0.00452263977870616,2.64937419657842,0.005,0.897805384462349,1.64400000000023,0
"response_style",800,28,"ordpp common",0.172004676551876,0.127165008718746,0.00910373259628787,2.4617477038814,0.005,0.87335504160645,3.14900000000034,0
"response_style",800,28,"ordpp item",0.180702163241686,0.124770796550368,0.00980189618937755,2.42853539699923,0.005,0.865074213614599,49.5159999999996,0
"response_style",800,28,"PCA, equal scores",0.132211119891283,0.10516226797696,0.00435185535493836,2.61928703431366,0.005,0.897178852891408,0.00399999999990541,NA
"response_style",800,28,"Polychoric PCA",0.131140721296628,0.10382078986853,0.00428020590374949,2.60630190354061,0.005,0.897130675618473,0.16399999999976,NA
"response_style",800,28,"Gifi princals",0.123850188926015,0.0963923088501082,0.00438537607714906,2.56485308808836,0.005,0.892521994804669,0.0670000000000073,NA
"response_style",800,28,"ordPens ordPCA",0.126668955458338,0.101649460235009,0.00421934126326787,2.62329446990059,0.005,0.895868146096723,0.0209999999997308,NA
"response_style",800,29,"ordpp linear",0.0954963759458207,0.126044782526348,0.00534786094988926,2.76529989665917,0.005,0.90623138136211,1.125,0
"response_style",800,29,"ordpp common",0.11963280403683,0.15119401090703,0.00999603833925351,2.64568700393465,0.005,0.887725875770111,3.52300000000014,0
"response_style",800,29,"ordpp item",0.122411709263225,0.149756040348351,0.0102974939541229,2.61901291574575,0.005,0.882537021416622,40.7980000000007,0
"response_style",800,29,"PCA, equal scores",0.0946868166288783,0.12542572215901,0.00507515004349468,2.78756687317252,0.005,0.906230486972697,0.00399999999990541,NA
"response_style",800,29,"Polychoric PCA",0.0945065398105344,0.125416086255486,0.00505561086828385,2.78915179934927,0.005,0.905938000976081,0.255000000000109,NA
"response_style",800,29,"Gifi princals",0.0797274460178858,0.0935426721260585,0.00264320692665643,2.7108004670973,0.005,0.894993988334,0.0919999999996435,NA
"response_style",800,29,"ordPens ordPCA",0.08531131843001,0.107311801449259,0.00359830974085285,2.75548137268449,0.005,0.902903295246979,0.0230000000001382,NA
"response_style",800,30,"ordpp linear",0.0930424465050241,0.118986619690571,0.00519299400829789,2.69629394221656,0.005,0.91754601256962,0.739000000000487,0
"response_style",800,30,"ordpp common",0.109735690352818,0.145370393199723,0.00970048661937971,2.62522208197949,0.005,0.897995687489692,2.76700000000073,0
"response_style",800,30,"ordpp item",0.114312023539924,0.144418488475277,0.00987655943818621,2.58543925159955,0.005,0.893201756827823,44.1390000000001,0
"response_style",800,30,"PCA, equal scores",0.091470594898418,0.12353664385914,0.00540931469497613,2.73228953250661,0.005,0.918167488993074,0.00399999999990541,NA
"response_style",800,30,"Polychoric PCA",0.0914772052577753,0.123816104103581,0.00544435996428219,2.7323380987483,0.005,0.918431069010225,0.309000000000196,NA
"response_style",800,30,"Gifi princals",0.0686269713814718,0.0931856407353124,0.0026012683344422,2.71471994409698,0.005,0.917054345089091,0.101000000000568,NA
"response_style",800,30,"ordPens ordPCA",0.0807709161665047,0.105811625080402,0.0034712126235813,2.7431050434755,0.005,0.920565635432475,0.0450000000000728,NA
"response_style",800,31,"ordpp linear",0.126784379691047,0.103133264518611,0.00373928923624022,2.60394271727854,0.005,0.89991222664019,1.0649999999996,0
"response_style",800,31,"ordpp common",0.146547886843344,0.124054027439722,0.00803979878199476,2.46468598642945,0.005,0.882632756915961,3.18000000000029,0
"response_style",800,31,"ordpp item",0.153443484180497,0.112969186874793,0.00751736082300145,2.38823732821119,0.005,0.872301199772538,52.326,0
"response_style",800,31,"PCA, equal scores",0.123811294782036,0.104566852567994,0.00359360531392224,2.65054004272236,0.005,0.898637881420556,0.00399999999990541,NA
"response_style",800,31,"Polychoric PCA",0.123213950437217,0.103710002785181,0.00356166389716325,2.64303056331259,0.005,0.897739744979103,0.221999999999753,NA
"response_style",800,31,"Gifi princals",0.11115058282449,0.0873758241270876,0.00157181966588809,2.69764308772685,0.005,0.897389143347245,0.0940000000000509,NA
"response_style",800,31,"ordPens ordPCA",0.116104749273318,0.092112264690144,0.00220947574517787,2.66147901148859,0.005,0.897673386173063,0.024000000000342,NA
"response_style",800,32,"ordpp linear",0.134119387620313,0.100232488032654,0.00361347128815656,2.6328257237333,0.005,0.893319627349952,0.929999999999382,0
"response_style",800,32,"ordpp common",0.158995615690686,0.123939919977804,0.00767693048591222,2.51552290148582,0.005,0.875496671164709,3.33600000000024,0
"response_style",800,32,"ordpp item",0.165809858380672,0.122909673143695,0.00794105392512609,2.47086083819844,0.005,0.871382210540254,43.393,0
"response_style",800,32,"PCA, equal scores",0.132848887008817,0.101600805994802,0.00375414370357539,2.63410192556288,0.005,0.892001079310112,0.00399999999990541,NA
"response_style",800,32,"Polychoric PCA",0.132868597366108,0.100649091147057,0.00369280721408191,2.62617234294627,0.005,0.891673287849919,0.244999999999891,NA
"response_style",800,32,"Gifi princals",0.125563406334394,0.0936800287390257,0.00279488043177703,2.62191058437976,0.005,0.891231054182564,0.0690000000004147,NA
"response_style",800,32,"ordPens ordPCA",0.127117780644741,0.0965619663811227,0.00301903151397089,2.63218932462902,0.005,0.893512662306384,0.0250000000005457,NA
"response_style",800,33,"ordpp linear",0.110798803048717,0.108725976784965,0.00361769041773583,2.75883595627573,0.005,0.910213431245564,1.16200000000026,0
"response_style",800,33,"ordpp common",0.138305771237969,0.122114245325919,0.00711961674304576,2.55021233265581,0.005,0.893667227813854,3.82700000000023,0
"response_style",800,33,"ordpp item",0.144170698655841,0.121981716381735,0.00804008974662412,2.51048336745354,0.005,0.890433781943981,39.1639999999998,0
"response_style",800,33,"PCA, equal scores",0.109545664157822,0.107064042047149,0.00345468043510137,2.75993373025671,0.005,0.909805090589082,0.00399999999990541,NA
"response_style",800,33,"Polychoric PCA",0.109307312275062,0.107255316428159,0.00347842335851086,2.75942770227806,0.005,0.909890295280833,0.238999999999578,NA
"response_style",800,33,"Gifi princals",0.0961808536809832,0.0896431506640674,0.00191246639482916,2.74149431644912,0.005,0.911058508100792,0.0839999999998327,NA
"response_style",800,33,"ordPens ordPCA",0.101084315433016,0.0975990609855344,0.00257416779510271,2.78281220986415,0.005,0.912285826934343,0.0249999999996362,NA
"response_style",800,34,"ordpp linear",0.126843487630035,0.112780921197114,0.0050667537223096,2.64667824804134,0.005,0.904151485131298,1.34100000000035,0
"response_style",800,34,"ordpp common",0.15751399449646,0.13682463591664,0.00919720202576629,2.52271311926273,0.005,0.873352816170027,3.99600000000009,0
"response_style",800,34,"ordpp item",0.168911979102622,0.128378385201265,0.00924015885496749,2.42145812708342,0.005,0.866651229211204,40.4129999999996,0
"response_style",800,34,"PCA, equal scores",0.12306777970745,0.113593721528578,0.00490173856960755,2.68193840069308,0.005,0.903175549005276,0.00399999999990541,NA
"response_style",800,34,"Polychoric PCA",0.121845424688255,0.112908663687877,0.00481704499351826,2.68133379549777,0.005,0.902612354758285,0.163000000000466,NA
"response_style",800,34,"Gifi princals",0.114752355474068,0.100851763356496,0.00335740843127655,2.6535241010337,0.005,0.899032535325919,0.0599999999994907,NA
"response_style",800,34,"ordPens ordPCA",0.120353779632949,0.108267050833343,0.00410013154232627,2.67311236824322,0.005,0.903791051734085,0.0270000000000437,NA
"response_style",800,35,"ordpp linear",0.111678007330168,0.117545984923461,0.00557360576635512,2.6753980843546,0.005,0.919537731377744,1.10400000000027,0
"response_style",800,35,"ordpp common",0.133901485786789,0.13293738759244,0.00875828628966343,2.52780600901563,0.005,0.896051970839368,3.82899999999972,0
"response_style",800,35,"ordpp item",0.136137426587832,0.135692974964004,0.00939748581861566,2.52167153773575,0.005,0.892678028178994,39.7950000000001,0
"response_style",800,35,"PCA, equal scores",0.110878826956554,0.115658539416722,0.00549041637685834,2.65670876240026,0.005,0.917448242589621,0.00399999999990541,NA
"response_style",800,35,"Polychoric PCA",0.110775703103914,0.116081824577429,0.00551581120315895,2.66040300783782,0.005,0.917821098195349,0.320999999999913,NA
"response_style",800,35,"Gifi princals",0.0910711846578108,0.0934618269649735,0.00325307989845686,2.66563811158027,0.005,0.921103461864399,0.0879999999997381,NA
"response_style",800,35,"ordPens ordPCA",0.0988564204411197,0.102561706553007,0.00411686413218943,2.66084292585682,0.005,0.92040729862945,0.0249999999996362,NA
"response_style",800,36,"ordpp linear",0.126486713026124,0.116925616553878,0.0050835094880878,2.70213289892059,0.005,0.906673288355473,0.581000000000131,0
"response_style",800,36,"ordpp common",0.153578850547352,0.145913779726704,0.0102274585007061,2.57493788439233,0.005,0.886138742634883,2.72900000000027,0
"response_style",800,36,"ordpp item",0.158623741540142,0.145968553748667,0.0103543802091802,2.55081424385873,0.005,0.885299415298576,37.2390000000005,0
"response_style",800,36,"PCA, equal scores",0.124698237506874,0.115219954996796,0.0050146034836333,2.69005627820028,0.005,0.906345636166089,0.00399999999990541,NA
"response_style",800,36,"Polychoric PCA",0.124662844112568,0.115102087381212,0.00502784845944912,2.68857650733306,0.005,0.906487676278296,0.359999999999673,NA
"response_style",800,36,"Gifi princals",0.11006509980537,0.094483508538222,0.00265298240048284,2.66083256958897,0.005,0.901544361737186,0.0579999999999927,NA
"response_style",800,36,"ordPens ordPCA",0.113307822753384,0.102636305812576,0.00335793476286248,2.67654134444502,0.005,0.905048593283424,0.0320000000001528,NA
"response_style",800,37,"ordpp linear",0.10306145052697,0.114574708754251,0.00457205857012901,2.71091403093528,0.005,0.902910416873251,1.18100000000049,0
"response_style",800,37,"ordpp common",0.119825664299384,0.132698309316272,0.00808502652249511,2.57666552963317,0.005,0.885106961495691,2.9399999999996,0
"response_style",800,37,"ordpp item",0.126667846828677,0.136331197959808,0.00989602688514646,2.5624838843968,0.005,0.874742473968676,37.8450000000003,0
"response_style",800,37,"PCA, equal scores",0.101928763122225,0.115209866927018,0.00445901258088462,2.7398615057125,0.005,0.904432778470283,0.00399999999990541,NA
"response_style",800,37,"Polychoric PCA",0.101648469673746,0.115076045854552,0.00444259262621135,2.74056574933558,0.005,0.904512914797115,0.197000000000116,NA
"response_style",800,37,"Gifi princals",0.0785343323618002,0.0866234077873868,0.00167829693386434,2.73520052204671,0.005,0.904672420281829,0.102999999999156,NA
"response_style",800,37,"ordPens ordPCA",0.0881165086526781,0.0988256899377924,0.00278110887262485,2.76712809601265,0.005,0.907569422317989,0.0219999999999345,NA
"response_style",800,38,"ordpp linear",0.121031268945259,0.116424079684491,0.00438343286059012,2.756380022719,0.005,0.909714893580068,0.730000000000473,0
"response_style",800,38,"ordpp common",0.147563026892936,0.137147702243558,0.00894723097153877,2.58921418868295,0.005,0.884734741559557,2.85000000000036,0
"response_style",800,38,"ordpp item",0.155297327287228,0.134509127414378,0.0100980978073138,2.53082006351878,0.005,0.870613022178051,45.7969999999996,0
"response_style",800,38,"PCA, equal scores",0.118891565686297,0.11257403138259,0.00420951592967603,2.72547644093262,0.005,0.906523613378678,0.00399999999990541,NA
"response_style",800,38,"Polychoric PCA",0.118336759280209,0.111651337450733,0.00415986553506409,2.71801185004061,0.005,0.906067308605858,0.171000000000276,NA
"response_style",800,38,"Gifi princals",0.100775296030438,0.0804907387798289,0.00188106911259159,2.63188834725796,0.005,0.898429118733766,0.068000000000211,NA
"response_style",800,38,"ordPens ordPCA",0.105332703919548,0.0961326032647651,0.00260576357459792,2.71947427820839,0.005,0.906542297881023,0.0319999999992433,NA
"response_style",800,39,"ordpp linear",0.124625524113757,0.114012555348143,0.00415248962001012,2.75318644306866,0.005,0.913457945594587,1.13799999999992,0
"response_style",800,39,"ordpp common",0.159769437517409,0.13579453875554,0.00866588835179704,2.58085928097598,0.005,0.891902471562422,3.75500000000011,0
"response_style",800,39,"ordpp item",0.163639933654274,0.135283302557336,0.00909195886841196,2.53516448003526,0.005,0.891166264322622,46.2339999999995,0
"response_style",800,39,"PCA, equal scores",0.122444631317616,0.115152960628501,0.00413911504581026,2.77383037235594,0.005,0.914164684839014,0.00399999999990541,NA
"response_style",800,39,"Polychoric PCA",0.121938328931248,0.115049294544574,0.0041686969764522,2.76782492141433,0.005,0.91433337131832,0.221999999999753,NA
"response_style",800,39,"Gifi princals",0.109336253132774,0.102961823101689,0.00305263949015144,2.74524181190369,0.005,0.913640615490234,0.0670000000000073,NA
"response_style",800,39,"ordPens ordPCA",0.116023755358987,0.109508677503203,0.00354732036120826,2.77081374121306,0.005,0.91452310068371,0.0270000000000437,NA
"response_style",800,40,"ordpp linear",0.124549955521885,0.131393752060304,0.00640254064096668,2.74095505538002,0.005,0.899912409067151,0.566000000000713,0
"response_style",800,40,"ordpp common",0.159013680075252,0.159124389961737,0.0115299063521064,2.62307896004977,0.005,0.881307591038866,3.50699999999961,0
"response_style",800,40,"ordpp item",0.165830211971207,0.154813570654907,0.0110561435297771,2.59996530008175,0.005,0.876320475286605,65.96,0
"response_style",800,40,"PCA, equal scores",0.123268642501426,0.130461743378566,0.00620084422743083,2.74988092216683,0.005,0.898760887065803,0.00399999999990541,NA
"response_style",800,40,"Polychoric PCA",0.122741231612808,0.130189282243114,0.00614583456052384,2.75149085123021,0.005,0.898399961474825,0.160000000000764,NA
"response_style",800,40,"Gifi princals",0.127174556526337,0.126678411476497,0.00610955315627443,2.72937535274182,0.005,0.893948391520206,0.0469999999995707,NA
"response_style",800,40,"ordPens ordPCA",0.124758946794153,0.128728458835998,0.00624527011192782,2.73697508005959,0.005,0.898498416820534,0.0159999999996217,NA
"response_style",800,41,"ordpp linear",0.123672128422143,0.100592421775797,0.00307219946298054,2.68458544567003,0.005,0.898674303111383,0.902000000000044,0
"response_style",800,41,"ordpp common",0.147516013741812,0.124136792055264,0.00733722029288035,2.53689051505451,0.005,0.881363496988789,3.03200000000015,0
"response_style",800,41,"ordpp item",0.150993549984296,0.121818033868361,0.00734854075306799,2.50769252481854,0.005,0.877807053462612,34.4840000000004,0
"response_style",800,41,"PCA, equal scores",0.12226553819664,0.0998822486199612,0.00294909675037893,2.70083131993673,0.005,0.897747719518,0.00399999999990541,NA
"response_style",800,41,"Polychoric PCA",0.121991349966626,0.0997852891275746,0.00293233170080345,2.7023175788232,0.005,0.897646752813608,0.315999999999804,NA
"response_style",800,41,"Gifi princals",0.114514745149103,0.0869116682812128,0.00195736754260102,2.64543008019053,0.005,0.89657489884842,0.0670000000000073,NA
"response_style",800,41,"ordPens ordPCA",0.116461242248244,0.0935349822990922,0.00229918251575798,2.69965623581608,0.005,0.898534922646382,0.0200000000004366,NA
"response_style",800,42,"ordpp linear",0.130180121580263,0.122254476430763,0.00475359907568956,2.79171138924212,0.005,0.904047542903707,0.973999999999251,0
"response_style",800,42,"ordpp common",0.156614285842501,0.151465382031668,0.00986602754108431,2.66499717731687,0.005,0.885604632587037,3.50799999999981,0
"response_style",800,42,"ordpp item",0.165239489444153,0.144981912401142,0.009748927439746,2.58803786920184,0.005,0.880680354788576,43.2039999999997,0
"response_style",800,42,"PCA, equal scores",0.129280799405786,0.121811784402285,0.00471018205347446,2.79507744843243,0.005,0.902844600935438,0.00399999999990541,NA
"response_style",800,42,"Polychoric PCA",0.128666323261662,0.121278121730853,0.00470049197791475,2.78748421116409,0.005,0.902179170685245,0.166999999999462,NA
"response_style",800,42,"Gifi princals",0.125213512076191,0.106746211205626,0.00395428201753466,2.68991665976968,0.005,0.893126761550333,0.0610000000006039,NA
"response_style",800,42,"ordPens ordPCA",0.126860187012012,0.115895006559759,0.0042516933227107,2.78179822286364,0.005,0.90345765301874,0.0230000000001382,NA
"response_style",800,43,"ordpp linear",0.127357968263715,0.11094981327118,0.00438216671968363,2.66812010801528,0.005,0.908652166386467,0.445999999999913,0
"response_style",800,43,"ordpp common",0.157186189080115,0.134577952057342,0.00852945400358265,2.55886731106616,0.005,0.883596309210256,2.44800000000032,0
"response_style",800,43,"ordpp item",0.161494797656641,0.130562967891331,0.00852489187498359,2.50814061713237,0.005,0.878457294147358,38.223,0
"response_style",800,43,"PCA, equal scores",0.122405159334252,0.110603540292087,0.00407864062386461,2.70320042506028,0.005,0.909265172847767,0.00299999999970169,NA
"response_style",800,43,"Polychoric PCA",0.121709359550398,0.110217208907135,0.00403185597831405,2.70325470798589,0.005,0.909175184575105,0.144999999999527,NA
"response_style",800,43,"Gifi princals",0.103492561942782,0.0849500200695406,0.00199142474232551,2.63682504616798,0.005,0.908103972602337,0.0720000000001164,NA
"response_style",800,43,"ordPens ordPCA",0.109758272985759,0.096119303286433,0.00256430950991915,2.70284851792406,0.005,0.911831229634879,0.0180000000000291,NA
"response_style",800,44,"ordpp linear",0.111197567062177,0.142191356654951,0.0067145294909866,2.86420336110555,0.005,0.919236586193696,0.940999999999804,0
"response_style",800,44,"ordpp common",0.137650087534833,0.172668426058898,0.0115436011463266,2.75197325970411,0.005,0.905038032850302,3.22500000000036,0
"response_style",800,44,"ordpp item",0.141591844369331,0.16836494521505,0.0113120203789604,2.71765584554628,0.005,0.901546317187158,33.4930000000004,0
"response_style",800,44,"PCA, equal scores",0.11011328371463,0.13938181910241,0.00648667517607413,2.85431022999427,0.005,0.91935036589285,0.00399999999990541,NA
"response_style",800,44,"Polychoric PCA",0.109770019320012,0.138969584414479,0.00644756235876609,2.85323696744667,0.005,0.919392707290431,0.199999999999818,NA
"response_style",800,44,"Gifi princals",0.0930238880933198,0.119474222360089,0.00423750950375498,2.84057852955724,0.005,0.919221594118258,0.0590000000001965,NA
"response_style",800,44,"ordPens ordPCA",0.0996830768118097,0.126294524140294,0.00492264906817638,2.84761077904479,0.005,0.920678649883444,0.0270000000000437,NA
"response_style",800,45,"ordpp linear",0.132332292974314,0.130270655320499,0.00564461184509581,2.85611474638285,0.005,0.912710338626886,1.74399999999969,0
"response_style",800,45,"ordpp common",0.163997386813494,0.16467640487548,0.0113363767750545,2.69544399637682,0.005,0.889963744861216,4.46299999999974,0
"response_style",800,45,"ordpp item",0.171948552844856,0.162292935066024,0.0116906238838201,2.66626611921698,0.005,0.886023046802233,44.6809999999996,0
"response_style",800,45,"PCA, equal scores",0.130038953763623,0.128695323754181,0.00556735138223074,2.84885487665186,0.005,0.910696424732487,0.00399999999990541,NA
"response_style",800,45,"Polychoric PCA",0.129709609912408,0.128187665819694,0.00554813775674557,2.8443174035933,0.005,0.910450659798978,0.3100000000004,NA
"response_style",800,45,"Gifi princals",0.12429795889411,0.120542544823081,0.00501714904309488,2.87416290686327,0.005,0.909111378505679,0.0609999999996944,NA
"response_style",800,45,"ordPens ordPCA",0.1261640076004,0.123126555757622,0.00519924891937202,2.86313584978499,0.005,0.910648308648441,0.0189999999993233,NA
"response_style",800,46,"ordpp linear",0.11047298032435,0.102158136467851,0.00326723704272495,2.70024466181501,0.005,0.913285018493359,1.09200000000055,0
"response_style",800,46,"ordpp common",0.13036410863157,0.125521353633234,0.00741009999847616,2.55124752936867,0.005,0.892840168008896,3.31900000000041,0
"response_style",800,46,"ordpp item",0.138042744954264,0.120408541309237,0.00837385194733357,2.50341871106011,0.005,0.880493513405013,47.5819999999994,0
"response_style",800,46,"PCA, equal scores",0.109836093579532,0.102550518321717,0.00319876836701954,2.71853745169202,0.005,0.913512049809719,0.00399999999990541,NA
"response_style",800,46,"Polychoric PCA",0.109629533441565,0.103562505969211,0.00324398526377712,2.72773407716198,0.005,0.913393120789219,0.164999999999964,NA
"response_style",800,46,"Gifi princals",0.093821099907362,0.0846562545458883,0.00171545307404064,2.7656064021628,0.005,0.909415414857233,0.0829999999996289,NA
"response_style",800,46,"ordPens ordPCA",0.101210647217449,0.0909157886869785,0.00205320386762305,2.74488806359612,0.005,0.914393470432573,0.0300000000006548,NA
"response_style",800,47,"ordpp linear",0.120041703828417,0.119103086286118,0.00483631443339233,2.7574983982138,0.005,0.910977051022524,0.662000000000262,0
"response_style",800,47,"ordpp common",0.143970787492566,0.138289196255358,0.00874024880634647,2.62112607874816,0.005,0.891552616799249,2.49600000000009,0
"response_style",800,47,"ordpp item",0.150415673652172,0.132985196245952,0.00950192372547084,2.57810018398125,0.005,0.885525356565012,47.0259999999998,0
"response_style",800,47,"PCA, equal scores",0.118282290624706,0.119536590197494,0.0048680447285518,2.76066822081312,0.005,0.909743227579364,0.00399999999990541,NA
"response_style",800,47,"Polychoric PCA",0.11839011916254,0.119675493897036,0.00487351339013331,2.76264169021423,0.005,0.91013243847178,0.277000000000044,NA
"response_style",800,47,"Gifi princals",0.105823322919441,0.105370234560708,0.00332645886507433,2.74966716688977,0.005,0.906906022304428,0.0789999999997235,NA
"response_style",800,47,"ordPens ordPCA",0.110944670755093,0.11162594958309,0.00398276809037327,2.7622548953766,0.005,0.909958752429387,0.0210000000006403,NA
"response_style",800,48,"ordpp linear",0.096115472948296,0.122993864386834,0.00540969378809207,2.72439462334092,0.005,0.911601515136209,0.697000000000116,0
"response_style",800,48,"ordpp common",0.110894459370773,0.146708505161959,0.00920660781392309,2.64720625510237,0.005,0.90177399099973,2.73700000000008,0
"response_style",800,48,"ordpp item",0.11829547983792,0.146055132363745,0.00952305381677654,2.6223613749508,0.005,0.897819112339623,38.6849999999995,0
"response_style",800,48,"PCA, equal scores",0.0953600607142928,0.122374461907604,0.00525330429084256,2.73834281172721,0.005,0.91093716396399,0.00399999999990541,NA
"response_style",800,48,"Polychoric PCA",0.0951355172000794,0.1224761880292,0.00520524498335288,2.74585355499439,0.005,0.911026597128833,0.1899999999996,NA
"response_style",800,48,"Gifi princals",0.0842795561705069,0.107627228231745,0.00433342912952064,2.75347950781963,0.005,0.912211181257042,0.0650000000005093,NA
"response_style",800,48,"ordPens ordPCA",0.0889777744021325,0.111807288001651,0.00438374953731404,2.74425450400006,0.005,0.912139333371688,0.0270000000000437,NA
"response_style",800,49,"ordpp linear",0.112552451837768,0.135762979119979,0.00604863782501353,2.82360469380636,0.005,0.914212377386408,0.563000000000102,0
"response_style",800,49,"ordpp common",0.137637763380472,0.169565950351265,0.0116932369940935,2.70082605272617,0.005,0.892980498340561,2.64300000000003,0
"response_style",800,49,"ordpp item",0.14162818733916,0.166474330099655,0.012122777092901,2.65084789013137,0.005,0.886555717873222,34.2660000000005,0
"response_style",800,49,"PCA, equal scores",0.110865646246736,0.138041254022582,0.0061282607023981,2.85730038979873,0.005,0.913566268167254,0.00399999999990541,NA
"response_style",800,49,"Polychoric PCA",0.110407425706778,0.138076220270474,0.0061413385422729,2.8565805532673,0.005,0.913563106448601,0.166000000000167,NA
"response_style",800,49,"Gifi princals",0.092110004562505,0.112877006460118,0.00350304669247783,2.84092372103316,0.005,0.915082342709947,0.0740000000005239,NA
"response_style",800,49,"ordPens ordPCA",0.0991968274852439,0.120996731805049,0.00424786925694985,2.85917753504261,0.005,0.915514322659315,0.0190000000002328,NA
"response_style",800,50,"ordpp linear",0.107591686009304,0.105551891866803,0.00443051317718955,2.59568429283662,0.005,0.902825639582095,1.21599999999944,0
"response_style",800,50,"ordpp common",0.132545088827868,0.125491867669117,0.00840821927061741,2.47032414158495,0.005,0.882274490655821,3.41399999999976,0
"response_style",800,50,"ordpp item",0.134279993279115,0.125830106769113,0.0087634629351487,2.45494762415572,0.005,0.879006541802956,41.2089999999998,0
"response_style",800,50,"PCA, equal scores",0.106264932335149,0.102600610470399,0.00423692900474767,2.57952490484385,0.005,0.901316444653413,0.00900000000001455,NA
"response_style",800,50,"Polychoric PCA",0.106104228054026,0.102063807500735,0.00420722658283223,2.57490938988229,0.005,0.901581690840419,0.179000000000087,NA
"response_style",800,50,"Gifi princals",0.0915703197381067,0.0853627850784452,0.00251102455558764,2.568504858613,0.005,0.895144511128529,0.0609999999996944,NA
"response_style",800,50,"ordPens ordPCA",0.0987093636540108,0.0940012898142052,0.00323083276756326,2.58974903383766,0.005,0.900444519123665,0.032999999999447,NA
